primary_keyword,volume,kd,cpc,ai_overview,axis,licensed_character,recommendation
christmas coloring pages,60500,33,0.86,no,season-holiday,no,BUILD
hello kitty coloring pages,49500,26,1.53,no,other,YES,SKIP-licensed
kpop demon hunters coloring pages,40500,25,0.8,no,other,YES,SKIP-licensed
bluey coloring pages,33100,25,0.71,no,other,YES,SKIP-licensed
cute coloring pages,33100,35,1.69,no,style-cute,no,BUILD
halloween coloring pages,27100,29,0.37,no,season-holiday,no,BUILD
sonic coloring pages,27100,24,0.4,no,other,YES,SKIP-licensed
stitch coloring pages,27100,26,0.51,no,other,YES,SKIP-licensed
unicorn coloring pages,27100,18,0.45,no,animals,no,BUILD
crayola coloring pages,22200,33,0.02,no,other,no,BUILD
dinosaur coloring pages,22200,28,0.4,no,animals,no,BUILD
flower coloring pages,22200,34,0.69,no,nature-flowers,no,BUILD
labubu coloring pages,22200,27,0.0,no,other,YES,SKIP-licensed
minecraft coloring pages,22200,31,0.0,no,other,YES,SKIP-licensed
paw patrol coloring pages,22200,22,0.86,no,other,YES,SKIP-licensed
princess coloring pages,22200,30,0.42,no,other,no,BUILD
spiderman coloring pages,22200,28,9.46,no,other,YES,SKIP-licensed
spring coloring pages,22200,19,0.28,no,season-holiday,no,BUILD
cat coloring pages,18100,19,0.43,no,animals,no,BUILD
easter coloring pages,18100,33,0.29,no,season-holiday,no,BUILD
fall coloring pages,18100,25,0.0,no,season-holiday,no,BUILD
mandala coloring pages,18100,21,1.05,no,mandala-patterns,no,BUILD
mario coloring pages,18100,33,0.51,no,other,YES,SKIP-licensed
summer coloring pages,18100,27,0.42,no,season-holiday,no,BUILD
winter coloring pages,18100,19,0.0,no,season-holiday,no,BUILD
animal coloring pages,14800,21,1.62,no,animals,no,BUILD
coloring pages spongebob characters,14800,17,0.0,yes,other,YES,SKIP-licensed
disney coloring pages,14800,32,0.42,no,other,YES,SKIP-licensed
dragon coloring pages,14800,19,0.85,no,animals,no,BUILD
super mario coloring pages,14800,26,0.51,no,other,YES,SKIP-licensed
thanksgiving coloring pages,14800,21,0.0,no,season-holiday,no,BUILD
autumn coloring pages,12100,27,0.0,no,season-holiday,no,BUILD
barbie coloring pages,12100,26,0.0,no,other,YES,SKIP-licensed
coloring pages for teens,12100,18,1.55,no,audience-adults,no,BUILD
dog coloring pages,12100,28,0.56,no,animals,no,BUILD
elsa coloring pages,12100,17,0.0,no,other,YES,SKIP-licensed
lilo and stitch coloring pages,12100,22,0.0,no,other,YES,SKIP-licensed
mermaid coloring pages,12100,24,0.33,no,ocean-sea,no,BUILD
mickey mouse coloring pages,12100,25,0.34,no,other,YES,SKIP-licensed
monaco flag coloring page,12100,5,0.0,no,flags-geo,no,BUILD
rainbow coloring page,12100,27,0.62,no,other,no,BUILD
sonic the hedgehog coloring pages,12100,25,0.4,no,other,YES,SKIP-licensed
spongebob coloring pages,12100,15,0.0,no,other,YES,SKIP-licensed
valentines day coloring pages,12100,27,0.0,no,season-holiday,no,BUILD
anime coloring pages,9900,18,1.29,no,other,no,BUILD
axolotl coloring page,9900,19,0.93,no,animals,no,BUILD
car coloring pages,9900,26,1.16,no,vehicles,no,BUILD
christam coloring pages,9900,33,0.86,no,other,no,BUILD
happy birthday coloring pages,9900,25,0.41,no,season-holiday,no,BUILD
heart coloring pages,9900,19,0.0,no,other,no,BUILD
horse coloring pages,9900,27,2.36,no,animals,no,BUILD
k pop demon hunters coloring pages,9900,24,0.8,no,other,YES,SKIP-licensed
kitten coloring pages,9900,20,0.2,no,other,no,BUILD
monster truck coloring pages,9900,13,0.32,no,vehicles,no,BUILD
my little pony coloring pages,9900,16,0.26,no,other,YES,SKIP-licensed
puppy coloring page,9900,21,0.07,no,other,no,BUILD
turkey coloring page,9900,30,0.0,no,other,no,BUILD
coloring valentine pages,8100,21,0.0,no,season-holiday,no,BUILD
fnaf coloring pages,8100,17,0.0,no,other,YES,SKIP-licensed
fortnite coloring pages,8100,17,0.0,no,other,YES,SKIP-licensed
frozen coloring pages,8100,22,0.0,no,other,YES,SKIP-licensed
girl coloring pages,8100,15,0.66,no,other,no,BUILD
harry potter coloring pages,8100,20,0.57,no,other,YES,SKIP-licensed
kawaii coloring pages,8100,16,0.64,no,style-cute,no,BUILD
kitty coloring page,8100,14,0.2,no,other,no,BUILD
lightning mcqueen coloring page,8100,22,0.28,no,other,YES,SKIP-licensed
pokemon coloring page,8100,28,0.4,no,other,YES,SKIP-licensed
pumpkin coloring pages,8100,20,0.0,no,other,no,BUILD
roblox coloring pages,8100,16,0.0,no,other,YES,SKIP-licensed
spider man coloring pages,8100,24,9.46,yes,other,YES,SKIP-licensed
sprunki coloring pages,8100,19,0.0,no,other,no,BUILD
squishmallow coloring pages,8100,17,0.0,no,other,YES,SKIP-licensed
star wars coloring pages,8100,22,1.44,no,other,YES,SKIP-licensed
barbie doll coloring pages,6600,28,0.0,no,other,YES,SKIP-licensed
butterfly coloring page,6600,25,0.46,no,animals,no,BUILD
cars coloring pages,6600,32,1.24,no,other,no,BUILD
christmas tree coloring page,6600,14,0.0,no,season-holiday,no,BUILD
coloring pages five nights at freddy's,6600,3,0.0,no,other,YES,SKIP-licensed
coloring pages for girls,6600,23,0.0,no,audience-kids,no,BUILD
cute christmas coloring pages,6600,29,0.0,no,season-holiday,no,BUILD
disney princess coloring pages,6600,32,0.43,no,other,YES,SKIP-licensed
flowers coloring pages,6600,24,0.69,no,nature-flowers,no,BUILD
food coloring pages,6600,16,1.13,no,food,no,BUILD
football coloring pages,6600,22,1.08,no,other,no,BUILD
godzilla coloring pages,6600,19,0.26,no,other,no,BUILD
grinch coloring page,6600,20,0.0,no,other,no,BUILD
ice cream coloring pages,6600,17,0.0,no,food,no,BUILD
kpop demon hunter coloring pages,6600,20,0.8,no,other,YES,SKIP-licensed
mickey coloring pages,6600,30,0.34,no,other,YES,SKIP-licensed
minnie mouse coloring page,6600,21,0.57,no,other,YES,SKIP-licensed
moana coloring pages,6600,18,0.0,no,other,YES,SKIP-licensed
peppa pig coloring pages,6600,19,0.0,no,other,YES,SKIP-licensed
printable grown up coloring pages,6600,24,0.77,no,audience-adults,no,BUILD
rumi color page,6600,17,0.0,no,other,no,BUILD
santa coloring pages,6600,20,0.0,no,other,no,BUILD
shark coloring pages,6600,15,1.08,no,animals,no,BUILD
snoopy coloring pages,6600,16,0.0,no,other,YES,SKIP-licensed
stranger things coloring pages,6600,22,0.0,no,other,YES,SKIP-licensed
valentines coloring pages,6600,27,0.0,no,season-holiday,no,BUILD
winnie the pooh coloring pages,6600,19,0.56,no,other,YES,SKIP-licensed
4th of july coloring pages,5400,19,0.81,yes,season-holiday,no,BUILD
alphabet coloring pages,5400,20,0.78,no,letters-numbers,no,BUILD
alphabet letters coloring pages,5400,20,0.95,no,letters-numbers,no,BUILD
ariel coloring pages,5400,22,0.0,no,other,no,BUILD
beach coloring pages,5400,16,0.56,no,ocean-sea,no,BUILD
bunny coloring page,5400,22,0.54,no,animals,no,BUILD
cozy coloring pages,5400,27,0.84,no,other,no,BUILD
cute animal coloring pages,5400,17,1.92,no,animals,no,BUILD
fairy coloring pages,5400,29,1.83,no,other,no,BUILD
floral coloring pages,5400,27,0.69,no,nature-flowers,no,BUILD
goku coloring pages,5400,14,0.0,no,other,no,BUILD
huntrix coloring pages,5400,18,0.0,no,other,no,BUILD
kpop coloring pages,5400,26,0.69,no,other,no,BUILD
my little pony friendship is magic coloring pages,5400,18,0.26,no,other,YES,SKIP-licensed
pikachu coloring pages,5400,20,0.0,no,other,YES,SKIP-licensed
sanrio coloring pages,5400,20,0.0,no,other,YES,SKIP-licensed
spderman coloring pages,5400,22,9.46,no,other,no,BUILD
strawberry shortcake coloring pages,5400,12,0.0,yes,food,no,BUILD
taylor swift coloring pages,5400,22,0.0,no,other,YES,SKIP-licensed
teenage mutant ninja turtles coloring pages,5400,16,0.0,no,audience-adults,YES,SKIP-licensed
thanksgiving day coloring pages,5400,27,0.0,no,season-holiday,no,BUILD
toy story coloring pages,5400,25,0.64,no,other,YES,SKIP-licensed
truck coloring pages,5400,25,0.41,no,vehicles,no,BUILD
turtle coloring pages,5400,20,0.41,no,animals,no,BUILD
wicked coloring pages,5400,21,0.0,no,other,no,BUILD
wolf coloring pages,5400,13,0.63,no,other,no,BUILD
5 nights at freddy's coloring pages,4400,7,0.0,no,other,no,BUILD
67 coloring page,4400,25,0.0,no,other,no,BUILD
abc coloring pages,4400,17,0.78,no,letters-numbers,no,BUILD
adult coloring pages free printables,4400,30,0.75,no,audience-adults,no,BUILD
aesthetic coloring pages,4400,18,0.0,no,style-cute,no,BUILD
animals coloring pages,4400,21,1.62,no,animals,no,BUILD
baby coloring pages,4400,11,0.0,no,other,no,BUILD
back to school coloring pages,4400,21,0.0,no,other,no,BUILD
bear coloring pages,4400,14,1.39,no,other,no,BUILD
bird coloring pages,4400,17,0.42,no,animals,no,BUILD
birthday coloring pages,4400,25,0.49,no,season-holiday,no,BUILD
bobbie goods coloring pages,4400,22,0.76,no,other,no,BUILD
capybara coloring page,4400,12,0.0,no,other,no,BUILD
charizard coloring page,4400,10,0.0,no,other,no,BUILD
coloring pages for boys,4400,25,0.0,no,audience-kids,no,BUILD
cute halloween coloring pages,4400,20,0.0,no,season-holiday,no,BUILD
demon slayer coloring pages,4400,14,0.0,no,other,YES,SKIP-licensed
easter egg coloring pages,4400,29,0.22,no,season-holiday,no,BUILD
elephant coloring pages,4400,24,0.42,no,animals,no,BUILD
fire truck coloring page,4400,17,0.61,no,vehicles,no,BUILD
fourth of july coloring pages,4400,15,0.81,no,season-holiday,no,BUILD
fox coloring pages,4400,14,0.0,no,animals,no,BUILD
free easter coloring book pages,4400,25,0.11,no,season-holiday,no,BUILD
free printable coloring pages for adults,4400,34,0.75,no,audience-adults,no,BUILD
frog coloring pages,4400,12,0.47,no,animals,no,BUILD
funny coloring pages,4400,23,1.54,no,other,no,BUILD
lego coloring pages,4400,17,0.0,no,other,no,BUILD
lion coloring pages,4400,19,0.41,no,animals,no,BUILD
minion coloring pages,4400,16,0.0,no,other,YES,SKIP-licensed
minions coloring pages,4400,21,0.0,no,other,YES,SKIP-licensed
mlp coloring pages,4400,16,0.26,no,other,no,BUILD
mothers day coloring pages,4400,19,0.38,no,other,no,BUILD
mr black sprunki coloring page,4400,24,0.0,no,other,no,BUILD
ninja turtles coloring pages,4400,20,0.0,no,animals,YES,SKIP-licensed
number coloring pages,4400,25,1.09,no,letters-numbers,no,BUILD
penguin coloring pages,4400,20,0.0,no,animals,no,BUILD
poppy playtime coloring pages,4400,7,0.0,no,other,no,BUILD
rabbit coloring pages,4400,19,0.54,no,other,no,BUILD
race car coloring page,4400,14,0.0,no,vehicles,no,BUILD
rapunzel coloring page,4400,20,0.0,no,other,no,BUILD
santa claus coloring pages,4400,21,0.0,no,other,no,BUILD
shadow coloring pages,4400,14,0.0,no,other,no,BUILD
space coloring pages,4400,28,0.94,no,other,no,BUILD
st patrick's day coloring pages,4400,16,0.0,no,season-holiday,no,BUILD
stich coloring pages,4400,16,0.51,no,other,no,BUILD
superhero coloring pages,4400,22,0.99,no,other,no,BUILD
t rex coloring page,4400,15,0.13,no,other,no,BUILD
tmnt coloring pages,4400,15,0.0,no,other,no,BUILD
valentine's day coloring pages,4400,26,0.0,no,season-holiday,no,BUILD
adult coloring book pages,3600,35,1.43,no,audience-adults,no,BUILD
american flag coloring page,3600,20,0.0,no,flags-geo,no,BUILD
apple coloring page,3600,12,0.0,no,other,no,BUILD
ariel mermaid coloring pages,3600,25,0.0,no,ocean-sea,no,BUILD
baby shark coloring pages,3600,15,0.0,no,animals,no,BUILD
ballerina coloring pages,3600,24,0.16,no,other,no,BUILD
baseball coloring pages,3600,22,0.77,no,other,no,BUILD
bible coloring pages,3600,22,1.34,no,other,no,BUILD
brainrot coloring pages,3600,13,0.0,no,other,no,BUILD
cars lightning mcqueen coloring pages,3600,18,0.28,no,other,YES,SKIP-licensed
color by number pages to print,3600,25,1.48,yes,letters-numbers,no,BUILD
coloring page of a bow,3600,12,0.0,no,other,no,BUILD
coloring page of ocean animals,3600,17,1.47,no,animals,no,BUILD
coloring pages of bows,3600,9,0.0,no,other,no,BUILD
coloring pages of elf on the shelf,3600,12,0.0,no,other,no,BUILD
coloring pages of the united states flag,3600,13,0.0,yes,flags-geo,no,BUILD
cow coloring pages,3600,15,0.64,no,other,no,BUILD
cozy friends coloring pages,3600,30,0.65,no,other,no,BUILD
cupcake coloring page,3600,21,0.0,no,food,no,BUILD
cute cat coloring pages,3600,18,0.0,no,animals,no,BUILD
cute coloring pages for girls,3600,18,0.0,no,audience-kids,no,BUILD
demon hunters coloring pages,3600,20,0.0,no,other,YES,SKIP-licensed
disney coloring pages to print,3600,30,0.42,no,other,YES,SKIP-licensed
dog man coloring pages,3600,16,0.0,no,animals,no,BUILD
dragon ball z coloring pages,3600,17,0.0,no,animals,YES,SKIP-licensed
easter bunny coloring book pages,3600,22,0.22,yes,season-holiday,no,BUILD
easter pages to print and color,3600,11,0.17,yes,season-holiday,no,BUILD
easter rabbit coloring pages,3600,18,0.22,no,season-holiday,no,BUILD
elf coloring page,3600,25,0.0,no,other,no,BUILD
elmo coloring pages,3600,14,2.72,no,other,no,BUILD
free springtime coloring pages,3600,27,0.2,no,season-holiday,no,BUILD
fruit coloring pages,3600,18,1.43,no,food,no,BUILD
gabby dollhouse coloring pages,3600,13,0.0,no,other,YES,SKIP-licensed
hello kitty and friends coloring pages,3600,19,0.0,no,other,YES,SKIP-licensed
holiday coloring pages,3600,27,0.0,no,other,no,BUILD
how to train your dragon coloring pages,3600,23,0.0,no,animals,no,BUILD
italian brainrot coloring pages,3600,27,0.0,no,other,no,BUILD
jesus coloring pages,3600,17,1.62,no,other,no,BUILD
k pop demon hunter coloring pages,3600,15,0.8,no,other,no,BUILD
lisa frank coloring pages,3600,24,0.0,no,other,no,BUILD
march coloring pages,3600,15,0.0,no,other,no,BUILD
marvel coloring pages,3600,28,0.61,no,other,YES,SKIP-licensed
momjunction coloring pages,3600,26,0.0,no,other,no,BUILD
monkey coloring pages,3600,18,0.0,no,other,no,BUILD
monster jam trucks coloring pages,3600,27,0.32,no,vehicles,no,BUILD
mother's day coloring pages,3600,20,0.38,no,other,no,BUILD
mushroom coloring pages,3600,18,0.88,no,other,no,BUILD
my melody coloring pages,3600,11,0.0,no,other,no,BUILD
naruto coloring pages,3600,14,0.0,no,other,YES,SKIP-licensed
owl coloring pages,3600,13,0.56,no,animals,no,BUILD
pricesses coloring pages,3600,26,0.42,no,other,no,BUILD
princess ariel coloring pages,3600,23,0.0,no,other,no,BUILD
princess peach coloring page,3600,17,0.0,no,other,no,BUILD
printing princess coloring pages,3600,13,0.42,no,other,no,BUILD
sea animals coloring pages,3600,15,1.47,no,animals,no,BUILD
shadow the hedgehog coloring pages,3600,9,0.0,no,other,YES,SKIP-licensed
snake coloring page,3600,18,0.0,no,other,no,BUILD
snowman coloring page,3600,17,0.0,no,other,no,BUILD
squishmallows coloring pages,3600,28,0.0,no,other,YES,SKIP-licensed
stitch and angel coloring pages,3600,11,0.0,no,other,YES,SKIP-licensed
strawberry coloring page,3600,26,0.0,no,other,no,BUILD
toddler coloring pages,3600,24,0.47,no,audience-kids,no,BUILD
train coloring page,3600,24,0.0,no,vehicles,no,BUILD
transformers coloring pages,3600,12,0.0,no,other,YES,SKIP-licensed
winter activities coloring pages,3600,27,0.0,no,season-holiday,no,BUILD
zootopia coloring pages,3600,25,0.0,no,other,no,BUILD
adult coloring book pages flowers,2900,13,0.78,no,audience-adults,no,BUILD
adult coloring pages of flowers,2900,27,0.78,no,audience-adults,no,BUILD
adult coloring pages to print,2900,32,0.77,no,audience-adults,no,BUILD
american football coloring pages,2900,24,1.08,no,other,no,BUILD
among us coloring pages,2900,11,0.0,no,other,YES,SKIP-licensed
anime girl coloring pages,2900,27,0.0,no,other,no,BUILD
ballet dance coloring pages,2900,14,0.16,no,other,no,BUILD
batman coloring pages,2900,20,0.0,no,other,YES,SKIP-licensed
bear coloring book page,2900,20,1.39,no,other,no,BUILD
boy coloring pages,2900,25,0.0,no,other,no,BUILD
bratz coloring pages,2900,30,0.0,no,other,YES,SKIP-licensed
bug coloring pages,2900,15,0.61,no,other,no,BUILD
butterflies coloring pages,2900,29,0.46,no,other,no,BUILD
cartoon coloring pages,2900,30,1.41,no,other,no,BUILD
cattle coloring pages,2900,19,0.64,no,other,no,BUILD
christian coloring pages,2900,30,1.73,no,other,no,BUILD
cinderella coloring pages,2900,26,0.37,no,other,no,BUILD
cinnamoroll coloring pages,2900,7,0.0,no,other,no,BUILD
color pages cows,2900,15,0.64,no,other,no,BUILD
color pages january,2900,22,0.0,no,other,no,BUILD
coloring pages hearts,2900,19,0.0,no,other,no,BUILD
coloring pages of barbie dolls,2900,27,0.0,yes,other,YES,SKIP-licensed
coloring pages of chicks,2900,14,0.0,yes,other,no,BUILD
coloring pages of finding nemo,2900,14,0.0,yes,other,no,BUILD
curious george coloring pages,2900,4,0.0,no,other,no,BUILD
dandy's world coloring pages,2900,16,0.0,no,other,no,BUILD
deer coloring pages,2900,10,0.0,no,other,no,BUILD
dino coloring page,2900,28,0.4,no,other,no,BUILD
dolphin coloring pages,2900,18,1.15,yes,animals,no,BUILD
donut coloring page,2900,15,0.0,no,food,no,BUILD
dr seuss coloring pages,2900,12,0.0,no,other,no,BUILD
dragon ball coloring pages,2900,10,0.0,no,animals,YES,SKIP-licensed
duck coloring pages,2900,14,0.32,no,other,no,BUILD
easter bunny coloring pages,2900,18,0.22,no,season-holiday,no,BUILD
elsa and anna coloring pages,2900,19,0.0,no,other,YES,SKIP-licensed
farm coloring pages,2900,20,2.05,yes,other,no,BUILD
fish coloring page,2900,17,0.0,no,animals,no,BUILD
flower coloring pages for adults,2900,27,0.78,no,audience-adults,no,BUILD
gabby's dollhouse coloring pages,2900,13,0.0,no,other,YES,SKIP-licensed
gabon flag coloring page,2900,4,0.0,no,flags-geo,no,BUILD
gingerbread man coloring page,2900,18,0.0,no,other,no,BUILD
giraffe coloring pages,2900,24,0.4,no,other,no,BUILD
halloween coloring pages for adults,2900,20,1.05,no,audience-adults,no,BUILD
hot wheels coloring pages,2900,12,0.0,no,other,YES,SKIP-licensed
house coloring page,2900,18,1.23,no,other,no,BUILD
hulk coloring page,2900,20,0.0,no,other,YES,SKIP-licensed
k pop coloring pages,2900,34,0.69,no,other,no,BUILD
letter a coloring pages,2900,18,0.95,no,letters-numbers,no,BUILD
lilo coloring pages,2900,18,0.0,no,other,YES,SKIP-licensed
math coloring pages,2900,16,0.43,no,other,no,BUILD
monster trucks coloring pages,2900,16,0.32,no,vehicles,no,BUILD
nature coloring pages,2900,24,1.96,no,nature-flowers,no,BUILD
new years coloring pages,2900,15,0.0,no,season-holiday,no,BUILD
ninja turtle coloring pages,2900,20,0.0,no,animals,YES,SKIP-licensed
ocean coloring pages,2900,14,1.16,no,ocean-sea,no,BUILD
pete the cat coloring page,2900,22,0.35,no,animals,no,BUILD
pizza coloring pages,2900,20,0.0,no,food,no,BUILD
pooh bear coloring pages,2900,16,0.56,no,other,YES,SKIP-licensed
preppy coloring pages,2900,28,0.0,no,other,no,BUILD
print dinosaur coloring pages,2900,23,0.34,no,animals,no,BUILD
pusheen coloring pages,2900,10,0.0,no,other,YES,SKIP-licensed
rainbow friends coloring pages,2900,17,0.0,no,other,no,BUILD
sea creatures coloring pages,2900,21,1.47,no,ocean-sea,no,BUILD
soccer coloring pages,2900,15,0.69,no,other,no,BUILD
soiderman coloring pages,2900,28,9.46,no,other,no,BUILD
solar system coloring pages,2900,22,0.57,no,other,no,BUILD
sports coloring pages,2900,13,1.93,no,other,no,BUILD
stress relief coloring pages for adults,2900,35,1.8,no,audience-adults,no,BUILD
super hero coloring pages,2900,21,0.99,no,other,no,BUILD
tiger coloring page,2900,14,0.0,no,other,no,BUILD
toothless coloring pages,2900,18,0.0,no,other,no,BUILD
transformer coloring pages,2900,12,0.0,no,other,no,BUILD
valentine coloring pages to print for free,2900,16,0.0,yes,season-holiday,no,BUILD
venom coloring pages,2900,12,0.27,no,other,no,BUILD
werewolf coloring pages,2900,13,0.63,no,other,no,BUILD
airplane coloring page,2400,18,0.0,no,vehicles,no,BUILD
aphmau coloring pages,2400,26,0.0,no,other,no,BUILD
automobile coloring pages,2400,21,1.16,no,other,no,BUILD
avengers coloring pages,2400,14,0.0,no,other,YES,SKIP-licensed
ballet coloring pages,2400,15,0.16,no,other,no,BUILD
bat coloring pages,2400,14,0.0,no,other,no,BUILD
bee coloring pages,2400,18,1.18,no,other,no,BUILD
belle coloring pages,2400,13,0.0,no,other,no,BUILD
birthday cake coloring page,2400,16,0.0,no,season-holiday,no,BUILD
boba coloring pages,2400,30,0.0,no,other,no,BUILD
brain rot coloring pages,2400,10,0.0,no,other,no,BUILD
bratz doll coloring pages,2400,21,0.0,no,other,YES,SKIP-licensed
bunnies coloring pages,2400,16,0.54,no,other,no,BUILD
camping coloring pages,2400,16,0.0,no,other,no,BUILD
candy coloring pages,2400,15,0.0,no,food,no,BUILD
captain america coloring pages,2400,18,0.0,no,other,no,BUILD
cats coloring pages,2400,13,0.43,no,other,no,BUILD
cinderela coloring page,2400,25,0.37,no,other,no,BUILD
cocomelon coloring pages,2400,18,0.0,no,other,YES,SKIP-licensed
color pages for father's day,2400,18,0.0,yes,other,no,BUILD
color pages octopus,2400,21,0.0,no,other,no,BUILD
coloring book pages batman,2400,21,0.0,no,other,YES,SKIP-licensed
coloring book pages of frogs,2400,11,0.47,yes,animals,no,BUILD
coloring book pages of trains,2400,15,0.0,no,vehicles,no,BUILD
coloring page of an airplane,2400,14,0.0,no,vehicles,no,BUILD
coloring pages for preschoolers,2400,25,0.54,no,audience-kids,no,BUILD
coloring pages of pokemon cards,2400,21,0.0,no,other,YES,SKIP-licensed
coraline coloring pages,2400,16,0.0,no,other,YES,SKIP-licensed
crayola coloring pages adults,2400,35,0.02,no,audience-adults,no,BUILD
cute animals coloring pages,2400,16,1.92,no,animals,no,BUILD
cute fall coloring pages,2400,27,0.0,no,season-holiday,no,BUILD
dandy world coloring pages,2400,9,0.0,no,other,no,BUILD
dandys world coloring pages,2400,16,0.0,no,other,no,BUILD
daniel tiger coloring pages,2400,20,0.0,no,other,no,BUILD
disney princess jasmine coloring pages,2400,21,0.0,no,other,YES,SKIP-licensed
dog coloring book pages,2400,22,0.0,no,animals,no,BUILD
earth coloring pages,2400,23,0.49,no,other,no,BUILD
earth day coloring pages,2400,14,0.08,no,other,no,BUILD
easter eggs coloring page,2400,13,0.22,no,season-holiday,no,BUILD
easy cute coloring pages,2400,27,1.89,no,style-cute,no,BUILD
elsa frozen coloring pages,2400,26,0.0,no,other,YES,SKIP-licensed
february coloring pages,2400,10,0.0,no,other,no,BUILD
frozen anna and elsa coloring pages,2400,19,0.0,no,other,YES,SKIP-licensed
fruits for coloring pages,2400,21,1.43,no,food,no,BUILD
funny adult coloring pages,2400,30,1.22,no,audience-adults,no,BUILD
ghost coloring page,2400,11,0.0,no,other,no,BUILD
gingerbread coloring page,2400,14,0.0,no,other,no,BUILD
gingerbread house coloring page,2400,11,0.0,no,other,no,BUILD
halloween hello kitty coloring pages,2400,22,0.0,no,season-holiday,YES,SKIP-licensed
hard coloring pages,2400,26,1.45,no,style-detailed,no,BUILD
hello kitty christmas coloring pages,2400,14,0.0,no,season-holiday,YES,SKIP-licensed
hello kitty coloring pages print,2400,24,2.63,no,other,YES,SKIP-licensed
huggy wuggy coloring pages,2400,21,0.0,no,other,YES,SKIP-licensed
insect coloring pages,2400,9,0.61,no,other,no,BUILD
inside out coloring pages,2400,17,0.0,no,other,no,BUILD
jasmine coloring pages,2400,21,0.0,no,other,no,BUILD
jellyfish coloring page,2400,19,0.0,no,animals,no,BUILD
kirby coloring pages,2400,26,0.0,no,other,YES,SKIP-licensed
ladybug coloring page,2400,13,0.0,no,other,no,BUILD
lion king coloring pages,2400,12,0.0,no,animals,no,BUILD
little mermaid coloring pages,2400,22,0.0,no,ocean-sea,no,BUILD
little pony coloring pages,2400,17,0.26,no,other,no,BUILD
lol coloring pages,2400,6,0.0,no,other,no,BUILD
melanie martinez coloring pages,2400,33,0.29,no,other,no,BUILD
merry christmas coloring pages,2400,26,0.0,no,season-holiday,no,BUILD
monster coloring pages,2400,12,0.0,no,other,no,BUILD
monster high coloring pages,2400,21,0.21,no,other,no,BUILD
monster jam coloring pages,2400,25,0.0,no,other,no,BUILD
monsters inc coloring pages,2400,20,0.27,no,other,no,BUILD
motorcycle coloring pages,2400,15,0.0,no,other,no,BUILD
nemo coloring pages,2400,15,0.0,no,other,no,BUILD
nightmare before christmas coloring pages,2400,19,0.0,no,season-holiday,no,BUILD
ninja ninjago coloring pages,2400,12,0.0,no,other,no,BUILD
ninjago coloring pages,2400,18,0.0,no,other,no,BUILD
numbers coloring pages,2400,21,1.09,no,letters-numbers,no,BUILD
one piece coloring pages,2400,11,0.31,no,other,YES,SKIP-licensed
optimus prime coloring page,2400,17,0.0,no,other,no,BUILD
panda coloring pages,2400,24,0.57,no,animals,no,BUILD
peppa coloring pages,2400,15,0.0,no,other,YES,SKIP-licensed
pig coloring pages,2400,12,0.0,no,other,no,BUILD
pj mask coloring pages,2400,18,0.0,no,other,YES,SKIP-licensed
pokemon card coloring pages,2400,21,0.0,no,other,YES,SKIP-licensed
pokemon coloring pages to print,2400,24,1.92,no,other,YES,SKIP-licensed
pooh coloring pages,2400,24,0.56,no,other,YES,SKIP-licensed
power rangers coloring pages,2400,11,0.0,no,other,no,BUILD
princess daisy wedding dress coloring page,2400,14,0.0,yes,other,no,BUILD
princess jasmine coloring pages,2400,17,0.0,no,other,no,BUILD
princesses coloring pages,2400,30,0.42,no,other,no,BUILD
printable coloring book pages disney,2400,29,0.42,yes,other,YES,SKIP-licensed
puppy dog coloring pages,2400,25,0.07,no,animals,no,BUILD
reindeer coloring page,2400,16,0.0,no,other,no,BUILD
robot coloring pages,2400,9,0.0,no,other,no,BUILD
ronaldo coloring pages,2400,27,0.0,no,other,no,BUILD
saja boys coloring pages,2400,13,0.0,no,audience-kids,no,BUILD
school coloring pages,2400,25,0.0,no,other,no,BUILD
sea turtle coloring page,2400,18,0.0,no,animals,no,BUILD
sesame street coloring pages,2400,20,0.97,no,nature-flowers,no,BUILD
shrek coloring pages,2400,19,0.28,no,other,YES,SKIP-licensed
snowflake coloring page,2400,18,0.0,no,other,no,BUILD
spidey and his amazing friends coloring pages,2400,20,0.0,no,other,no,BUILD
st patricks day coloring page,2400,16,0.0,no,season-holiday,no,BUILD
strawberry shortcake coloring book pages,2400,17,0.0,yes,food,no,BUILD
summertime coloring pages,2400,23,0.42,no,season-holiday,no,BUILD
super kitties coloring pages,2400,7,0.0,no,other,no,BUILD
super sonic coloring pages,2400,16,0.0,no,other,YES,SKIP-licensed
superman coloring page,2400,16,0.0,no,other,YES,SKIP-licensed
thomas coloring pages,2400,19,0.37,no,other,no,BUILD
thomas the train coloring pages,2400,25,0.37,no,vehicles,YES,SKIP-licensed
tree coloring pages,2400,14,1.69,no,nature-flowers,no,BUILD
trex coloring page,2400,19,0.13,no,other,no,BUILD
trolls coloring pages,2400,12,0.0,no,other,YES,SKIP-licensed
turn photo into coloring page,2400,27,0.42,no,other,no,BUILD
turn picture into coloring page,2400,23,0.34,no,other,no,BUILD
white pages colorado,2400,22,1.07,no,other,no,BUILD
wolves coloring pages,2400,12,0.63,no,other,no,BUILD
wwe coloring pages,2400,11,0.0,no,other,no,BUILD
6 7 coloring pages,1900,24,0.0,no,other,no,BUILD
abc mouse coloring pages,1900,28,1.63,no,letters-numbers,no,BUILD
aladdin and jasmine coloring pages,1900,27,0.0,no,other,no,BUILD
april coloring pages,1900,19,0.45,no,other,no,BUILD
ariel little mermaid coloring pages,1900,22,0.0,no,ocean-sea,no,BUILD
autumn adult coloring pages,1900,19,0.0,no,audience-adults,no,BUILD
basketball coloring page,1900,11,0.0,no,other,no,BUILD
bible verse coloring pages,1900,14,2.0,no,other,no,BUILD
black history month coloring pages,1900,22,0.0,no,other,no,BUILD
blippi coloring pages,1900,10,0.0,no,other,no,BUILD
bobby goods coloring page,1900,29,0.76,no,other,no,BUILD
bowser coloring page,1900,18,0.0,no,other,no,BUILD
bubble guppies color pages,1900,12,0.0,no,other,no,BUILD
buzz lightyear coloring page,1900,13,0.0,no,other,no,BUILD
cake coloring page,1900,14,0.0,no,food,no,BUILD
care bear coloring pages,1900,9,0.0,no,other,no,BUILD
chicken coloring pages,1900,15,0.0,no,other,no,BUILD
christmas coloring pages for adults,1900,16,2.66,no,audience-adults,no,BUILD
cinnamon roll coloring pages,1900,8,0.0,no,other,no,BUILD
color page sheep,1900,9,0.0,no,other,no,BUILD
coloring in pages christmas,1900,33,0.86,yes,season-holiday,no,BUILD
coloring page cozy cats free printable,1900,17,0.0,no,other,no,BUILD
coloring page of a rocket ship,1900,14,0.0,no,vehicles,no,BUILD
coloring page of an octopus,1900,17,0.0,no,other,no,BUILD
coloring pages ballet dancer,1900,11,0.15,no,other,no,BUILD
coloring pages creatures,1900,20,1.62,no,other,no,BUILD
coloring pages cute',1900,20,1.69,yes,style-cute,no,BUILD
coloring pages ice hockey,1900,11,0.0,no,other,no,BUILD
coloring pages in spanish about clothing,1900,16,0.0,yes,other,no,BUILD
coloring pages of a haunted house,1900,13,0.0,no,other,no,BUILD
coloring pages of spaceships,1900,21,0.0,no,other,no,BUILD
coloring pages of tiana the princess,1900,14,0.0,no,other,no,BUILD
coloring pages preschool,1900,35,0.54,no,audience-kids,no,BUILD
coloring pages squirrels,1900,11,0.0,yes,other,no,BUILD
cupcakes coloring pages,1900,17,0.0,no,food,no,BUILD
cute coloring pages for adults,1900,27,1.38,no,audience-adults,no,BUILD
cute dog coloring pages,1900,21,0.0,no,animals,no,BUILD
darth vader coloring page,1900,13,0.0,no,other,no,BUILD
december coloring pages,1900,13,0.0,no,other,no,BUILD
demon hunter coloring pages,1900,24,0.0,no,other,no,BUILD
descendants coloring pages,1900,11,0.0,no,other,no,BUILD
disney halloween coloring pages,1900,22,0.0,no,season-holiday,YES,SKIP-licensed
disney princess belle coloring pages,1900,21,0.0,no,other,YES,SKIP-licensed
dogman coloring pages,1900,18,0.0,no,other,no,BUILD
dogs coloring pages,1900,22,0.56,no,other,no,BUILD
dora coloring pages,1900,11,0.0,no,other,YES,SKIP-licensed
dora the explorer coloring pages,1900,13,0.0,no,other,YES,SKIP-licensed
drawing coloring pages,1900,23,0.94,no,other,no,BUILD
eagle coloring page,1900,15,0.32,no,other,no,BUILD
easter egg coloring pages to print,1900,18,0.22,no,season-holiday,no,BUILD
easy coloring pages for adults,1900,16,1.36,no,audience-adults,no,BUILD
easy coloring pages for preschoolers,1900,29,0.77,no,audience-kids,no,BUILD
eevee coloring pages,1900,11,0.57,no,other,no,BUILD
egg coloring page,1900,17,0.3,no,other,no,BUILD
fall coloring pages for adults,1900,20,0.0,no,audience-adults,no,BUILD
fall coloring pages for kids,1900,17,0.0,no,audience-kids,no,BUILD
farm animal coloring pages,1900,21,1.37,no,animals,no,BUILD
fortnite colored pages,1900,15,0.0,no,other,YES,SKIP-licensed
free addition to 20 coloring pages,1900,9,0.0,yes,other,no,BUILD
free printable coloring pages for adults advanced,1900,24,0.85,no,audience-adults,no,BUILD
free springtime spanish coloring page,1900,6,0.0,yes,season-holiday,no,BUILD
garbage truck coloring page,1900,23,0.0,no,vehicles,no,BUILD
girly coloring pages,1900,21,0.0,no,other,no,BUILD
gojo coloring pages,1900,15,0.0,no,other,no,BUILD
happy mothers day coloring pages,1900,18,0.0,yes,other,no,BUILD
highland cow coloring page,1900,13,0.0,no,other,no,BUILD
hot wheels coloring book pages,1900,16,0.0,no,other,YES,SKIP-licensed
how to train your dragon coloring book pages,1900,25,0.0,no,animals,no,BUILD
incredible hulk coloring pages,1900,16,0.0,no,other,YES,SKIP-licensed
jack skellington coloring page,1900,11,0.0,no,other,no,BUILD
jurassic world coloring pages,1900,13,0.0,no,other,no,BUILD
k-pop demon hunter coloring pages,1900,17,0.8,yes,other,no,BUILD
kawii coloring pages,1900,16,0.64,no,other,no,BUILD
koala coloring pages,1900,11,3.14,no,other,no,BUILD
legend of zelda coloring pages,1900,22,0.0,no,other,YES,SKIP-licensed
leprechaun coloring page,1900,15,0.19,no,other,no,BUILD
letter i coloring pages,1900,14,0.95,no,letters-numbers,no,BUILD
letter s coloring pages,1900,13,0.95,no,letters-numbers,no,BUILD
lioness coloring pages,1900,12,0.0,no,animals,no,BUILD
mario kart coloring pages,1900,16,0.0,no,other,YES,SKIP-licensed
mario printing coloring pages,1900,27,0.51,no,other,YES,SKIP-licensed
may coloring pages,1900,17,0.54,no,other,no,BUILD
messi coloring pages,1900,18,0.0,no,other,no,BUILD
messi soccer coloring pages,1900,11,0.0,no,other,no,BUILD
miles morales coloring pages,1900,17,0.0,no,other,no,BUILD
minecraft movie coloring pages,1900,22,0.0,no,other,YES,SKIP-licensed
nfl coloring pages,1900,15,0.0,no,other,no,BUILD
ninja coloring pages,1900,18,0.0,no,other,no,BUILD
numberblocks coloring pages,1900,17,0.0,no,letters-numbers,no,BUILD
panda bear coloring pages,1900,14,0.57,no,animals,no,BUILD
paw patrol coloring book pages,1900,18,0.86,no,other,YES,SKIP-licensed
people coloring pages,1900,21,1.66,no,other,no,BUILD
pj masks coloring pages,1900,14,0.0,no,other,YES,SKIP-licensed
planet coloring pages,1900,20,0.0,no,vehicles,no,BUILD
plant coloring pages,1900,15,1.66,no,other,no,BUILD
pokemon coloring in pages,1900,25,0.4,no,other,YES,SKIP-licensed
police car coloring page,1900,21,0.0,no,vehicles,no,BUILD
princess and the frog coloring pages,1900,25,0.0,no,animals,no,BUILD
queen elsa coloring page,1900,19,0.0,no,other,YES,SKIP-licensed
racecar coloring page,1900,14,0.0,no,other,no,BUILD
red nosed reindeer coloring pages,1900,14,0.0,no,other,no,BUILD
repunzle coloring pages,1900,19,0.0,no,other,no,BUILD
rose coloring pages,1900,19,0.0,no,nature-flowers,no,BUILD
rudolf the rednosed reindeer coloring pages,1900,9,0.0,no,other,no,BUILD
saint patrick's day coloring pages,1900,18,0.15,no,other,no,BUILD
scary halloween coloring pages,1900,24,0.0,no,season-holiday,no,BUILD
science coloring pages,1900,22,0.52,no,other,no,BUILD
scientist coloring page,1900,19,0.52,no,other,no,BUILD
scooby coloring pages,1900,26,0.0,no,other,YES,SKIP-licensed
scooby doo coloring pages,1900,19,0.0,no,other,YES,SKIP-licensed
sea animal coloring pages,1900,14,1.47,no,animals,no,BUILD
september coloring pages,1900,21,0.0,no,other,no,BUILD
shopkins coloring pages,1900,15,0.0,no,other,no,BUILD
simple adult coloring pages,1900,22,1.1,no,audience-adults,no,BUILD
snow white coloring pages,1900,11,0.0,no,other,no,BUILD
sonic and shadow coloring pages,1900,21,0.0,no,other,YES,SKIP-licensed
spaceship coloring page,1900,16,0.0,no,other,no,BUILD
spidey coloring pages,1900,23,4.01,no,other,no,BUILD
spinosaurus coloring page,1900,13,0.0,no,other,no,BUILD
spooky halloween coloring pages,1900,26,0.0,no,season-holiday,no,BUILD
squirrel coloring page,1900,7,0.0,no,other,no,BUILD
squish mellow coloring pages,1900,26,0.0,no,other,no,BUILD
summer fun coloring pages,1900,24,0.42,no,season-holiday,no,BUILD
sun coloring page,1900,20,0.0,no,other,no,BUILD
sunflower coloring pages,1900,16,0.0,no,nature-flowers,no,BUILD
sunset coloring pages,1900,21,0.0,no,other,no,BUILD
teen coloring pages,1900,32,0.0,no,audience-adults,no,BUILD
thanksgiving coloring pages for kids,1900,27,0.0,no,audience-kids,no,BUILD
thomas the train coloring pages to print,1900,15,0.37,no,vehicles,YES,SKIP-licensed
tiana coloring pages,1900,13,0.0,no,other,no,BUILD
titanic coloring pages,1900,14,0.0,no,other,no,BUILD
turkey coloring pages to print,1900,21,0.0,no,other,no,BUILD
unicorn academy coloring pages,1900,12,0.0,no,animals,no,BUILD
usa flag coloring page,1900,20,0.0,no,flags-geo,no,BUILD
watermelon coloring page,1900,19,0.0,no,other,no,BUILD
whale coloring pages,1900,17,0.0,no,other,no,BUILD
wings of fire coloring pages,1900,20,0.0,no,other,no,BUILD
wwe wrestling coloring pages,1900,11,0.0,no,other,no,BUILD
zelda coloring pages,1900,17,0.0,no,other,YES,SKIP-licensed
zoo coloring pages,1900,21,1.98,no,other,no,BUILD
5 night at freddy's coloring pages,1600,8,0.31,no,other,no,BUILD
99 nights in the forest coloring page,1600,3,0.0,no,other,no,BUILD
abcmouse unicorn coloring pages,1600,14,0.0,no,animals,no,BUILD
adult christmas coloring pages,1600,21,2.11,no,audience-adults,no,BUILD
adult coloring books pages,1600,30,1.29,no,audience-adults,no,BUILD
adult flower coloring pages,1600,27,0.78,no,audience-adults,no,BUILD
adult stress relief coloring pages,1600,29,1.8,no,audience-adults,no,BUILD
angel coloring pages,1600,11,0.0,no,other,no,BUILD
anna coloring pages,1600,22,0.0,no,other,no,BUILD
auto coloring pages,1600,26,1.16,no,other,no,BUILD
autumn coloring pages for adults,1600,21,0.0,no,audience-adults,no,BUILD
baby saja coloring page,1600,27,0.0,no,other,no,BUILD
baby unicorn coloring pages,1600,14,0.0,no,animals,no,BUILD
barbie coloring pages print,1600,22,0.38,no,other,YES,SKIP-licensed
beauty and beast coloring pages,1600,11,0.0,no,other,no,BUILD
black panther coloring pages,1600,25,0.0,no,other,no,BUILD
bluey and bingo coloring pages,1600,18,0.0,no,other,YES,SKIP-licensed
bluey christmas coloring pages,1600,20,0.0,no,season-holiday,YES,SKIP-licensed
bold and easy coloring pages,1600,13,0.7,no,style-easy,no,BUILD
bugs coloring pages,1600,12,0.61,no,other,no,BUILD
bumblebee coloring page,1600,15,0.0,no,other,no,BUILD
bunny rabbit coloring page,1600,17,0.54,no,animals,no,BUILD
care bears coloring pages,1600,17,0.0,no,other,no,BUILD
castle coloring page,1600,12,0.0,no,other,no,BUILD
cat and dog coloring pages,1600,20,0.88,no,animals,no,BUILD
catnap coloring page,1600,17,0.0,no,other,no,BUILD
character coloring pages,1600,30,1.22,no,other,no,BUILD
charmander coloring page,1600,7,0.0,no,other,no,BUILD
cheer coloring pages,1600,12,0.0,no,other,no,BUILD
cheerleader coloring pages,1600,17,0.44,no,other,no,BUILD
chicken jockey coloring page,1600,24,0.0,no,other,no,BUILD
christmas coloring pages printable pdf,1600,34,0.0,no,season-holiday,no,BUILD
cinco de mayo coloring pages,1600,12,0.49,no,other,no,BUILD
color mountain coloring pages,1600,17,0.0,yes,other,no,BUILD
color pages puppies,1600,19,0.42,no,other,no,BUILD
color printer test page,1600,5,0.0,no,other,no,BUILD
coloring book finding nemo coloring pages,1600,17,0.0,no,other,no,BUILD
coloring book pages of elephants,1600,15,0.0,yes,animals,no,BUILD
coloring garden pages,1600,17,0.74,no,nature-flowers,no,BUILD
coloring page of a hummingbird,1600,14,0.0,no,animals,no,BUILD
coloring pages doughnut,1600,11,0.0,no,other,no,BUILD
coloring pages for dolphins,1600,16,0.68,no,animals,no,BUILD
coloring pages for planets,1600,17,0.0,no,vehicles,no,BUILD
coloring pages get well,1600,11,0.0,no,other,no,BUILD
coloring pages mario luigi,1600,18,0.0,no,other,YES,SKIP-licensed
coloring pages of ducks,1600,6,0.26,no,other,no,BUILD
coloring pages of insects,1600,18,0.61,no,other,no,BUILD
coloring pages of lizards,1600,13,0.0,no,other,no,BUILD
coloring pages of snakes,1600,15,0.0,no,other,no,BUILD
coloring pages of trains,1600,17,0.0,no,vehicles,no,BUILD
construction coloring pages,1600,14,0.67,no,other,no,BUILD
cute cats coloring pages,1600,17,0.0,no,style-cute,no,BUILD
cute dinosaur coloring pages,1600,17,0.0,no,animals,no,BUILD
cute food coloring pages,1600,13,0.0,no,food,no,BUILD
cute hello kitty coloring pages,1600,22,0.0,no,style-cute,YES,SKIP-licensed
cute puppy coloring pages,1600,12,0.0,no,style-cute,no,BUILD
cute puppy dog coloring pages,1600,26,0.0,no,animals,no,BUILD
deadpool coloring pages,1600,14,0.0,no,other,no,BUILD
deer coloring book pages,1600,11,1.43,no,other,no,BUILD
detailed coloring pages,1600,30,0.89,no,style-detailed,no,BUILD
difficult coloring pages,1600,28,0.0,no,other,no,BUILD
dinosaurs coloring page,1600,22,0.4,no,animals,no,BUILD
disney christmas coloring pages,1600,21,0.0,no,season-holiday,YES,SKIP-licensed
disney princess tiana coloring pages,1600,12,0.0,no,other,YES,SKIP-licensed
dogman x petey coloring page,1600,15,0.0,yes,other,no,BUILD
dragon z coloring pages,1600,9,0.0,no,animals,no,BUILD
duckling coloring page,1600,10,0.32,no,other,no,BUILD
easy adult coloring pages,1600,17,1.36,no,audience-adults,no,BUILD
family coloring page,1600,11,0.8,no,other,no,BUILD
five nights of freddy's coloring pages,1600,11,0.0,no,other,YES,SKIP-licensed
free print halloween coloring pages,1600,25,0.0,no,season-holiday,no,BUILD
friendship coloring pages,1600,17,0.66,no,other,no,BUILD
gabbys dollhouse coloring pages,1600,24,1.73,no,other,YES,SKIP-licensed
garfield coloring pages,1600,12,0.0,no,other,YES,SKIP-licensed
get well soon coloring pages,1600,14,0.0,no,other,no,BUILD
graffiti coloring pages,1600,23,0.52,no,other,no,BUILD
grinch christmas coloring pages,1600,17,0.0,no,season-holiday,no,BUILD
hanukkah coloring pages,1600,14,0.0,no,season-holiday,no,BUILD
happy fathers day coloring pages,1600,12,0.0,no,other,no,BUILD
haunted mansion coloring pages,1600,13,0.0,no,other,no,BUILD
hedgehog coloring page,1600,12,0.0,no,other,YES,SKIP-licensed
hockey coloring pages,1600,14,0.0,no,other,no,BUILD
horror coloring pages,1600,18,0.0,no,other,no,BUILD
horror movie coloring pages,1600,23,0.0,no,other,no,BUILD
inspirational coloring pages,1600,21,4.1,no,other,no,BUILD
iron man coloring page,1600,23,0.34,no,other,no,BUILD
jurassic park coloring pages,1600,15,0.0,no,other,no,BUILD
katseye coloring pages,1600,24,0.0,no,other,no,BUILD
kitty cat color pages,1600,12,0.0,no,animals,no,BUILD
knuckles coloring page,1600,14,0.0,no,other,no,BUILD
lamborghini coloring page,1600,11,0.0,no,other,no,BUILD
latin american color pages free,1600,14,0.0,yes,other,no,BUILD
leaf coloring page,1600,16,0.0,no,nature-flowers,no,BUILD
lisa frank coloring book pages,1600,26,0.38,no,other,no,BUILD
lol doll coloring pages,1600,13,0.0,no,other,no,BUILD
luigi coloring pages,1600,20,0.0,no,other,YES,SKIP-licensed
makeup coloring pages,1600,13,1.35,no,other,no,BUILD
mandala coloring pages for adults,1600,20,1.06,no,audience-adults,no,BUILD
marvel comics coloring pages,1600,21,0.0,no,other,YES,SKIP-licensed
mcqueen coloring pages,1600,17,0.3,no,other,no,BUILD
memorial day coloring pages,1600,16,0.0,no,other,no,BUILD
mental health coloring pages,1600,20,2.54,no,other,no,BUILD
minecraft steve coloring pages,1600,16,0.0,no,other,YES,SKIP-licensed
miraculous ladybug coloring pages,1600,12,0.0,no,other,no,BUILD
motivational coloring pages,1600,25,5.04,no,other,no,BUILD
mr stinky feet coloring page,1600,23,0.0,no,other,no,BUILD
music coloring pages,1600,13,0.14,no,other,no,BUILD
my hero academia coloring pages,1600,12,0.0,no,other,no,BUILD
nike coloring pages,1600,20,0.0,no,other,no,BUILD
november coloring pages,1600,13,0.0,no,other,no,BUILD
number block color pages,1600,19,0.67,no,letters-numbers,no,BUILD
october coloring pages,1600,15,0.0,no,other,no,BUILD
one piece colored pages,1600,33,0.37,no,other,YES,SKIP-licensed
optimus coloring pages,1600,11,0.0,no,other,no,BUILD
pattern coloring pages,1600,21,1.02,no,mandala-patterns,no,BUILD
pinterest coloring pages,1600,30,1.31,no,other,no,BUILD
pirate coloring pages,1600,16,0.0,no,other,no,BUILD
power ranger coloring pages,1600,11,0.0,no,other,no,BUILD
powerpuff girls coloring pages,1600,11,0.0,no,audience-kids,no,BUILD
princess jasmine and aladdin coloring pages,1600,18,0.0,no,other,no,BUILD
print dragon coloring pages,1600,19,0.44,no,animals,no,BUILD
printing barbie coloring pages,1600,23,0.0,no,other,YES,SKIP-licensed
rudolph coloring pages,1600,24,0.0,no,other,no,BUILD
rumi kpop demon hunters coloring pages,1600,30,0.0,no,other,YES,SKIP-licensed
sailor moon coloring pages,1600,9,0.0,no,other,no,BUILD
scariest coloring pages,1600,24,0.0,no,other,no,BUILD
scary coloring pages,1600,20,0.0,no,other,no,BUILD
school bus coloring pages,1600,20,1.02,no,other,no,BUILD
seashell color pages,1600,13,0.0,no,other,no,BUILD
shamrock coloring page,1600,13,0.0,no,other,no,BUILD
sharks coloring pages,1600,15,1.08,no,animals,no,BUILD
skye paw patrol coloring page,1600,25,0.0,no,other,YES,SKIP-licensed
sleeping beauty coloring pages,1600,14,0.0,no,other,no,BUILD
sonic 3 coloring pages,1600,9,0.0,no,other,YES,SKIP-licensed
spacecraft coloring pages,1600,23,0.0,no,other,no,BUILD
spider coloring page,1600,12,0.0,no,other,YES,SKIP-licensed
spidey and friends coloring pages,1600,18,0.0,no,other,no,BUILD
star coloring pages,1600,29,0.0,no,other,no,BUILD
steal a brainrot coloring pages,1600,25,0.0,no,other,no,BUILD
summer coloring pages for kids,1600,24,0.0,no,audience-kids,no,BUILD
super coloring pages,1600,30,1.3,no,other,no,BUILD
super sonic the hedgehog coloring pages,1600,13,0.0,no,other,YES,SKIP-licensed
tangled coloring pages,1600,25,0.0,no,other,no,BUILD
tiana princess and the frog coloring pages,1600,12,0.0,no,animals,no,BUILD
tinkerbell color pages,1600,22,0.0,no,other,no,BUILD
toca boca coloring pages,1600,24,0.0,no,other,no,BUILD
toy story buzz coloring pages,1600,16,0.0,no,other,YES,SKIP-licensed
tractor coloring page,1600,19,0.0,no,vehicles,no,BUILD
trash truck coloring page,1600,10,0.0,no,vehicles,no,BUILD
trippy coloring pages,1600,23,1.32,no,other,no,BUILD
trippy coloring pages for adults,1600,25,0.86,no,audience-adults,no,BUILD
trolls movie coloring pages,1600,11,0.0,no,other,YES,SKIP-licensed
turtle coloring book pages,1600,17,0.44,no,animals,no,BUILD
veterans day coloring pages,1600,10,0.0,no,other,no,BUILD
volcano coloring pages,1600,20,0.0,no,other,no,BUILD
volkswagen logo coloring page,1600,8,0.0,no,other,no,BUILD
white pages usa colorado,1600,19,1.07,yes,other,no,BUILD
wwe superstars coloring pages,1600,10,0.0,no,other,no,BUILD
zootopia 2 coloring pages,1600,14,0.0,no,other,no,BUILD
2026 coloring pages,1300,26,0.0,no,other,no,BUILD
abcmouse cat coloring pages,1300,28,0.0,no,animals,no,BUILD
adorable animal coloring pages,1300,14,1.92,no,animals,YES,SKIP-licensed
adult coloring pages animals,1300,19,1.05,no,audience-adults,no,BUILD
aduly coloring pages,1300,30,1.29,no,other,no,BUILD
alice in wonderland color pages,1300,20,0.0,no,other,no,BUILD
alice wonderland coloring pages,1300,17,0.0,no,other,no,BUILD
alligator coloring page,1300,11,0.0,no,other,no,BUILD
animal coloring book pages,1300,18,1.29,no,animals,no,BUILD
animal coloring pages for adults,1300,25,1.42,no,audience-adults,no,BUILD
apples coloring pages,1300,14,0.0,no,other,no,BUILD
army coloring pages,1300,12,0.0,no,other,no,BUILD
astronaut coloring pages,1300,20,0.0,no,other,no,BUILD
august coloring pages,1300,22,0.0,no,other,no,BUILD
ballerina cappuccina coloring page,1300,23,0.0,no,other,no,BUILD
ballerina coloring book pages,1300,17,0.15,no,other,no,BUILD
banana coloring page,1300,15,0.0,no,other,no,BUILD
barbie coloring in pages,1300,25,0.42,no,other,YES,SKIP-licensed
barbie colors coloring pages,1300,20,0.42,no,other,YES,SKIP-licensed
baseball game coloring pages,1300,24,0.77,no,other,no,BUILD
bats coloring pages,1300,14,0.0,no,other,no,BUILD
bears coloring pages,1300,12,0.76,no,other,no,BUILD
bees coloring pages,1300,20,1.12,no,other,no,BUILD
belle princess coloring pages,1300,16,0.0,no,other,no,BUILD
ben 10 coloring pages,1300,10,0.16,no,other,no,BUILD
betty boop coloring pages,1300,21,0.0,no,other,no,BUILD
bible with coloring pages,1300,6,1.17,no,other,no,BUILD
bingo coloring pages,1300,17,0.0,no,other,no,BUILD
black girl coloring pages,1300,16,0.0,no,other,no,BUILD
bluey halloween coloring pages,1300,23,0.0,no,season-holiday,YES,SKIP-licensed
boat coloring pages,1300,12,0.0,no,vehicles,no,BUILD
bobbie good coloring pages,1300,21,0.76,no,other,no,BUILD
book coloring pages,1300,27,1.12,no,other,no,BUILD
books coloring pages,1300,33,1.12,no,other,no,BUILD
brawl stars coloring pages,1300,13,0.0,no,other,no,BUILD
buck coloring page,1300,9,1.43,no,other,no,BUILD
camper coloring pages,1300,15,0.0,no,other,no,BUILD
candy cane coloring pages,1300,7,0.0,no,food,no,BUILD
cars movie coloring pages,1300,14,0.5,no,other,YES,SKIP-licensed
cartoon character coloring pages,1300,26,1.49,no,other,no,BUILD
cartoon characters coloring pages,1300,35,1.22,no,other,no,BUILD
cat coloring pages to print,1300,13,0.5,no,animals,no,BUILD
cat in hat coloring pages,1300,13,0.0,no,animals,no,BUILD
change photo to coloring page,1300,18,0.42,no,other,no,BUILD
chiefs coloring pages,1300,22,0.0,no,other,no,BUILD
christian easter coloring pages,1300,13,1.28,no,season-holiday,no,BUILD
chucky coloring pages,1300,9,0.0,no,other,no,BUILD
coco coloring pages,1300,12,0.0,no,other,no,BUILD
color print test page,1300,25,0.0,yes,other,no,BUILD
coloring book pages adults,1300,30,1.29,no,audience-adults,no,BUILD
coloring book pages of bears,1300,11,1.39,yes,other,no,BUILD
coloring page 4 leaf clover,1300,15,0.0,no,nature-flowers,no,BUILD
coloring page of a four leaf clover,1300,10,0.0,no,nature-flowers,no,BUILD
coloring page of an eagle,1300,16,0.0,no,other,no,BUILD
coloring page of christmas ornaments,1300,15,0.0,no,season-holiday,no,BUILD
coloring page real soccer player,1300,11,0.0,no,other,no,BUILD
coloring pages birds,1300,15,0.55,no,animals,no,BUILD
coloring pages for cheerleading,1300,14,0.0,no,other,no,BUILD
coloring pages mickey and minnie mouse,1300,24,0.0,no,other,YES,SKIP-licensed
coloring pages minnie and mickey,1300,17,0.0,no,other,YES,SKIP-licensed
coloring pages of lions,1300,11,0.26,no,animals,no,BUILD
coloring pages of skeletons,1300,15,0.0,no,other,no,BUILD
coloring pages of states,1300,20,0.0,no,flags-geo,no,BUILD
coloring pages seahawks,1300,15,0.0,no,other,no,BUILD
coloring pages strawberries,1300,11,0.92,no,other,no,BUILD
coloring pages with math,1300,15,0.34,no,other,no,BUILD
crab coloring pages,1300,18,0.0,no,other,no,BUILD
crayola holiday coloring pages,1300,29,0.0,no,other,no,BUILD
creeper minecraft coloring page,1300,17,0.0,no,other,YES,SKIP-licensed
crocodile coloring pages,1300,15,0.0,no,other,no,BUILD
cute bunny coloring pages,1300,17,0.0,no,animals,no,BUILD
cute coloring pages for teens,1300,32,0.0,no,audience-adults,no,BUILD
cute dragon coloring pages,1300,23,0.0,no,animals,no,BUILD
cute easter coloring pages,1300,22,0.36,no,season-holiday,no,BUILD
cute kitten coloring pages,1300,23,0.0,no,style-cute,no,BUILD
cute kitty coloring pages,1300,18,0.0,no,style-cute,no,BUILD
cute simple coloring pages,1300,31,0.0,no,style-cute,no,BUILD
cute summer coloring pages,1300,22,0.0,no,season-holiday,no,BUILD
cute unicorn coloring pages,1300,25,0.0,no,animals,no,BUILD
cute valentine coloring pages,1300,15,0.0,no,season-holiday,no,BUILD
cybertruck coloring page,1300,10,0.0,no,vehicles,no,BUILD
dia de los muertos coloring pages,1300,16,0.0,no,other,no,BUILD
dirt bike coloring page,1300,19,0.0,no,other,no,BUILD
disney cars printable coloring pages,1300,13,0.0,no,other,YES,SKIP-licensed
disney princess coloring book pages,1300,22,0.16,no,other,YES,SKIP-licensed
disney princess rapunzel coloring pages,1300,30,0.0,no,other,YES,SKIP-licensed
disney princesses coloring pages,1300,25,0.0,no,other,YES,SKIP-licensed
disney printing coloring pages,1300,30,0.0,no,other,YES,SKIP-licensed
dora cartoon coloring pages,1300,11,0.0,no,other,YES,SKIP-licensed
dragon ball z goku coloring pages,1300,25,0.0,no,animals,YES,SKIP-licensed
dragons coloring pages,1300,26,0.41,no,animals,no,BUILD
duck and duckling coloring pages,1300,5,0.31,no,other,no,BUILD
easter coloring pages for kids,1300,16,0.0,no,audience-kids,no,BUILD
easy halloween coloring pages,1300,21,0.0,no,season-holiday,no,BUILD
elfontheshelf coloring pages,1300,10,0.0,no,other,no,BUILD
emotions coloring pages,1300,18,0.47,no,other,no,BUILD
encanto coloring pages,1300,11,0.0,no,other,YES,SKIP-licensed
excavator coloring page,1300,14,0.0,no,other,no,BUILD
farm animals coloring pages,1300,19,1.37,no,animals,no,BUILD
first day of school coloring pages,1300,21,0.0,no,other,no,BUILD
fishing coloring page,1300,12,0.64,no,animals,no,BUILD
flower coloring pages for kids,1300,18,0.0,no,audience-kids,no,BUILD
forestry coloring pages,1300,18,0.0,no,other,no,BUILD
forsaken coloring pages,1300,24,0.0,no,other,no,BUILD
foxes coloring pages,1300,12,0.0,no,animals,no,BUILD
fruit of the spirit coloring page,1300,7,0.0,no,food,no,BUILD
gabby doll house coloring pages,1300,18,0.0,no,other,YES,SKIP-licensed
german shepherd dog coloring pages,1300,11,0.0,yes,animals,no,BUILD
ghost spider coloring page,1300,19,0.0,no,other,YES,SKIP-licensed
ghostface coloring page,1300,24,0.0,no,other,no,BUILD
gnome coloring pages,1300,20,1.33,no,other,no,BUILD
grad coloring pages,1300,9,0.48,no,other,no,BUILD
hamster coloring page,1300,17,0.0,no,other,no,BUILD
hawaii coloring pages,1300,7,0.0,no,other,no,BUILD
hen coloring page,1300,12,0.59,no,other,no,BUILD
horses coloring pages,1300,20,0.53,no,animals,no,BUILD
house coloring book page,1300,21,0.0,no,other,no,BUILD
how to train a dragon coloring pages,1300,25,0.0,no,animals,no,BUILD
i love you coloring pages,1300,12,0.0,no,other,no,BUILD
ice cream cone coloring page,1300,10,0.0,no,food,no,BUILD
inside out 2 coloring pages,1300,12,0.0,no,other,no,BUILD
jack o lantern coloring page,1300,11,0.0,no,other,no,BUILD
jack skeleton coloring pages,1300,10,0.0,no,other,no,BUILD
jinu coloring pages,1300,28,0.0,no,other,no,BUILD
july 4 coloring pages,1300,14,0.0,no,season-holiday,no,BUILD
june coloring pages,1300,20,0.0,no,other,no,BUILD
katseye colored pages small,1300,22,0.0,no,other,no,BUILD
killer whale coloring page,1300,17,0.0,no,other,no,BUILD
kindness coloring pages,1300,11,0.5,no,other,no,BUILD
king kong coloring pages,1300,10,0.0,no,other,no,BUILD
kitties coloring pages,1300,19,0.14,no,other,no,BUILD
lady bug coloring page,1300,24,0.0,no,other,no,BUILD
lamb coloring page,1300,14,0.0,no,other,no,BUILD
lambo coloring pages,1300,19,0.0,no,other,no,BUILD
landscape coloring pages,1300,23,0.0,no,other,no,BUILD
lebron james coloring pages,1300,7,0.0,no,other,no,BUILD
legendary pokemon coloring pages,1300,5,0.0,no,other,YES,SKIP-licensed
letter b coloring pages,1300,13,0.0,no,letters-numbers,no,BUILD
lisa frank coloring books pages,1300,21,0.0,no,other,no,BUILD
little ponies coloring pages,1300,7,0.26,no,other,no,BUILD
lizard coloring page,1300,13,0.0,no,other,no,BUILD
love coloring pages,1300,20,2.1,no,other,no,BUILD
make a coloring page from a photo,1300,29,0.42,no,other,no,BUILD
mandala art coloring pages,1300,16,1.05,no,mandala-patterns,no,BUILD
mandala coloring book pages,1300,20,0.75,no,mandala-patterns,no,BUILD
mardi gras coloring pages,1300,15,0.0,no,other,no,BUILD
mario cart coloring pages,1300,22,0.0,no,other,YES,SKIP-licensed
mario coloring book pages,1300,23,0.51,no,other,YES,SKIP-licensed
mario coloring in pages,1300,9,0.47,no,other,YES,SKIP-licensed
mexican flag coloring page,1300,13,0.0,no,flags-geo,no,BUILD
mice coloring pages,1300,16,0.0,no,other,no,BUILD
michael jordan coloring pages,1300,10,0.0,no,other,no,BUILD
mickey mouse clubhouse coloring pages,1300,17,0.0,no,other,YES,SKIP-licensed
military coloring pages,1300,16,0.0,no,other,no,BUILD
mira kpop demon hunters coloring pages,1300,28,0.0,no,other,YES,SKIP-licensed
moana 2 coloring pages,1300,11,0.0,no,other,YES,SKIP-licensed
money coloring pages,1300,16,0.0,no,other,no,BUILD
monkey coloring book page,1300,10,0.0,no,other,no,BUILD
mosasaurus coloring page,1300,9,0.0,no,other,no,BUILD
mouse coloring page,1300,17,0.0,no,other,no,BUILD
my little ponies coloring pages,1300,16,0.19,no,other,no,BUILD
name coloring pages,1300,22,1.13,no,other,no,BUILD
nba coloring pages,1300,17,0.0,no,other,no,BUILD
new year coloring pages,1300,26,0.0,no,season-holiday,no,BUILD
nfl football coloring pages,1300,14,0.0,no,other,no,BUILD
nintendo mario coloring pages,1300,30,0.51,no,other,YES,SKIP-licensed
number blocks coloring pages,1300,20,0.36,no,letters-numbers,no,BUILD
nutcracker coloring page,1300,23,0.0,no,other,no,BUILD
ocean animal coloring pages,1300,16,0.75,no,animals,no,BUILD
octonauts coloring pages,1300,14,0.0,no,other,no,BUILD
olaf coloring book page,1300,19,0.0,yes,other,no,BUILD
olaf coloring pages,1300,19,0.0,no,other,no,BUILD
orca whale coloring page,1300,22,0.0,no,other,no,BUILD
ornament coloring page,1300,19,0.0,no,other,no,BUILD
pesach coloring pages,1300,4,1.81,no,other,no,BUILD
phineas and ferb coloring pages,1300,19,0.34,no,other,no,BUILD
phone coloring pages,1300,24,2.49,no,other,no,BUILD
photo to coloring page,1300,25,0.55,no,other,no,BUILD
piggy coloring pages,1300,17,0.0,no,other,no,BUILD
plane coloring page,1300,19,0.0,no,vehicles,no,BUILD
polar bear coloring pages,1300,13,0.0,no,other,no,BUILD
poli car coloring pages,1300,23,0.0,no,vehicles,no,BUILD
popsicle coloring page,1300,9,0.0,no,other,no,BUILD
precious moments coloring pages,1300,23,0.62,no,other,no,BUILD
princess rapunzel coloring pages,1300,19,0.0,no,other,no,BUILD
print sonic the hedgehog coloring pages,1300,14,0.0,yes,other,YES,SKIP-licensed
procreate coloring pages,1300,15,0.46,no,other,no,BUILD
rainbow high coloring pages,1300,14,0.0,no,other,no,BUILD
roses coloring pages,1300,19,0.0,no,nature-flowers,no,BUILD
sea creature coloring pages,1300,18,1.47,no,ocean-sea,no,BUILD
sea turtles coloring pages,1300,22,0.0,no,animals,no,BUILD
seattle seahawks coloring pages,1300,20,0.0,no,other,no,BUILD
shapes coloring pages,1300,13,1.46,no,other,no,BUILD
shoe coloring page,1300,20,0.0,no,other,no,BUILD
shopkin coloring pages,1300,8,0.0,no,other,no,BUILD
simple coloring page,1300,31,1.68,no,style-easy,no,BUILD
simple coloring pages for adults,1300,19,0.79,no,audience-adults,no,BUILD
skeleton coloring pages,1300,17,0.0,no,other,no,BUILD
skibidi toilet coloring pages,1300,23,0.0,no,other,no,BUILD
skull coloring pages,1300,15,1.23,no,other,no,BUILD
smiling critters coloring pages,1300,17,0.0,no,other,no,BUILD
softball coloring page,1300,12,0.0,no,other,no,BUILD
spring time coloring pages,1300,19,0.17,no,season-holiday,no,BUILD
squirtle coloring page,1300,17,0.0,no,other,no,BUILD
st. patrick's day coloring pages,1300,15,0.0,no,other,no,BUILD
stained glass coloring pages,1300,23,0.42,no,other,no,BUILD
star wars coloring book pages,1300,22,2.01,no,other,YES,SKIP-licensed
stoner coloring pages,1300,24,0.83,no,other,no,BUILD
strawberry plant coloring page,1300,14,0.0,no,other,no,BUILD
sugar skull coloring pages,1300,18,1.66,no,other,no,BUILD
super mario galaxy coloring pages,1300,24,0.0,no,other,YES,SKIP-licensed
super shadow coloring pages,1300,13,0.0,no,other,no,BUILD
superkitties coloring pages,1300,20,0.0,no,other,no,BUILD
swear word coloring pages,1300,21,1.43,no,other,no,BUILD
tails coloring pages,1300,13,0.0,no,other,no,BUILD
tattoo coloring pages,1300,16,1.17,no,other,no,BUILD
thank you coloring page,1300,5,0.0,no,other,no,BUILD
tom and jerry coloring pages,1300,11,0.23,no,other,no,BUILD
toy story buzz lightyear coloring pages,1300,10,0.0,no,other,YES,SKIP-licensed
triceratops coloring page,1300,12,0.0,no,other,no,BUILD
tyrannosaurus rex coloring page,1300,14,0.33,no,other,no,BUILD
u.s. flag coloring page,1300,22,0.0,no,flags-geo,no,BUILD
under the sea coloring pages,1300,15,0.99,no,ocean-sea,no,BUILD
unicorn rainbow coloring pages,1300,14,0.0,no,animals,no,BUILD
usa coloring pages,1300,24,0.0,no,other,no,BUILD
volleyball coloring pages,1300,15,0.0,no,other,no,BUILD
warrior cat coloring pages,1300,23,0.0,no,animals,no,BUILD
wedding coloring pages,1300,21,0.3,no,other,no,BUILD
weed coloring pages,1300,24,0.31,no,other,no,BUILD
western coloring pages,1300,24,0.0,no,other,no,BUILD
wild kratts coloring pages,1300,18,0.0,no,other,no,BUILD
wolverine coloring pages,1300,12,0.0,no,other,no,BUILD
woody coloring page,1300,19,0.0,no,other,no,BUILD
world map coloring page,1300,19,0.61,no,flags-geo,no,BUILD
yoshi coloring page,1300,23,0.0,no,other,no,BUILD
zoey kpop demon hunters coloring pages,1300,15,0.0,no,other,YES,SKIP-licensed
zombies 4 coloring pages,1300,23,0.0,no,other,no,BUILD
10 bowser plush coloring page,1000,22,0.0,yes,other,no,BUILD
abstract art coloring pages,1000,14,1.33,no,other,no,BUILD
addition coloring pages,1000,19,0.24,no,other,no,BUILD
adorable puppy coloring pages,1000,17,0.0,no,other,YES,SKIP-licensed
adult fall coloring pages,1000,21,0.0,no,audience-adults,no,BUILD
adventure time color pages,1000,10,0.0,no,other,no,BUILD
alphabet lore coloring pages,1000,10,0.0,no,letters-numbers,no,BUILD
alvin and the chipmunks color pages,1000,15,0.0,no,other,no,BUILD
america coloring pages,1000,14,0.0,no,other,no,BUILD
anatomy coloring pages,1000,21,0.35,no,other,no,BUILD
art coloring pages,1000,34,1.52,no,other,no,BUILD
autumn leaves to color pages,1000,13,0.0,no,season-holiday,no,BUILD
avatar coloring pages,1000,25,0.0,no,other,no,BUILD
awesome coloring pages,1000,29,1.07,no,other,no,BUILD
barney coloring pages,1000,10,0.0,no,other,no,BUILD
bart simpson coloring pages,1000,19,0.0,no,other,no,BUILD
beaches coloring pages,1000,19,1.04,no,ocean-sea,no,BUILD
beachy coloring pages,1000,14,0.47,no,ocean-sea,no,BUILD
beautiful coloring pages,1000,35,1.45,no,other,no,BUILD
ben ten coloring pages,1000,7,0.16,no,other,no,BUILD
birthday card coloring page,1000,21,0.46,no,season-holiday,no,BUILD
black and white coloring pages,1000,22,1.28,no,other,no,BUILD
black history color pages,1000,14,0.71,no,other,no,BUILD
blaze coloring pages,1000,10,0.0,no,other,no,BUILD
blue coloring pages,1000,15,0.0,no,other,no,BUILD
blues clues coloring pages,1000,10,0.37,no,other,no,BUILD
bouquet of flowers coloring page,1000,20,0.0,no,nature-flowers,no,BUILD
brain coloring page,1000,17,0.0,no,other,no,BUILD
bugatti coloring page,1000,9,0.0,no,other,no,BUILD
bulbasaur coloring page,1000,11,0.0,no,other,no,BUILD
caterpillar coloring pages,1000,12,0.0,no,other,no,BUILD
chanukah coloring pages,1000,15,0.0,no,other,no,BUILD
chase coloring page,1000,18,0.0,no,other,no,BUILD
chase paw patrol coloring page,1000,14,0.0,no,other,YES,SKIP-licensed
cheetah coloring page,1000,8,0.0,no,other,no,BUILD
children's bible coloring pages,1000,26,0.0,no,audience-kids,no,BUILD
children's christian coloring pages,1000,26,1.02,no,audience-kids,no,BUILD
children's fall coloring pages,1000,18,0.0,no,audience-kids,no,BUILD
chistmas tree coloring page,1000,11,0.15,no,nature-flowers,no,BUILD
cinnamon roll hello kitty coloring page,1000,13,0.0,no,other,YES,SKIP-licensed
coco wyo free coloring pages,1000,25,0.0,no,other,no,BUILD
color by number pages,1000,20,1.41,no,letters-numbers,no,BUILD
color page flag,1000,10,0.0,no,flags-geo,no,BUILD
color test page,1000,15,0.0,no,other,no,BUILD
coloring page of an orange,1000,0,0.0,no,other,no,BUILD
coloring page us map,1000,19,0.0,no,flags-geo,no,BUILD
coloring pages about money,1000,15,0.0,no,other,no,BUILD
coloring pages characters,1000,21,1.22,no,other,no,BUILD
coloring pages for adults pdf,1000,35,0.8,no,audience-adults,no,BUILD
coloring pages for the holidays,1000,34,0.0,no,other,no,BUILD
coloring pages from books,1000,27,1.27,yes,other,no,BUILD
coloring pages of hot air balloons,1000,15,0.0,no,other,no,BUILD
coloring pages of husky dogs,1000,8,0.0,no,other,no,BUILD
coloring pages of oranges,1000,0,0.0,no,other,no,BUILD
coloring pages of paper dolls,1000,16,0.0,no,other,no,BUILD
coloring pages of pugs,1000,11,0.0,no,other,no,BUILD
coloring pages of seahorses,1000,15,0.0,no,animals,no,BUILD
coloring pages of stars,1000,23,0.0,no,other,no,BUILD
coloring pages of trees,1000,10,1.69,no,nature-flowers,no,BUILD
coloring pages of unicorns,1000,17,0.28,no,animals,no,BUILD
coloring pages of usa map,1000,19,0.0,no,flags-geo,no,BUILD
coloring pages of wiener dogs,1000,16,0.0,no,other,no,BUILD
coloring pages with apples,1000,8,0.0,no,other,no,BUILD
connect the dots coloring pages,1000,19,0.69,no,other,no,BUILD
construction site coloring pages,1000,13,0.67,no,other,no,BUILD
corgi coloring pages,1000,9,0.0,no,other,no,BUILD
cowboy coloring pages,1000,15,0.0,no,other,no,BUILD
cozy corner coloring page,1000,22,0.0,no,other,no,BUILD
cozy cute coloring pages,1000,18,0.31,no,style-cute,no,BUILD
crayon coloring page,1000,19,0.2,no,other,no,BUILD
creeper coloring page,1000,19,0.0,no,other,no,BUILD
cross coloring page,1000,7,1.18,no,other,no,BUILD
crown coloring page,1000,11,0.0,no,other,no,BUILD
curse word coloring pages,1000,28,1.43,no,other,no,BUILD
cuss word coloring pages,1000,24,1.02,no,other,no,BUILD
custom coloring pages,1000,23,0.49,no,other,no,BUILD
cute dino coloring pages,1000,23,0.0,no,style-cute,no,BUILD
cute disney coloring pages,1000,22,0.0,no,style-cute,YES,SKIP-licensed
cute flower coloring pages,1000,25,0.0,no,nature-flowers,no,BUILD
cute kawaii coloring pages,1000,20,0.0,no,style-cute,no,BUILD
cute pokemon coloring pages,1000,28,0.0,no,style-cute,YES,SKIP-licensed
cute puppies coloring pages,1000,21,0.0,no,style-cute,no,BUILD
cute spring coloring pages,1000,13,0.41,no,season-holiday,no,BUILD
cute thanksgiving coloring pages,1000,15,0.0,no,season-holiday,no,BUILD
d rex coloring page,1000,25,0.0,no,other,no,BUILD
daniel tiger's neighborhood coloring pages,1000,16,0.0,no,other,no,BUILD
dark sonic coloring pages,1000,19,0.0,no,other,YES,SKIP-licensed
david and goliath coloring page,1000,7,0.0,no,other,no,BUILD
day of the dead coloring pages,1000,17,0.0,no,other,no,BUILD
demonslayer coloring pages,1000,14,0.0,no,other,no,BUILD
dessert coloring pages,1000,12,0.0,no,other,no,BUILD
dinosaur coloring pages triceratops,1000,13,0.0,no,animals,no,BUILD
disney cars movie coloring pages,1000,11,0.0,no,other,YES,SKIP-licensed
disney characters coloring pages,1000,28,0.0,no,other,YES,SKIP-licensed
disney coloring pages for adults,1000,17,2.62,no,audience-adults,YES,SKIP-licensed
disney descendants coloring pages,1000,13,0.0,no,other,YES,SKIP-licensed
disney jasmine coloring pages,1000,18,0.0,no,other,YES,SKIP-licensed
doll coloring pages,1000,5,0.0,no,other,no,BUILD
donkey kong coloring pages,1000,20,0.0,no,other,no,BUILD
doodle coloring pages,1000,25,1.0,no,other,no,BUILD
dot coloring pages,1000,13,0.51,no,other,no,BUILD
dress coloring pages,1000,11,0.0,no,other,no,BUILD
eagles coloring pages,1000,18,0.0,no,other,no,BUILD
easy mandala coloring pages,1000,24,0.99,no,mandala-patterns,no,BUILD
emoji coloring pages,1000,16,0.08,no,other,no,BUILD
eye coloring page,1000,13,0.0,no,other,no,BUILD
fall leaves coloring pages,1000,11,0.0,no,season-holiday,no,BUILD
fantasy coloring pages,1000,10,1.45,no,other,no,BUILD
fashion coloring pages,1000,24,0.0,no,other,no,BUILD
firefighter coloring pages,1000,13,0.0,no,other,no,BUILD
fireman coloring pages,1000,14,0.0,no,other,no,BUILD
flamingo coloring page,1000,13,0.0,no,other,no,BUILD
flash coloring pages,1000,17,0.0,no,other,no,BUILD
floral coloring pages for adults,1000,30,1.02,no,audience-adults,no,BUILD
forest coloring pages,1000,24,0.0,no,other,no,BUILD
freddy fazbear coloring page,1000,11,0.0,no,other,no,BUILD
free coloring pages to print for adults,1000,34,0.26,no,audience-adults,no,BUILD
free printable coloring pages for adults advanced pdf,1000,24,0.71,no,audience-adults,no,BUILD
friends coloring pages,1000,14,0.0,no,other,no,BUILD
frozen movie coloring pages,1000,22,0.0,no,other,YES,SKIP-licensed
gardening coloring pages,1000,13,1.55,no,nature-flowers,no,BUILD
geometric coloring pages,1000,14,0.46,no,mandala-patterns,no,BUILD
girl coloring book pages,1000,23,0.0,no,other,no,BUILD
goat coloring pages,1000,11,0.0,no,other,no,BUILD
golden retriever coloring page,1000,15,0.0,no,other,no,BUILD
goofy coloring pages,1000,18,0.0,no,other,no,BUILD
gorilla coloring page,1000,10,0.0,no,other,no,BUILD
gorilla tag coloring pages,1000,16,0.0,no,other,no,BUILD
gothic coloring pages,1000,24,0.38,no,other,no,BUILD
graduation coloring page,1000,6,0.0,no,other,no,BUILD
grave digger coloring pages,1000,17,0.0,no,other,no,BUILD
grave digger monster truck coloring pages,1000,17,0.0,no,vehicles,no,BUILD
gravity falls coloring pages,1000,10,0.0,no,season-holiday,no,BUILD
groundhog day coloring pages,1000,12,0.0,no,other,no,BUILD
halloween cat coloring pages,1000,14,0.0,no,season-holiday,no,BUILD
halloween coloring pages for kids,1000,28,0.0,no,audience-kids,no,BUILD
happy birthday dad coloring pages,1000,12,0.0,no,season-holiday,no,BUILD
happy thanksgiving coloring pages,1000,21,0.0,no,season-holiday,no,BUILD
harry potter coloring pages to print,1000,9,0.43,no,other,YES,SKIP-licensed
hazbin hotel coloring pages,1000,23,0.0,no,other,no,BUILD
heart shape color page,1000,23,0.0,no,other,no,BUILD
helicopter coloring pages,1000,19,0.0,no,other,no,BUILD
hippo coloring pages,1000,14,0.0,no,other,no,BUILD
hot chocolate coloring page,1000,13,0.0,no,other,no,BUILD
houses coloring pages,1000,9,0.0,no,other,no,BUILD
husky dog coloring pages,1000,14,0.0,no,animals,no,BUILD
indominus rex coloring page,1000,13,0.0,no,other,no,BUILD
iron man coloring book pages,1000,22,0.28,no,other,no,BUILD
jellycat coloring pages,1000,24,0.0,no,other,no,BUILD
jjk coloring pages,1000,12,0.0,no,other,no,BUILD
jordan coloring pages,1000,14,0.0,no,other,no,BUILD
jujutsu kaisen coloring pages,1000,14,0.0,no,other,YES,SKIP-licensed
july coloring pages,1000,16,0.0,no,season-holiday,no,BUILD
jungle coloring pages,1000,13,20.0,no,other,no,BUILD
knight coloring page,1000,14,0.0,no,other,no,BUILD
kpop idols huntrix kpop demon hunters coloring pages,1000,19,0.0,no,other,YES,SKIP-licensed
ladybug cat noir coloring pages,1000,14,0.0,no,animals,no,BUILD
lds coloring pages,1000,22,0.0,no,other,no,BUILD
lego ninjago coloring pages,1000,10,0.0,no,other,no,BUILD
letter c coloring pages,1000,13,0.0,yes,letters-numbers,no,BUILD
library coloring pages,1000,18,1.56,no,other,no,BUILD
luffy coloring pages,1000,5,0.0,no,other,no,BUILD
map of united states coloring page,1000,26,0.0,no,flags-geo,no,BUILD
mario galaxy coloring pages,1000,22,0.0,no,other,YES,SKIP-licensed
martin luther king coloring page,1000,12,0.0,no,other,no,BUILD
mcdonalds coloring pages,1000,21,0.0,no,other,no,BUILD
megalodon coloring page,1000,17,0.0,no,other,no,BUILD
mewtwo coloring page,1000,8,0.0,no,other,no,BUILD
mexico coloring pages,1000,16,0.0,no,other,no,BUILD
mha colored pages,1000,29,0.0,no,other,no,BUILD
mha coloring pages,1000,11,0.0,no,other,no,BUILD
michael jackson coloring pages,1000,10,0.0,no,other,no,BUILD
mickey mouse coloring pages to print,1000,26,0.0,no,other,YES,SKIP-licensed
miku coloring pages,1000,9,0.0,no,other,no,BUILD
mindful coloring pages,1000,20,2.9,no,other,no,BUILD
mindfulness coloring pages,1000,20,1.91,no,other,no,BUILD
minecraft coloring pages print,1000,27,0.0,no,other,YES,SKIP-licensed
mini mouse coloring page,1000,26,0.57,no,other,no,BUILD
minnie coloring page,1000,13,0.23,no,other,YES,SKIP-licensed
mira coloring pages,1000,12,0.0,no,other,no,BUILD
moon coloring page,1000,17,0.0,no,other,no,BUILD
moto coloring pages,1000,17,0.0,no,other,no,BUILD
multiplication coloring pages,1000,8,0.12,no,other,no,BUILD
nail coloring page,1000,21,0.0,no,other,no,BUILD
naruto colored pages,1000,16,0.0,no,other,YES,SKIP-licensed
nezuko coloring pages,1000,8,0.0,no,other,no,BUILD
nfl player coloring pages,1000,20,0.0,no,other,no,BUILD
noah's ark coloring page,1000,14,0.0,no,other,no,BUILD
orca coloring page,1000,14,0.0,no,other,no,BUILD
outer space coloring pages,1000,28,0.0,no,other,no,BUILD
parrot coloring pages,1000,13,0.0,no,other,no,BUILD
pbs kids coloring pages,1000,30,1.27,no,audience-kids,no,BUILD
peacock coloring pages,1000,13,0.0,no,other,no,BUILD
pennywise coloring pages,1000,14,0.0,no,other,no,BUILD
people coloring book pages,1000,21,1.66,no,other,no,BUILD
plants coloring pages,1000,14,1.1,no,other,no,BUILD
plants vs zombies coloring pages,1000,9,0.0,no,other,no,BUILD
pocoyo coloring pages,1000,10,0.0,no,other,no,BUILD
pokémon coloring pages,1000,28,1.29,no,other,no,BUILD
polar express coloring page,1000,10,0.0,no,other,no,BUILD
powerpuff coloring pages,1000,10,0.0,no,other,no,BUILD
pretty coloring pages,1000,33,1.22,no,other,no,BUILD
pug dog coloring pages,1000,11,0.0,no,animals,no,BUILD
pumpkins coloring pages,1000,21,0.0,no,other,no,BUILD
rainbow fish coloring page,1000,13,0.0,no,animals,no,BUILD
rainy day coloring pages,1000,10,0.48,no,other,no,BUILD
realistic coloring pages,1000,22,2.09,no,other,no,BUILD
red panda coloring page,1000,11,0.0,no,animals,no,BUILD
religious easter coloring pages,1000,15,1.41,no,season-holiday,no,BUILD
rick and morty coloring pages,1000,13,0.0,no,other,no,BUILD
roomrecess coloring pages,1000,13,0.0,no,other,no,BUILD
sabrina carpenter coloring pages,1000,25,0.0,no,other,no,BUILD
saint coloring pages,1000,20,0.69,no,other,no,BUILD
scarecrow coloring page,1000,11,0.0,no,other,no,BUILD
sea shells coloring pages,1000,11,0.0,no,ocean-sea,no,BUILD
sea star coloring page,1000,11,0.0,no,ocean-sea,no,BUILD
seahorse coloring page,1000,11,0.0,no,animals,no,BUILD
semi truck coloring pages,1000,20,0.22,no,vehicles,no,BUILD
simpsons coloring pages,1000,18,0.0,no,other,no,BUILD
sloth coloring pages,1000,12,0.0,no,other,no,BUILD
smurfs coloring pages,1000,18,0.0,no,other,no,BUILD
snoopy christmas coloring pages,1000,17,0.0,no,season-holiday,YES,SKIP-licensed
snow coloring pages,1000,24,0.0,no,other,no,BUILD
soccer ball coloring page,1000,20,0.0,no,other,no,BUILD
sofia the first coloring pages,1000,13,0.0,no,other,no,BUILD
sonic exe coloring pages,1000,17,0.0,no,other,YES,SKIP-licensed
space ship coloring page,1000,20,0.0,no,other,no,BUILD
spongebob and patrick coloring pages,1000,17,0.0,no,other,YES,SKIP-licensed
spooky coloring pages,1000,25,0.0,no,other,no,BUILD
squid game coloring pages,1000,28,0.0,no,other,no,BUILD
st patrick day coloring pages,1000,17,0.15,no,season-holiday,no,BUILD
st patricks coloring pages,1000,18,0.15,no,season-holiday,no,BUILD
starfish coloring page,1000,13,0.0,no,animals,no,BUILD
states map coloring page,1000,19,0.0,no,flags-geo,no,BUILD
steve from minecraft coloring page,1000,13,0.0,no,other,YES,SKIP-licensed
stranger thing coloring pages,1000,0,0.0,no,other,no,BUILD
strawberry elephant coloring page,1000,11,0.0,no,animals,no,BUILD
super kitty coloring pages,1000,6,0.0,no,other,no,BUILD
super mario bros coloring pages,1000,25,0.39,no,other,YES,SKIP-licensed
super mario brothers coloring pages,1000,24,0.0,no,other,YES,SKIP-licensed
teacher appreciation coloring page,1000,11,0.0,no,other,no,BUILD
teacher coloring pages,1000,11,2.67,no,other,no,BUILD
teddy bear coloring page,1000,23,0.0,no,other,no,BUILD
teenage coloring pages,1000,27,0.98,no,audience-adults,no,BUILD
thomas and friends coloring pages,1000,22,0.36,no,other,no,BUILD
trailer truck coloring pages,1000,16,0.42,no,vehicles,no,BUILD
unicorn coloring pages to print,1000,16,0.42,no,animals,no,BUILD
united states coloring page,1000,18,0.0,no,flags-geo,no,BUILD
weather coloring pages,1000,18,0.2,no,other,no,BUILD
wednesday coloring pages,1000,10,0.0,no,other,YES,SKIP-licensed
winnie the pooh bear coloring pages,1000,10,0.43,no,other,YES,SKIP-licensed
witch coloring pages,1000,23,0.79,no,other,no,BUILD
wizard of oz color pages,1000,10,0.0,no,other,no,BUILD
zebra coloring pages,1000,11,0.0,no,other,no,BUILD
abcmouse coloring pages,880,23,1.51,no,letters-numbers,no,BUILD
abcmouse flower coloring pages,880,19,0.0,no,nature-flowers,no,BUILD
abstract coloring pages,880,15,1.33,no,other,no,BUILD
adorable cute stitch coloring pages,880,16,0.0,no,style-cute,YES,SKIP-licensed
adult disney coloring pages,880,24,2.62,no,audience-adults,YES,SKIP-licensed
alvinnn and the chipmunks coloring pages,880,22,0.0,no,other,no,BUILD
animal coloring pages for kids,880,30,0.0,no,audience-kids,no,BUILD
anna frozen coloring page,880,12,0.0,no,other,YES,SKIP-licensed
aurora coloring pages,880,10,0.0,no,other,no,BUILD
baby yoda coloring page,880,16,0.0,no,other,no,BUILD
baddie coloring pages,880,23,0.0,no,other,no,BUILD
bald eagle coloring page,880,12,0.0,no,other,no,BUILD
barbie coloring book pages,880,25,0.0,no,other,YES,SKIP-licensed
bible quotes coloring pages,880,11,2.0,no,other,no,BUILD
billie eilish color pages,880,19,0.0,no,other,no,BUILD
bird coloring book pages,880,14,0.95,no,animals,no,BUILD
bold coloring pages,880,16,0.0,no,other,no,BUILD
c coloring pages,880,15,0.0,no,other,no,BUILD
cactus coloring page,880,16,0.0,no,other,no,BUILD
cardinal coloring page,880,11,0.0,no,other,no,BUILD
cat and the hat coloring pages,880,12,0.0,no,animals,no,BUILD
cat coloring book pages,880,11,0.3,no,animals,no,BUILD
chameleon coloring page,880,13,0.0,no,other,no,BUILD
cherry coloring pages,880,15,0.0,no,other,no,BUILD
chick coloring pages,880,20,0.59,no,other,no,BUILD
christmas coloring pages free print,880,35,0.0,no,season-holiday,no,BUILD
chuck e cheese coloring page,880,18,0.0,no,other,no,BUILD
cinderlla coloring page,880,23,0.31,no,other,no,BUILD
circle coloring page,880,15,0.0,no,other,no,BUILD
clifford the big red dog coloring pages,880,12,0.0,no,animals,no,BUILD
clown coloring pages,880,11,0.0,no,other,no,BUILD
coloring book pages of noah's ark,880,12,0.0,yes,other,no,BUILD
coloring page lego star wars,880,13,0.0,no,other,YES,SKIP-licensed
coloring page of a police officer,880,14,0.0,no,other,no,BUILD
coloring page piglet,880,14,0.0,no,other,no,BUILD
coloring pages donuts,880,13,0.0,no,food,no,BUILD
coloring pages for men,880,16,0.89,no,other,no,BUILD
coloring pages kittens,880,18,0.2,no,other,no,BUILD
coloring pages ocean creatures,880,21,0.75,yes,ocean-sea,no,BUILD
coloring pages of bible verses,880,10,2.0,no,other,no,BUILD
coloring pages of cute dinosaurs,880,15,0.0,yes,animals,no,BUILD
coloring pages of dolls,880,7,0.0,no,other,no,BUILD
coloring pages of doughnuts,880,11,0.0,no,other,no,BUILD
coloring pages of gnomes,880,11,1.33,no,other,no,BUILD
coloring pages of gorillas,880,11,0.0,no,other,no,BUILD
coloring pages of halloween cats,880,19,0.0,no,season-holiday,no,BUILD
coloring pages of link,880,11,0.0,no,other,no,BUILD
coloring pages of planes,880,14,0.0,no,vehicles,no,BUILD
coloring pages of policeman,880,15,0.0,yes,other,no,BUILD
coloring pages of realistic dragons,880,12,0.0,no,animals,no,BUILD
coloring pages of schools,880,19,1.35,no,other,no,BUILD
coloring pages of tennis shoes,880,13,0.0,no,other,no,BUILD
coloring pages of witches,880,10,0.79,no,other,no,BUILD
coloring pages of zombies,880,13,0.0,no,other,no,BUILD
coloring pages realistic flowers,880,19,0.0,no,nature-flowers,no,BUILD
community helpers coloring pages,880,16,0.62,no,other,no,BUILD
community workers coloring pages,880,19,0.62,no,other,no,BUILD
cookie coloring page,880,16,0.0,no,other,no,BUILD
cookie monster coloring pages,880,18,0.0,no,other,no,BUILD
corvette coloring pages,880,9,0.0,no,other,no,BUILD
cow print coloring pages,880,5,0.22,no,other,no,BUILD
cowgirl coloring pages,880,12,0.0,no,other,no,BUILD
crayola adult coloring pages,880,34,0.02,no,audience-adults,no,BUILD
crayola unicorn coloring pages,880,20,0.19,no,animals,no,BUILD
cute axolotl coloring pages,880,12,0.0,no,animals,no,BUILD
cute bear coloring pages,880,13,0.0,no,style-cute,no,BUILD
cute labubu coloring pages,880,25,0.0,no,style-cute,YES,SKIP-licensed
dachshund coloring pages,880,14,0.0,no,other,no,BUILD
dance coloring pages,880,16,0.94,no,other,no,BUILD
daniel tiger neighborhood coloring pages,880,12,0.0,no,other,no,BUILD
deku coloring pages,880,17,0.0,no,other,no,BUILD
dia de muertos coloring pages,880,22,0.0,no,other,no,BUILD
dirt biking coloring pages,880,10,0.0,no,other,no,BUILD
disney easter coloring pages,880,3,0.0,no,season-holiday,YES,SKIP-licensed
disney thanksgiving coloring pages,880,17,0.0,no,season-holiday,YES,SKIP-licensed
doc mcstuffins coloring pages,880,18,0.0,no,other,no,BUILD
donald duck coloring pages,880,19,0.0,no,other,no,BUILD
dot marker coloring pages,880,14,0.49,no,other,no,BUILD
dragonfly coloring page,880,11,0.0,no,animals,no,BUILD
dresses coloring pages,880,16,0.49,no,other,no,BUILD
dump truck coloring page,880,13,0.0,no,vehicles,no,BUILD
easy fall coloring pages,880,21,0.0,no,season-holiday,no,BUILD
easy flower coloring pages,880,21,0.0,no,nature-flowers,no,BUILD
eyeball coloring page,880,16,0.0,no,other,no,BUILD
farmer coloring page,880,15,0.0,no,other,no,BUILD
fathers day coloring page,880,10,0.0,no,other,no,BUILD
ferrari coloring pages,880,11,0.0,no,other,no,BUILD
finding dory coloring pages,880,7,0.0,no,other,no,BUILD
fire fighter coloring page,880,16,0.0,no,other,no,BUILD
five nights at freddys coloring pages,880,9,0.31,no,other,YES,SKIP-licensed
five nights of freddy coloring pages,880,0,0.0,no,other,YES,SKIP-licensed
formula 1 coloring pages,880,6,0.0,no,other,no,BUILD
free printable childrens coloring pages,880,32,0.42,no,audience-kids,no,BUILD
gabby coloring pages,880,10,0.0,no,other,YES,SKIP-licensed
gengar coloring page,880,6,0.0,no,other,no,BUILD
german shepherd coloring pages,880,11,0.0,no,other,no,BUILD
golf coloring pages,880,13,0.0,no,other,no,BUILD
guitar coloring page,880,22,0.0,no,other,no,BUILD
gummy bear coloring page,880,23,0.0,no,other,no,BUILD
happy birthday mom coloring page,880,11,0.0,no,season-holiday,no,BUILD
happy easter coloring pages,880,22,0.42,no,season-holiday,no,BUILD
happy face coloring page,880,19,0.0,no,other,no,BUILD
happy halloween coloring pages,880,14,0.0,no,season-holiday,no,BUILD
happy new year coloring page,880,11,0.0,no,season-holiday,no,BUILD
happy valentines day coloring pages,880,26,0.0,no,season-holiday,no,BUILD
hello kitty characters coloring pages,880,17,0.78,no,other,YES,SKIP-licensed
hello kitty coloring pages pdf,880,23,0.0,no,other,YES,SKIP-licensed
hispanic heritage coloring pages,880,12,0.0,no,other,no,BUILD
hispanic heritage month coloring pages,880,17,0.0,no,other,no,BUILD
horse coloring pages to print,880,20,1.6,no,animals,no,BUILD
hot air balloon coloring page,880,18,0.0,no,other,no,BUILD
hot wheel coloring pages,880,11,0.0,no,other,no,BUILD
hunting coloring pages,880,12,0.0,no,other,no,BUILD
husky coloring pages,880,9,0.0,no,other,no,BUILD
images of easter coloring pages,880,20,0.23,no,season-holiday,no,BUILD
inside out movie coloring pages,880,10,0.33,no,other,no,BUILD
jeep coloring pages,880,20,0.0,no,other,no,BUILD
jelly fish coloring page,880,12,0.0,no,animals,no,BUILD
juice wrld coloring pages,880,23,0.0,no,other,no,BUILD
jurassic world rebirth coloring pages,880,13,0.0,no,other,no,BUILD
justin jefferson coloring pages,880,16,0.0,no,other,no,BUILD
k-pop demon hunters coloring pages,880,17,0.66,no,other,YES,SKIP-licensed
kangaroo coloring page,880,11,0.0,no,other,no,BUILD
kansas city chiefs coloring pages,880,17,0.0,no,other,no,BUILD
katseye colored pages samll,880,25,0.0,no,other,no,BUILD
katseye colored pages small stickers,880,22,0.0,no,other,no,BUILD
kaws coloring pages,880,17,0.0,no,other,no,BUILD
kitten cat coloring pages,880,18,0.14,no,animals,no,BUILD
koala bear color page,880,17,3.14,no,other,no,BUILD
l.o.l doll coloring pages,880,6,0.0,no,other,no,BUILD
lankybox coloring pages,880,3,0.0,no,other,no,BUILD
leopard coloring page,880,17,0.0,no,other,no,BUILD
letter d coloring pages,880,12,0.0,no,letters-numbers,no,BUILD
lightening mcqueen coloring page,880,14,0.3,no,other,no,BUILD
lollipop coloring page,880,11,0.0,no,other,no,BUILD
looney tunes coloring pages,880,11,0.0,no,other,no,BUILD
mandalas coloring pages,880,27,0.53,no,mandala-patterns,no,BUILD
mario bros coloring pages,880,23,0.0,no,other,YES,SKIP-licensed
mario characters coloring pages,880,22,0.47,no,other,YES,SKIP-licensed
marshall paw patrol coloring page,880,17,0.0,no,other,YES,SKIP-licensed
mermaid coloring pages print,880,14,0.41,no,ocean-sea,no,BUILD
mexican coloring pages,880,15,0.0,no,other,no,BUILD
michael myers coloring pages,880,16,0.0,no,other,no,BUILD
mickey christmas coloring pages,880,8,0.0,no,season-holiday,YES,SKIP-licensed
mindcraft coloring pages,880,25,0.0,no,other,no,BUILD
moose coloring pages,880,18,0.0,no,other,no,BUILD
motivation coloring pages,880,7,4.1,no,other,no,BUILD
ms rachel coloring page,880,18,0.0,no,other,no,BUILD
mulan coloring page,880,17,0.0,no,other,no,BUILD
my singing monsters coloring pages,880,16,0.0,no,other,no,BUILD
nails coloring page,880,17,0.0,no,other,no,BUILD
narwhal coloring page,880,12,0.0,no,other,no,BUILD
native american coloring pages,880,13,0.68,no,other,no,BUILD
nativity coloring pages,880,17,0.0,no,other,no,BUILD
online coloring pages for adults,880,30,1.6,no,audience-adults,no,BUILD
orange coloring page,880,14,0.0,no,other,no,BUILD
ornaments coloring pages,880,21,0.0,no,other,no,BUILD
otter coloring pages,880,10,0.0,no,other,no,BUILD
paper doll coloring pages,880,14,0.4,no,other,no,BUILD
patrick star coloring pages,880,12,0.0,no,other,no,BUILD
pet coloring pages,880,19,0.0,no,other,no,BUILD
pets coloring pages,880,22,0.0,no,other,no,BUILD
pineapple coloring page,880,14,0.0,no,other,no,BUILD
planet earth coloring page,880,27,0.49,no,vehicles,no,BUILD
police coloring pages,880,15,0.0,no,other,no,BUILD
pompompurin coloring pages,880,13,0.0,no,other,no,BUILD
pony coloring pages,880,9,0.0,no,other,no,BUILD
poop coloring pages,880,13,0.0,no,other,no,BUILD
preschool coloring pages pdf,880,29,0.93,no,audience-kids,no,BUILD
preschool turkey coloring pages,880,23,0.0,no,audience-kids,no,BUILD
print dog coloring pages,880,16,1.15,no,animals,no,BUILD
printable milk coloring page,880,21,0.43,no,other,no,BUILD
pug coloring pages,880,10,0.0,no,other,no,BUILD
raccoon coloring page,880,16,0.0,no,other,no,BUILD
rainbow dash coloring page,880,17,0.0,no,other,no,BUILD
realistic cat coloring pages,880,18,0.0,no,animals,no,BUILD
realistic coloring pages for adults,880,23,0.98,no,audience-adults,no,BUILD
realistic dragon coloring pages,880,18,0.0,no,animals,no,BUILD
realistic flower coloring pages,880,20,0.0,no,nature-flowers,no,BUILD
relaxing coloring pages,880,27,1.15,no,other,no,BUILD
rocket coloring page,880,15,0.0,no,vehicles,no,BUILD
rocketship coloring page,880,15,0.0,no,vehicles,no,BUILD
rosalina coloring pages,880,13,0.0,no,other,no,BUILD
seal coloring pages,880,14,0.0,no,other,no,BUILD
simple summer coloring pages,880,24,0.0,no,season-holiday,no,BUILD
simpson coloring pages,880,18,0.0,no,other,no,BUILD
siren head coloring page,880,23,0.0,no,other,no,BUILD
smiley face coloring page,880,13,0.0,no,other,no,BUILD
sponge bob coloring pages,880,20,0.0,no,other,no,BUILD
st patrick's coloring page,880,13,0.15,no,season-holiday,no,BUILD
st. patricks coloring page,880,18,0.15,no,other,no,BUILD
summer coloring pages for adults,880,25,0.0,no,audience-adults,no,BUILD
summer holiday coloring pages,880,23,0.42,no,season-holiday,no,BUILD
super hero coloring book pages,880,24,0.53,no,other,no,BUILD
teddy bear coloring full page,880,12,0.0,no,other,no,BUILD
tinker bell coloring pages,880,28,0.0,no,other,no,BUILD
tornado coloring pages,880,10,0.0,no,other,no,BUILD
troll coloring pages,880,13,0.0,no,other,no,BUILD
tulip coloring pages,880,14,0.0,no,other,no,BUILD
turning photos into coloring book pages,880,25,0.42,yes,other,no,BUILD
twilight sparkle coloring page,880,14,0.0,no,other,no,BUILD
vegetables coloring pages,880,18,0.0,no,other,no,BUILD
veggie coloring pages,880,14,0.0,no,other,no,BUILD
velociraptor coloring page,880,15,0.0,no,other,no,BUILD
warrior cats coloring pages,880,23,0.0,no,other,no,BUILD
water coloring pages,880,11,0.52,no,other,no,BUILD
we're the same we're different coloring page,880,13,0.0,no,other,no,BUILD
weiner dog coloring page,880,16,0.0,no,animals,no,BUILD
western theme coloring pages,880,13,0.81,no,other,no,BUILD
woody toy story coloring page,880,18,0.0,no,other,YES,SKIP-licensed
wwe coloring pages to print,880,6,0.0,no,other,no,BUILD
xmas tree coloring pages,880,18,0.0,no,season-holiday,no,BUILD
zombie coloring page,880,17,0.0,no,other,no,BUILD
zoo animal coloring pages,880,21,0.0,no,animals,no,BUILD
zoo animals coloring pages,880,22,1.72,no,animals,no,BUILD
abcmouse monster truck coloring pages,720,12,0.0,no,vehicles,no,BUILD
abcmouse summer coloring pages,720,19,0.0,no,season-holiday,no,BUILD
acorn coloring page,720,13,0.0,no,other,no,BUILD
adopt me coloring pages,720,21,0.0,no,other,no,BUILD
adorable kitten coloring pages,720,20,0.0,no,other,YES,SKIP-licensed
adult animal coloring pages,720,17,1.34,no,audience-adults,no,BUILD
adult coloring book pages pdf,720,32,1.14,no,audience-adults,no,BUILD
adult coloring pages valentines,720,22,0.0,no,audience-adults,no,BUILD
adult coloring pages with swear words,720,30,0.84,no,audience-adults,no,BUILD
adult xmas coloring pages,720,20,2.11,no,audience-adults,no,BUILD
advanced coloring pages,720,26,2.06,no,style-detailed,no,BUILD
advent coloring pages,720,10,0.0,no,other,no,BUILD
affirmation coloring pages,720,3,4.07,no,other,no,BUILD
aladdin coloring pages,720,21,0.0,no,other,no,BUILD
alien coloring page,720,14,0.0,no,other,no,BUILD
ambulance coloring pages,720,15,0.0,no,other,no,BUILD
angry birds coloring pages,720,23,0.0,no,animals,no,BUILD
animal crossing coloring pages,720,22,0.0,no,animals,no,BUILD
astrobot coloring pages,720,23,0.0,no,other,no,BUILD
baby boo coloring pages,720,10,0.0,no,other,no,BUILD
backpack coloring page,720,17,0.0,no,other,no,BUILD
balloon coloring pages,720,12,0.0,no,other,no,BUILD
barney and friends coloring pages,720,10,0.0,no,other,no,BUILD
basketball players coloring pages,720,10,0.0,no,other,no,BUILD
batman coloring pages to print,720,13,0.0,no,other,YES,SKIP-licensed
beautiful flower coloring pages,720,22,0.0,no,nature-flowers,no,BUILD
bff coloring pages,720,22,0.0,no,other,no,BUILD
bible story coloring pages,720,22,1.07,no,other,no,BUILD
biblical coloring pages,720,21,1.46,no,other,no,BUILD
bigfoot coloring pages,720,17,0.0,no,other,no,BUILD
blastoise coloring page,720,10,0.0,no,other,no,BUILD
boba tea coloring pages,720,13,0.0,no,other,no,BUILD
bookmark coloring pages,720,19,0.32,no,other,no,BUILD
bouquet coloring page,720,19,0.0,no,other,no,BUILD
brown bear coloring pages,720,12,0.2,no,other,no,BUILD
bts color pages,720,16,0.0,no,other,YES,SKIP-licensed
bubble coloring pages,720,18,0.0,no,other,no,BUILD
buffalo bills coloring pages,720,18,0.0,no,other,no,BUILD
bulldog coloring page,720,11,0.0,no,other,no,BUILD
bumble bee coloring pages,720,13,0.0,no,other,no,BUILD
bumblebee transformer coloring page,720,25,0.0,no,other,no,BUILD
burger coloring pages,720,20,0.0,no,other,no,BUILD
bus coloring page,720,24,0.0,no,other,no,BUILD
calming coloring pages,720,29,2.68,no,other,no,BUILD
camping coloring book pages,720,19,0.0,no,other,no,BUILD
candy canes coloring pages,720,11,0.0,no,food,no,BUILD
candy corn coloring page,720,12,0.0,no,food,no,BUILD
candy skull coloring pages,720,14,1.12,no,food,no,BUILD
cannabis coloring pages,720,23,0.31,no,other,no,BUILD
captain america coloring book pages,720,16,0.0,no,other,no,BUILD
carrot coloring page,720,16,0.0,no,other,no,BUILD
cat nap coloring pages,720,5,0.0,no,animals,no,BUILD
catepillar coloring pages,720,13,0.0,no,other,no,BUILD
charizard pokemon coloring pages,720,7,0.0,no,other,YES,SKIP-licensed
charlie brown coloring pages,720,11,0.0,no,other,no,BUILD
chicago bears coloring pages,720,19,0.0,no,other,no,BUILD
christmas cat color pages,720,16,0.0,no,season-holiday,no,BUILD
christmas holiday coloring pages,720,31,0.86,no,season-holiday,no,BUILD
christmas ornament coloring page,720,14,0.0,no,season-holiday,no,BUILD
church coloring pages,720,19,2.94,no,other,no,BUILD
circus coloring pages,720,11,0.0,no,other,no,BUILD
clash royale coloring pages,720,16,0.0,no,other,no,BUILD
clifford coloring pages,720,17,0.0,no,other,no,BUILD
clifford the red dog coloring pages,720,15,0.0,no,animals,no,BUILD
cobra coloring page,720,18,0.0,no,other,no,BUILD
coco melon coloring pages,720,16,0.0,no,other,no,BUILD
coffee coloring pages,720,20,0.0,no,other,no,BUILD
color code coloring pages,720,12,1.11,no,other,no,BUILD
coloring page of an umbrella,720,18,0.0,yes,other,no,BUILD
coloring page of st patrick,720,13,0.0,no,season-holiday,no,BUILD
coloring page us flag,720,16,0.0,no,flags-geo,no,BUILD
coloring pages for 3 year olds,720,17,0.74,no,other,no,BUILD
coloring pages for adults valentines,720,11,0.0,yes,audience-adults,no,BUILD
coloring pages for elephants,720,22,0.0,no,animals,no,BUILD
coloring pages for pre k,720,22,0.72,no,other,no,BUILD
coloring pages guinea pigs,720,10,0.0,no,other,no,BUILD
coloring pages mexico flag,720,15,0.0,no,flags-geo,no,BUILD
coloring pages of acorns,720,8,0.0,no,other,no,BUILD
coloring pages of chickens,720,10,0.59,no,other,no,BUILD
coloring pages of cute dogs,720,14,0.0,no,style-cute,no,BUILD
coloring pages of faces,720,14,0.0,no,other,no,BUILD
coloring pages of gardens,720,12,1.55,no,nature-flowers,no,BUILD
coloring pages of penguins,720,13,0.07,no,animals,no,BUILD
coloring pages of pigs,720,11,0.0,no,other,no,BUILD
coloring pages of pirates,720,14,0.0,no,other,no,BUILD
coloring pages of rabbits,720,17,0.54,no,other,no,BUILD
coloring pages of zebras,720,14,0.0,no,other,no,BUILD
coloring pages shoes,720,25,0.0,no,other,no,BUILD
coloring pages superheroes,720,23,0.53,no,other,no,BUILD
computer coloring pages,720,17,0.75,no,other,no,BUILD
cookie run kingdom coloring pages,720,25,0.0,no,other,no,BUILD
cool car coloring pages,720,21,0.0,no,vehicles,no,BUILD
cool coloring pages for adults,720,24,0.85,no,audience-adults,no,BUILD
cool minecraft coloring pages,720,25,0.0,no,other,YES,SKIP-licensed
coral reef color pages,720,18,0.0,no,other,no,BUILD
corvette car coloring pages,720,10,0.0,no,vehicles,no,BUILD
crayola christmas coloring pages,720,35,0.0,no,season-holiday,no,BUILD
cristiano ronaldo coloring pages,720,10,0.0,no,other,no,BUILD
crosses coloring pages,720,7,1.37,no,other,no,BUILD
cute aesthetic coloring pages,720,18,0.0,no,style-cute,no,BUILD
cute anime coloring pages,720,16,0.0,no,style-cute,no,BUILD
cute coloring pages for valentines day,720,17,0.0,no,season-holiday,no,BUILD
cute pictures coloring pages,720,32,0.0,no,style-cute,no,BUILD
cute rabbit coloring pages,720,17,0.0,no,style-cute,no,BUILD
cute winter coloring pages,720,19,0.0,no,season-holiday,no,BUILD
dachshund dog coloring pages,720,16,0.0,no,animals,no,BUILD
daisy coloring pages,720,13,0.0,no,other,no,BUILD
demogorgon coloring page,720,10,0.0,no,other,no,BUILD
dental coloring pages,720,6,0.0,no,other,no,BUILD
derpy tiger coloring page,720,22,0.0,no,other,no,BUILD
diamond coloring page,720,8,1.36,no,other,no,BUILD
dinosaur coloring pages spinosaurus,720,13,0.0,no,animals,no,BUILD
disney belle coloring pages,720,15,0.0,no,other,YES,SKIP-licensed
disney character coloring pages,720,32,0.0,no,other,YES,SKIP-licensed
disney princess coloring pages print,720,26,0.0,no,other,YES,SKIP-licensed
disney tiana coloring pages,720,14,0.0,no,other,YES,SKIP-licensed
distortus rex coloring page,720,23,0.0,no,other,no,BUILD
diwali coloring pages,720,16,0.0,no,other,no,BUILD
dork diaries coloring pages,720,16,0.0,no,other,no,BUILD
easy animal coloring pages,720,32,0.0,no,animals,no,BUILD
easy cute christmas coloring pages,720,30,0.0,no,season-holiday,no,BUILD
easy valentines coloring pages,720,16,0.0,no,season-holiday,no,BUILD
esater coloring pages,720,18,0.29,no,other,no,BUILD
f1 coloring pages,720,12,0.0,no,other,no,BUILD
face coloring pages,720,12,0.0,no,other,no,BUILD
fantasy coloring book pages,720,22,1.45,no,other,no,BUILD
farming coloring pages,720,18,2.05,no,other,no,BUILD
fire coloring page,720,16,0.0,no,other,no,BUILD
fire flame coloring page,720,22,0.0,no,other,no,BUILD
five nights coloring pages,720,25,0.31,no,other,YES,SKIP-licensed
flame coloring page,720,22,0.0,no,other,no,BUILD
flower bouquet coloring page,720,19,0.0,no,nature-flowers,no,BUILD
flower bunch coloring pages,720,14,0.0,no,nature-flowers,no,BUILD
flower mandala coloring pages,720,15,0.5,no,nature-flowers,no,BUILD
football player coloring pages,720,14,0.0,no,other,no,BUILD
forsaken coloring pages roblox,720,22,0.0,no,other,YES,SKIP-licensed
frankenstein coloring pages,720,11,0.0,no,other,no,BUILD
free mandela coloring pages,720,17,0.99,no,other,no,BUILD
free printable garden of eden coloring page,720,11,0.42,no,nature-flowers,no,BUILD
free printable valentines coloring pages pdf,720,23,0.0,no,season-holiday,no,BUILD
froglet coloring pages,720,20,0.47,no,animals,no,BUILD
frozen olaf coloring pages,720,17,0.0,no,other,YES,SKIP-licensed
fruits of the spirit coloring pages,720,7,0.0,no,food,no,BUILD
fun coloring pages for adults,720,31,0.76,no,audience-adults,no,BUILD
garten of banban coloring pages,720,13,0.0,no,other,no,BUILD
graffiti art coloring pages,720,21,0.79,no,other,no,BUILD
grave digger truck coloring pages,720,10,0.0,no,vehicles,no,BUILD
gray wolf coloring pages,720,15,0.0,no,other,no,BUILD
gumball coloring pages,720,9,0.0,no,other,no,BUILD
gymnastics coloring page,720,14,0.0,no,other,no,BUILD
h coloring page,720,12,0.0,no,other,no,BUILD
halloween adult coloring pages,720,20,0.0,no,audience-adults,no,BUILD
halo coloring pages,720,13,0.0,no,other,no,BUILD
hamburger coloring page,720,19,0.0,no,other,no,BUILD
happy birthday daddy coloring pages,720,14,0.0,no,season-holiday,no,BUILD
happy birthday mommy coloring pages,720,14,0.0,no,season-holiday,no,BUILD
harley quinn coloring pages,720,16,0.0,no,other,no,BUILD
hawaiian coloring pages,720,9,0.0,no,other,no,BUILD
hello kitty marshmallow coloring page,720,12,0.0,no,other,YES,SKIP-licensed
hippopotamus coloring page,720,9,0.0,no,other,no,BUILD
hungry caterpillar coloring page,720,8,0.0,no,other,no,BUILD
huntrix kpop demon hunters coloring pages,720,19,0.0,no,other,YES,SKIP-licensed
incredibles coloring pages,720,7,0.0,no,other,no,BUILD
invincible coloring pages,720,23,0.0,no,other,no,BUILD
ironman coloring pages,720,24,0.34,no,other,no,BUILD
jet airplane coloring pages,720,20,0.0,no,vehicles,no,BUILD
jet coloring pages,720,13,0.0,no,other,no,BUILD
jigglypuff coloring page,720,10,0.0,no,other,no,BUILD
john cena coloring pages,720,4,0.0,no,other,no,BUILD
joker coloring pages,720,13,0.0,no,other,no,BUILD
jonah and the whale coloring page,720,12,0.0,no,other,no,BUILD
juneteenth coloring pages,720,18,0.0,yes,audience-adults,no,BUILD
k pop demon coloring pages,720,22,0.0,no,other,no,BUILD
kawaii cat coloring pages,720,23,0.0,no,animals,no,BUILD
king cobra coloring page,720,19,0.0,no,other,no,BUILD
knights coloring pages,720,10,0.0,no,other,no,BUILD
kobe bryant coloring pages,720,22,0.0,no,other,no,BUILD
kpop demon coloring pages,720,31,0.0,no,other,YES,SKIP-licensed
kpop demon hunters saja boys coloring pages,720,7,0.0,no,audience-kids,YES,SKIP-licensed
lds church coloring pages,720,25,0.0,no,other,no,BUILD
leaves coloring pages,720,15,0.0,no,other,no,BUILD
letter h coloring pages,720,12,0.0,no,letters-numbers,no,BUILD
letter m coloring page,720,15,0.0,no,letters-numbers,no,BUILD
lion guard coloring pages,720,15,0.0,no,animals,no,BUILD
littlest pet shop coloring pages,720,17,0.0,no,other,no,BUILD
llama coloring page,720,17,0.0,no,other,no,BUILD
lorax coloring pages,720,13,0.0,no,other,no,BUILD
lord of the rings coloring pages,720,12,0.38,no,other,no,BUILD
loud house coloring pages,720,3,0.0,no,other,no,BUILD
lps coloring pages,720,10,0.0,no,other,no,BUILD
make your own coloring pages,720,26,0.69,no,other,no,BUILD
mandalorian coloring pages,720,16,0.0,no,other,no,BUILD
marshall from paw patrol coloring pages,720,16,0.0,no,other,YES,SKIP-licensed
marvel coloring book pages,720,10,0.0,no,other,YES,SKIP-licensed
maze coloring pages,720,10,0.0,no,other,no,BUILD
memaid coloring pages,720,25,0.33,no,other,no,BUILD
meme coloring pages,720,17,0.0,no,other,no,BUILD
metal sonic coloring pages,720,13,0.0,no,other,YES,SKIP-licensed
mickey mouse christmas coloring pages,720,21,0.0,no,season-holiday,YES,SKIP-licensed
mighty pups coloring pages,720,11,0.0,no,other,no,BUILD
miraculous coloring pages,720,10,0.0,no,other,no,BUILD
mlk coloring page,720,14,0.0,no,other,no,BUILD
mom coloring page,720,13,0.0,no,other,no,BUILD
monster jam truck coloring pages,720,27,0.32,no,vehicles,no,BUILD
mountains coloring page,720,18,0.0,no,other,no,BUILD
mufasa coloring pages,720,17,0.0,no,other,no,BUILD
murder drones coloring pages,720,23,0.0,no,other,no,BUILD
mustang car coloring pages,720,22,0.0,no,vehicles,no,BUILD
mustang coloring pages,720,9,0.0,no,other,no,BUILD
my little pony coloring pages rainbow dash,720,15,0.0,no,other,YES,SKIP-licensed
naruto coloring book pages,720,9,0.0,no,other,YES,SKIP-licensed
nba basketball coloring pages,720,17,0.0,no,other,no,BUILD
new england patriots coloring pages,720,26,0.0,no,other,no,BUILD
new years eve coloring pages,720,19,0.0,no,season-holiday,no,BUILD
nurse coloring pages,720,12,0.0,no,other,no,BUILD
olivia rodrigo coloring pages,720,16,0.0,no,other,no,BUILD
pac man coloring pages,720,13,0.0,no,other,no,BUILD
pacman coloring pages,720,10,0.3,no,other,no,BUILD
palm sunday coloring page,720,12,0.0,no,other,no,BUILD
passover coloring page,720,7,1.81,no,other,no,BUILD
peeps color pages,720,23,0.0,no,other,no,BUILD
percy jackson coloring pages,720,11,0.0,no,other,no,BUILD
person coloring page,720,19,0.0,no,other,no,BUILD
philadelphia eagles coloring pages.,720,18,0.0,no,other,no,BUILD
piglets coloring pages,720,10,0.0,no,other,no,BUILD
pirate ship coloring page,720,13,0.0,no,other,no,BUILD
pocahontas coloring pages,720,11,0.0,no,other,no,BUILD
pochacco coloring pages,720,7,0.0,no,other,no,BUILD
pokemon coloring pages eevee,720,12,0.0,no,other,YES,SKIP-licensed
pokemon coloring pages pdf,720,29,1.25,no,other,YES,SKIP-licensed
poppy coloring page,720,15,0.0,no,other,no,BUILD
positive affirmation coloring pages,720,3,4.78,no,other,no,BUILD
pretty flower coloring pages,720,22,0.0,no,nature-flowers,no,BUILD
princes sofia coloring pages,720,17,0.37,no,other,no,BUILD
princess twilight sparkle coloring pages,720,9,0.0,no,other,no,BUILD
print star wars coloring pages,720,16,0.0,no,other,YES,SKIP-licensed
pumpkin patch coloring pages,720,19,0.0,no,other,no,BUILD
purim coloring pages,720,4,2.67,no,other,no,BUILD
rainbows coloring pages,720,21,0.45,no,other,no,BUILD
ramadan color pages,720,14,0.63,no,other,no,BUILD
ratatouille coloring pages,720,11,0.0,no,other,no,BUILD
real horse coloring pages,720,15,0.0,no,animals,no,BUILD
realistic animal coloring pages,720,17,1.62,no,animals,no,BUILD
realistic horse coloring pages,720,20,0.0,no,animals,no,BUILD
reptile coloring pages,720,15,0.0,no,other,no,BUILD
rhino coloring page,720,11,0.0,no,other,no,BUILD
rugrats coloring pages,720,19,0.0,no,other,no,BUILD
rupunzel coloring pages,720,26,0.0,no,other,no,BUILD
saint patricks coloring page,720,11,0.15,no,other,no,BUILD
santa claus teen coloring pages,720,16,0.0,no,audience-adults,no,BUILD
sasquatch coloring pages,720,8,0.0,no,other,no,BUILD
scream coloring pages,720,25,0.0,no,other,no,BUILD
shell coloring pages,720,11,0.0,no,other,no,BUILD
shimmer and shine coloring pages,720,17,0.0,no,other,no,BUILD
simple christmas coloring pages,720,28,0.0,no,season-holiday,no,BUILD
skincare coloring pages,720,19,0.0,no,other,no,BUILD
smurfette coloring pages,720,10,0.0,no,other,no,BUILD
snail coloring page,720,14,0.0,no,other,no,BUILD
snorlax coloring page,720,10,0.0,no,other,no,BUILD
snow globe coloring page,720,12,0.0,no,other,no,BUILD
snowflakes coloring pages,720,14,0.0,no,other,no,BUILD
snowy coloring pages,720,24,0.0,no,other,no,BUILD
sonic and friends coloring pages,720,19,0.0,no,other,YES,SKIP-licensed
sonic coloring pages to print,720,19,0.0,no,other,YES,SKIP-licensed
sonic prime coloring pages,720,10,0.0,no,other,YES,SKIP-licensed
south park coloring pages,720,12,0.0,no,other,no,BUILD
spongebob coloring pages to print,720,13,0.0,no,other,YES,SKIP-licensed
spring break coloring pages,720,13,0.45,no,season-holiday,no,BUILD
spring coloring pages for kids,720,16,0.0,no,audience-kids,no,BUILD
spring season coloring pages,720,11,0.17,no,season-holiday,no,BUILD
st. patrick coloring page,720,16,0.0,no,other,no,BUILD
star wars coloring in pages,720,17,2.01,no,other,YES,SKIP-licensed
star wars printing coloring pages,720,17,2.01,no,other,YES,SKIP-licensed
starbucks coloring pages,720,10,0.0,no,other,no,BUILD
starwars coloring pages,720,17,2.01,no,other,no,BUILD
statue of liberty coloring page,720,17,0.0,no,other,no,BUILD
stegosaurus coloring page,720,20,0.0,no,other,no,BUILD
stitch christmas coloring pages,720,16,0.0,no,season-holiday,YES,SKIP-licensed
stocking coloring page,720,12,0.0,no,other,no,BUILD
studio ghibli coloring pages,720,19,0.27,no,other,YES,SKIP-licensed
sunflower coloring book pages,720,16,0.0,no,nature-flowers,no,BUILD
super man coloring page,720,12,0.0,no,other,no,BUILD
super smash bros coloring pages,720,9,0.0,no,other,no,BUILD
super why coloring pages,720,17,0.0,no,other,no,BUILD
sushi coloring pages,720,15,0.0,no,other,no,BUILD
taco coloring page,720,10,0.0,no,other,no,BUILD
tangled rapunzel coloring pages,720,22,0.0,no,other,no,BUILD
tank coloring pages,720,10,0.0,no,other,no,BUILD
teenieping coloring pages,720,23,0.0,no,audience-adults,no,BUILD
thanksgiving turkey coloring page,720,16,0.0,no,season-holiday,no,BUILD
tornadoes coloring pages,720,13,0.0,no,other,no,BUILD
toy story coloring book pages,720,13,0.64,no,other,YES,SKIP-licensed
tralalero tralala coloring page,720,15,0.0,no,other,no,BUILD
trippy adult coloring pages,720,21,0.86,no,audience-adults,no,BUILD
umbrella coloring page,720,11,0.0,no,other,no,BUILD
united states of america flag coloring page,720,13,0.0,no,flags-geo,no,BUILD
united states of america map coloring page,720,16,0.0,no,flags-geo,no,BUILD
valentine coloring book pages,720,22,0.0,no,season-holiday,no,BUILD
valentine day coloring pages,720,17,0.14,no,season-holiday,no,BUILD
valentine's coloring pages,720,22,0.0,no,season-holiday,no,BUILD
vampire color pages,720,14,0.0,no,other,no,BUILD
video game coloring pages,720,24,0.0,no,other,no,BUILD
wall e coloring page,720,10,0.0,no,other,no,BUILD
whale shark coloring page,720,13,0.0,no,animals,no,BUILD
winx coloring pages,720,17,0.28,no,other,no,BUILD
wolf coloring book pages,720,11,0.0,no,other,no,BUILD
wonder woman coloring page,720,9,0.0,no,other,no,BUILD
woody from toy story coloring pages,720,14,0.0,no,other,YES,SKIP-licensed
wwe wrestlers coloring pages,720,6,0.0,no,other,no,BUILD
yoprintables coloring pages,720,12,0.45,no,other,no,BUILD
yoprintables.com coloring page generator,720,5,0.0,no,other,no,BUILD
zoey coloring page,720,4,0.0,no,other,no,BUILD
10 commandments coloring page,590,4,1.55,no,other,no,BUILD
100th day of school coloring page,590,19,0.0,no,other,no,BUILD
67 brainrot coloring pages,590,19,0.0,no,other,no,BUILD
911 color page,590,12,0.0,no,other,no,BUILD
abcmouse happy birthday coloring pages,590,18,0.0,no,season-holiday,no,BUILD
abcmouse mermaid coloring pages,590,19,0.0,no,ocean-sea,no,BUILD
adobe express coloring pages,590,31,0.0,no,other,no,BUILD
adult coloring pages curse words,590,23,0.89,no,audience-adults,no,BUILD
adult coloring pages of dragons,590,22,0.0,no,audience-adults,no,BUILD
adult coloring pages printable pdf,590,35,0.81,no,audience-adults,no,BUILD
adult coloring pages swear words,590,25,0.89,no,audience-adults,no,BUILD
adult coloring pages winter,590,11,0.0,no,audience-adults,no,BUILD
adult cuss word coloring pages,590,24,0.89,no,audience-adults,no,BUILD
adult thanksgiving coloring pages,590,9,0.0,no,audience-adults,no,BUILD
aesthetic cozy coloring pages,590,12,0.0,no,style-cute,no,BUILD
air jordan coloring pages,590,16,0.0,no,other,no,BUILD
aircraft coloring pages,590,15,0.0,no,other,no,BUILD
amazing world of gumball coloring pages,590,9,0.0,no,other,no,BUILD
american indian coloring pages,590,13,0.68,no,other,no,BUILD
animal cell coloring page,590,15,0.0,no,animals,no,BUILD
animal mandala coloring pages,590,22,0.83,no,animals,no,BUILD
anna from frozen coloring pages,590,19,0.0,no,other,YES,SKIP-licensed
ant coloring page,590,13,0.0,no,other,no,BUILD
ariana grande coloring page,590,16,0.0,no,other,no,BUILD
astro bot coloring pages,590,22,0.0,no,other,no,BUILD
autumn leaf coloring page,590,13,0.0,no,season-holiday,no,BUILD
avengers captain america coloring pages,590,10,0.0,no,other,YES,SKIP-licensed
awesome coloring pages for adults,590,27,1.12,no,audience-adults,no,BUILD
baby cheetah coloring page,590,8,0.0,no,other,no,BUILD
bad guy coloring pages,590,6,0.0,no,other,no,BUILD
baddies coloring pages,590,6,0.0,no,other,no,BUILD
ball coloring pages,590,16,0.0,no,other,no,BUILD
barbie mermaid coloring pages,590,16,0.0,no,ocean-sea,YES,SKIP-licensed
barn coloring pages,590,12,1.32,no,other,no,BUILD
bat man coloring pages,590,20,0.0,no,other,no,BUILD
batman characters coloring pages,590,26,0.0,no,other,YES,SKIP-licensed
batman lego color pages,590,12,0.0,no,other,YES,SKIP-licensed
bedroom coloring pages,590,21,0.0,no,other,no,BUILD
ben 10 printing coloring pages,590,10,0.16,no,other,no,BUILD
best friend coloring page,590,21,0.0,no,other,no,BUILD
bfdi coloring pages,590,23,0.0,no,other,no,BUILD
bible coloring pages for adults,590,4,1.34,no,audience-adults,no,BUILD
bicycle coloring page,590,12,0.0,no,other,no,BUILD
blank coloring book pages,590,26,0.44,no,other,no,BUILD
bluey family coloring pages,590,20,0.0,no,other,YES,SKIP-licensed
brown bear book coloring pages,590,3,0.28,no,other,no,BUILD
bumblebee coloring page transformers,590,9,0.0,no,other,YES,SKIP-licensed
butterfly coloring pages for kids,590,24,0.0,no,audience-kids,no,BUILD
calico critters coloring pages,590,14,0.28,no,other,no,BUILD
call of duty coloring pages,590,9,0.0,no,other,no,BUILD
cappuccino assassino coloring page,590,14,0.0,no,other,no,BUILD
captain underpants coloring pages,590,14,0.0,no,other,no,BUILD
carnival coloring pages,590,7,0.0,no,other,no,BUILD
cars 2 lightning mcqueen coloring pages,590,9,0.0,no,other,YES,SKIP-licensed
castle coloring book pages,590,9,0.0,no,other,no,BUILD
catholic coloring pages,590,17,1.26,no,other,no,BUILD
chainsaw man coloring pages,590,22,0.0,no,other,no,BUILD
charzard coloring page,590,16,0.0,no,other,no,BUILD
chase from paw patrol coloring page,590,19,0.0,no,other,YES,SKIP-licensed
chibi coloring pages,590,16,0.0,no,other,no,BUILD
children's winter coloring pages,590,26,0.0,no,audience-kids,no,BUILD
chinese new year coloring pages,590,24,0.0,no,season-holiday,no,BUILD
christmas coloring book pages,590,28,0.86,no,season-holiday,no,BUILD
christmas coloring pages for preschoolers,590,34,0.0,no,audience-kids,no,BUILD
christmas coloring pages pokemon,590,4,0.0,no,season-holiday,YES,SKIP-licensed
christmas coloring pages santa claus,590,17,0.0,no,season-holiday,no,BUILD
christmas easy coloring pages,590,29,0.0,no,season-holiday,no,BUILD
christmas paw patrol coloring pages,590,15,0.0,no,season-holiday,YES,SKIP-licensed
circus clown coloring pages,590,17,0.0,no,other,no,BUILD
city coloring pages,590,11,0.0,no,other,no,BUILD
cloud color page,590,9,0.0,no,other,no,BUILD
color page from photo,590,35,0.35,no,other,no,BUILD
coloring book pages halloween,590,24,0.61,no,season-holiday,no,BUILD
coloring book pages of fish,590,18,0.64,no,animals,no,BUILD
coloring page of a queen,590,12,0.0,no,other,no,BUILD
coloring pages aeroplane,590,14,0.0,no,vehicles,no,BUILD
coloring pages best friends forever,590,17,0.0,no,other,no,BUILD
coloring pages by numbers,590,22,1.62,no,letters-numbers,no,BUILD
coloring pages crayons,590,18,0.2,no,other,no,BUILD
coloring pages cute ducks,590,7,0.0,no,style-cute,no,BUILD
coloring pages flowers butterflies,590,18,0.0,no,nature-flowers,no,BUILD
coloring pages for 1st graders,590,30,0.46,no,other,no,BUILD
coloring pages for 9/11,590,7,0.0,yes,other,no,BUILD
coloring pages for adults flowers,590,30,1.02,no,audience-adults,no,BUILD
coloring pages for patriots,590,17,0.47,no,other,no,BUILD
coloring pages for teenagers,590,19,0.98,no,audience-adults,no,BUILD
coloring pages for the letter n,590,11,0.0,no,letters-numbers,no,BUILD
coloring pages mushrooms,590,16,0.78,no,other,no,BUILD
coloring pages of bicycles,590,17,0.0,no,other,no,BUILD
coloring pages of dogs and cats,590,7,0.0,no,other,no,BUILD
coloring pages of families,590,9,0.8,no,other,no,BUILD
coloring pages of hummingbirds,590,13,0.0,no,animals,no,BUILD
coloring pages of lilies,590,15,0.0,no,other,no,BUILD
coloring pages of monkeys,590,18,0.0,no,other,no,BUILD
coloring pages of palm tree,590,13,0.0,yes,nature-flowers,no,BUILD
coloring pages of pegasus,590,10,0.0,no,other,no,BUILD
coloring pages of teddy bears,590,12,0.0,no,other,no,BUILD
coloring pages of tigers,590,10,0.7,no,other,no,BUILD
coloring pages of tractors,590,12,0.0,no,vehicles,no,BUILD
coloring pages pot of gold,590,14,0.0,yes,other,no,BUILD
coloring pages rainforest,590,12,20.0,no,other,no,BUILD
coloring pages sneakers,590,14,0.0,no,other,no,BUILD
coloring pages with butterflies,590,26,0.35,no,other,no,BUILD
coloring pages with names,590,15,1.21,no,other,no,BUILD
coloring pages with numbers,590,25,1.45,no,letters-numbers,no,BUILD
coquette coloring pages,590,23,0.0,no,other,no,BUILD
corn coloring page,590,15,0.0,no,other,no,BUILD
couple coloring pages,590,25,0.0,no,other,no,BUILD
cowboy boot coloring page,590,13,0.0,no,other,no,BUILD
crayola halloween coloring pages,590,29,0.0,no,season-holiday,no,BUILD
creation coloring pages,590,18,2.85,no,other,no,BUILD
creepy halloween coloring pages,590,18,0.0,no,season-holiday,no,BUILD
cute capybara coloring pages,590,14,0.0,no,style-cute,no,BUILD
cute cinnamoroll coloring pages,590,7,0.0,no,style-cute,no,BUILD
cute frog coloring pages,590,16,0.0,no,animals,no,BUILD
cute ghost color page,590,11,0.0,no,style-cute,no,BUILD
cute mermaid coloring pages,590,17,0.0,no,ocean-sea,no,BUILD
cute pumpkin coloring pages,590,16,0.0,no,style-cute,no,BUILD
cute stitch coloring pages,590,22,0.0,no,style-cute,YES,SKIP-licensed
cute valentines coloring pages,590,19,0.0,no,season-holiday,no,BUILD
dad coloring pages,590,10,1.13,no,other,no,BUILD
daisy duck coloring pages,590,12,0.0,no,other,no,BUILD
daniel and the lions den coloring page,590,2,0.0,no,animals,no,BUILD
danny go coloring pages,590,25,0.0,no,other,no,BUILD
dbz coloring pages,590,10,0.0,no,other,no,BUILD
derpy hooves coloring pages,590,4,0.0,yes,other,no,BUILD
desert coloring pages,590,12,0.0,no,other,no,BUILD
dinosaurus coloring page,590,17,0.25,no,animals,no,BUILD
disney elsa coloring pages,590,25,0.27,no,other,YES,SKIP-licensed
disney fall coloring pages,590,23,0.0,no,season-holiday,YES,SKIP-licensed
disney world coloring pages,590,23,0.0,no,other,YES,SKIP-licensed
disney zombie coloring pages,590,3,0.0,no,other,YES,SKIP-licensed
disney zombies coloring pages,590,15,0.0,no,other,YES,SKIP-licensed
disneyland coloring pages,590,31,0.0,no,other,YES,SKIP-licensed
doctor coloring pages,590,20,0.0,no,other,no,BUILD
dodgers coloring pages,590,17,0.0,no,other,no,BUILD
doggie coloring pages,590,17,0.0,no,other,no,BUILD
doggy coloring pages,590,15,0.56,no,other,no,BUILD
donkey coloring page,590,11,0.0,no,other,no,BUILD
dory coloring pages,590,15,0.0,no,other,no,BUILD
dover coloring pages,590,27,0.6,no,other,no,BUILD
dr. seuss coloring pages,590,18,0.25,no,other,no,BUILD
dragon coloring pages for adults,590,17,1.26,no,audience-adults,no,BUILD
ducky coloring pages,590,6,0.26,no,other,no,BUILD
earthy coloring pages,590,21,0.49,no,other,no,BUILD
easy cute halloween coloring pages,590,20,0.0,no,season-holiday,no,BUILD
easy disney coloring pages,590,34,0.0,no,style-easy,YES,SKIP-licensed
easy spiderman coloring pages,590,18,0.0,no,style-easy,YES,SKIP-licensed
eevee evolutions coloring pages,590,16,0.0,no,other,no,BUILD
emo coloring pages,590,22,0.0,no,other,no,BUILD
end of school year coloring pages,590,17,0.0,no,other,no,BUILD
etsy coloring pages,590,32,0.01,no,other,no,BUILD
fairies coloring pages,590,27,1.83,no,other,no,BUILD
fairy coloring book pages,590,33,0.0,no,other,no,BUILD
fall themed coloring pages,590,23,0.0,no,season-holiday,no,BUILD
family guy coloring pages,590,9,0.0,no,other,no,BUILD
fancy nancy coloring pages,590,22,0.0,no,other,no,BUILD
fantastic 4 coloring pages,590,4,0.0,no,other,no,BUILD
fantastic four coloring pages,590,5,0.0,no,other,no,BUILD
free children's christmas coloring pages,590,34,0.0,no,audience-kids,no,BUILD
free christmas coloring pages for kids,590,34,0.0,no,audience-kids,no,BUILD
free printable bible coloring pages pdf,590,27,2.11,no,other,no,BUILD
free printable thanksgiving coloring pages for adults,590,27,0.0,no,audience-adults,no,BUILD
french bulldog coloring pages,590,10,0.0,no,other,no,BUILD
frosty snowman coloring pages,590,10,0.0,no,other,no,BUILD
funny coloring pages for adults,590,23,0.76,no,audience-adults,no,BUILD
geometric design coloring pages,590,12,1.09,no,mandala-patterns,no,BUILD
geometry dash coloring pages,590,22,0.0,no,other,no,BUILD
george washington coloring page,590,12,0.0,no,other,no,BUILD
ghostbusters coloring pages,590,19,0.0,no,other,no,BUILD
giant panda coloring pages,590,10,0.57,no,animals,no,BUILD
gift coloring page,590,14,0.0,no,other,no,BUILD
gingerbread people coloring pages,590,14,0.0,no,other,no,BUILD
glinda coloring page,590,19,0.0,no,other,no,BUILD
god coloring pages,590,17,2.61,no,other,no,BUILD
goose coloring page,590,17,0.0,no,other,no,BUILD
grandparents day coloring page,590,14,0.0,no,other,no,BUILD
grapes coloring page,590,16,0.0,no,other,no,BUILD
great white shark coloring page,590,10,0.0,no,animals,no,BUILD
greek mythology color pages,590,7,0.0,no,other,no,BUILD
green eggs and ham coloring pages,590,13,0.0,no,other,no,BUILD
gun coloring pages,590,19,0.0,no,other,no,BUILD
halloween coloring pages mickey,590,19,0.0,no,season-holiday,YES,SKIP-licensed
halloween coloring pages pdf,590,22,0.0,no,season-holiday,no,BUILD
halloween coloring pages pumpkins,590,20,0.0,no,season-holiday,no,BUILD
halloween coloring pages that are scary,590,23,0.0,no,season-holiday,no,BUILD
haloween coloring pages,590,28,0.61,no,other,no,BUILD
hand coloring page,590,25,0.0,no,other,no,BUILD
hatsune miku coloring page,590,5,0.0,no,other,no,BUILD
hello kitty and spiderman coloring page,590,22,0.0,no,other,YES,SKIP-licensed
hibiscus coloring page,590,19,0.0,no,other,no,BUILD
hocus pocus coloring pages,590,17,0.0,no,other,no,BUILD
horse coloring in pages,590,18,0.2,yes,animals,no,BUILD
hot cocoa coloring page,590,13,0.0,no,other,no,BUILD
hot dog coloring page,590,16,0.0,no,animals,no,BUILD
hotel transylvania coloring pages,590,12,0.0,no,other,no,BUILD
how to change page color in word,590,17,0.0,yes,other,no,BUILD
image to coloring page,590,22,0.52,no,other,no,BUILD
instrument coloring pages,590,12,0.74,no,other,no,BUILD
iphone coloring page,590,23,0.79,no,other,no,BUILD
iron spider coloring pages,590,9,0.0,no,other,YES,SKIP-licensed
iron spiderman coloring pages,590,16,0.0,no,other,YES,SKIP-licensed
italian brain rot coloring pages,590,27,0.0,no,other,no,BUILD
jaguar animal coloring pages,590,10,0.0,no,animals,no,BUILD
jaguar coloring pages,590,8,0.0,no,other,no,BUILD
jonah coloring pages,590,7,0.0,no,other,no,BUILD
jungle animals coloring pages,590,14,20.0,no,animals,no,BUILD
jurassic world dinosaur coloring pages,590,11,0.0,no,animals,no,BUILD
keroppi coloring pages,590,12,0.0,no,other,no,BUILD
kite coloring page,590,20,0.0,no,other,no,BUILD
kung fu panda coloring pages,590,10,0.0,no,animals,no,BUILD
la dodgers coloring pages,590,22,0.0,no,other,no,BUILD
lab coloring pages,590,17,0.0,no,other,no,BUILD
labor day color pages,590,12,0.0,no,other,no,BUILD
labrador retriever coloring page,590,18,0.0,no,other,no,BUILD
last day of school coloring page,590,14,0.0,no,other,no,BUILD
latvia flag coloring page,590,9,0.0,no,flags-geo,no,BUILD
leaf coloring book page,590,13,1.01,no,nature-flowers,no,BUILD
lemon color page,590,11,0.0,no,other,no,BUILD
letter e coloring page,590,14,0.0,no,letters-numbers,no,BUILD
letter g coloring pages,590,13,0.0,no,letters-numbers,no,BUILD
letter j coloring page,590,12,0.0,no,letters-numbers,no,BUILD
letter k color page,590,11,0.0,no,letters-numbers,no,BUILD
letter l coloring pages,590,18,0.0,no,letters-numbers,no,BUILD
letter p coloring pages,590,13,0.0,no,letters-numbers,no,BUILD
letters coloring pages,590,18,0.95,no,letters-numbers,no,BUILD
little corner coloring pages,590,25,0.0,no,other,no,BUILD
little einsteins coloring pages,590,22,0.0,no,other,no,BUILD
lol dolls coloring page,590,17,0.0,no,other,no,BUILD
lucario coloring page,590,11,0.0,no,other,no,BUILD
lunar new year coloring pages,590,20,0.0,no,season-holiday,no,BUILD
madagascar color pages,590,10,0.0,no,other,no,BUILD
mandala monday coloring pages,590,29,0.0,no,mandala-patterns,no,BUILD
mario odyssey coloring pages,590,22,0.0,no,other,YES,SKIP-licensed
mater coloring pages,590,25,0.0,no,other,no,BUILD
math worksheets coloring pages,590,22,0.42,no,other,no,BUILD
maui coloring pages,590,12,0.0,no,other,no,BUILD
mega pokemon coloring pages,590,7,0.0,no,other,YES,SKIP-licensed
mew coloring page,590,12,0.0,no,other,no,BUILD
mickey mouse halloween coloring pages,590,18,0.0,no,season-holiday,YES,SKIP-licensed
middle school coloring pages,590,19,0.0,no,other,no,BUILD
mitten coloring page,590,15,0.0,no,other,no,BUILD
mlb coloring pages,590,28,0.0,no,other,no,BUILD
mona lisa coloring page,590,11,0.0,no,other,no,BUILD
monster inc coloring pages,590,16,0.27,no,other,no,BUILD
mr beast coloring pages,590,16,0.0,no,other,no,BUILD
mr incredible coloring page,590,9,0.0,no,other,no,BUILD
music coloring book pages,590,15,0.12,no,other,no,BUILD
music instruments coloring pages,590,12,0.74,no,other,no,BUILD
my little pony princess twilight sparkle coloring pages,590,8,0.0,no,other,YES,SKIP-licensed
my little pony twilight sparkle coloring pages,590,11,0.0,no,other,YES,SKIP-licensed
native american coloring book pages,590,12,0.68,no,other,no,BUILD
native indian coloring pages,590,15,0.0,no,other,no,BUILD
nature coloring book pages,590,11,1.96,no,nature-flowers,no,BUILD
new year coloring pages 2026,590,16,0.0,no,season-holiday,no,BUILD
new york city coloring pages,590,12,0.0,no,other,no,BUILD
nick jr coloring pages,590,15,0.0,no,other,no,BUILD
nickelodeon coloring pages,590,12,0.0,no,other,no,BUILD
nike shoe coloring page,590,9,0.0,no,other,no,BUILD
nintendo coloring pages,590,25,0.0,no,other,YES,SKIP-licensed
nintendo switch coloring page,590,23,0.0,no,other,YES,SKIP-licensed
number 1 coloring page,590,14,0.0,no,letters-numbers,no,BUILD
ocean coloring book pages,590,12,1.16,no,ocean-sea,no,BUILD
panther color page,590,11,0.0,no,other,no,BUILD
patterns coloring pages,590,17,1.02,no,mandala-patterns,no,BUILD
peanuts christmas coloring pages,590,11,0.0,no,season-holiday,YES,SKIP-licensed
peanuts coloring pages,590,9,0.0,no,other,YES,SKIP-licensed
pencil coloring page,590,17,0.0,no,other,no,BUILD
photo to coloring page converter,590,21,0.45,no,other,no,BUILD
pickle coloring page,590,18,0.0,no,other,no,BUILD
picture to coloring page converter,590,20,0.45,no,other,no,BUILD
pie coloring page,590,15,0.0,no,other,no,BUILD
pinkfong coloring pages,590,23,0.0,no,other,no,BUILD
pinkie pie coloring page,590,18,0.0,no,other,no,BUILD
pitbull coloring pages,590,10,0.0,no,other,no,BUILD
pixar coloring pages,590,15,0.0,no,other,no,BUILD
playground coloring pages,590,18,0.0,no,other,no,BUILD
pokemon halloween coloring pages,590,10,0.0,no,season-holiday,YES,SKIP-licensed
pomni coloring page,590,16,0.0,no,other,no,BUILD
pool coloring page,590,15,0.0,no,other,no,BUILD
popcorn coloring page,590,14,0.0,no,other,no,BUILD
prek coloring pages,590,21,0.67,no,other,no,BUILD
present coloring page,590,15,0.0,no,other,no,BUILD
print flower coloring pages,590,23,0.74,no,nature-flowers,no,BUILD
print paw patrol coloring pages,590,13,1.04,no,other,YES,SKIP-licensed
profanity coloring pages,590,26,1.02,no,other,no,BUILD
pterodactyl coloring page,590,14,0.0,no,other,no,BUILD
pusheen cat coloring pages,590,10,0.0,no,animals,YES,SKIP-licensed
r rated coloring pages,590,19,0.0,no,other,no,BUILD
r-rated coloring pages,590,22,0.0,no,other,no,BUILD
rain coloring page,590,18,0.0,no,other,no,BUILD
rapper coloring pages,590,14,0.0,no,other,no,BUILD
raptor dinosaur coloring pages,590,18,0.0,no,animals,no,BUILD
reading coloring pages,590,6,0.62,no,other,no,BUILD
rooster coloring page,590,9,0.0,no,other,no,BUILD
sanrio hello kitty coloring pages,590,17,0.0,no,other,YES,SKIP-licensed
santa's elves coloring pages,590,9,0.0,no,other,no,BUILD
scooby dooby doo coloring pages,590,19,0.0,no,other,YES,SKIP-licensed
scorpion coloring page,590,19,0.0,no,other,no,BUILD
shapes and colors coloring pages,590,9,0.59,no,other,no,BUILD
shimmer & shine coloring pages,590,22,0.0,no,other,no,BUILD
shin sonic coloring pages,590,20,0.0,no,other,YES,SKIP-licensed
shopkins coloring pages to print,590,16,0.0,no,other,no,BUILD
sight word coloring pages,590,13,0.09,no,other,no,BUILD
simba coloring pages,590,11,0.0,no,other,no,BUILD
sing coloring pages,590,19,0.0,no,other,no,BUILD
skye from paw patrol coloring page,590,9,0.0,no,other,YES,SKIP-licensed
skzoo coloring pages,590,25,0.0,no,other,no,BUILD
smash bros coloring pages,590,7,0.0,no,other,no,BUILD
sonny angel coloring pages,590,22,0.0,no,other,no,BUILD
spanish coloring pages,590,9,0.0,no,other,no,BUILD
spirit coloring pages,590,11,0.0,no,other,no,BUILD
spongebob squarepants coloring pages,590,14,0.0,no,other,YES,SKIP-licensed
sport coloring pages,590,14,0.86,no,other,no,BUILD
sports car coloring pages,590,12,0.0,no,vehicles,no,BUILD
squidward coloring pages,590,7,0.0,no,other,no,BUILD
star wars coloring pages darth vader,590,7,0.0,no,other,YES,SKIP-licensed
starfish coloring book page,590,16,0.0,no,animals,no,BUILD
stegosaurus dinosaur coloring pages,590,16,0.0,no,animals,no,BUILD
steph curry coloring pages,590,13,0.0,no,other,no,BUILD
stitch halloween coloring pages,590,22,0.0,no,season-holiday,YES,SKIP-licensed
stress relief coloring pages,590,26,2.07,no,other,no,BUILD
summer coloring pages for preschoolers,590,27,0.0,no,audience-kids,no,BUILD
summer coloring pages printable pdf,590,19,1.4,no,season-holiday,no,BUILD
super mario and luigi coloring pages,590,19,0.0,no,other,YES,SKIP-licensed
super mario odyssey coloring pages,590,17,0.0,no,other,YES,SKIP-licensed
surfboard color page,590,17,0.0,no,other,no,BUILD
swimming pool coloring pages,590,13,0.0,no,other,no,BUILD
teletubbies coloring pages,590,10,0.0,no,other,no,BUILD
tesla coloring pages,590,11,0.0,no,other,no,BUILD
tiger coloring book pages,590,12,0.0,no,other,no,BUILD
toad coloring pages,590,11,0.0,no,other,no,BUILD
tooth coloring page,590,10,0.0,no,other,no,BUILD
transformers 4 coloring pages,590,7,0.0,no,other,YES,SKIP-licensed
transportation coloring pages,590,20,0.57,no,other,no,BUILD
trolls coloring book pages,590,11,0.0,no,other,YES,SKIP-licensed
turkeys coloring pages,590,24,0.0,no,other,no,BUILD
turtles coloring pages,590,19,0.41,no,animals,no,BUILD
underwater coloring pages,590,17,0.0,no,ocean-sea,no,BUILD
unique trippy coloring pages for adults,590,13,0.86,no,audience-adults,no,BUILD
united states of america coloring pages,590,22,0.85,no,flags-geo,no,BUILD
up coloring pages,590,10,0.94,no,other,no,BUILD
up movie coloring pages,590,9,0.0,no,other,no,BUILD
usa map states coloring page,590,16,0.0,no,flags-geo,no,BUILD
valentine hello kitty coloring pages,590,9,0.0,no,season-holiday,YES,SKIP-licensed
valentines day coloring pages for adults,590,16,0.0,no,audience-adults,no,BUILD
vampirina coloring page,590,16,0.0,yes,other,no,BUILD
vegeta coloring pages,590,8,0.0,no,other,no,BUILD
vegetable coloring pages,590,15,0.0,no,other,no,BUILD
veggietales coloring pages,590,2,0.0,no,other,no,BUILD
very hungry caterpillar coloring pages,590,8,0.0,no,other,no,BUILD
walt disney world printable coloring pages,590,12,0.0,no,other,YES,SKIP-licensed
watercolor coloring pages,590,12,0.44,no,other,no,BUILD
watermellon coloring page,590,14,0.0,no,other,no,BUILD
weenie dog coloring pages,590,18,0.0,no,animals,no,BUILD
western themed coloring pages,590,13,0.0,no,other,no,BUILD
wild robot coloring page,590,19,0.0,no,other,no,BUILD
winter coloring pages for adults,590,22,0.0,no,audience-adults,no,BUILD
winter olympics coloring pages,590,1,0.0,no,season-holiday,no,BUILD
winx club coloring pages,590,7,0.28,no,other,no,BUILD
witchy coloring pages,590,24,0.0,no,other,no,BUILD
wrestling coloring pages,590,9,0.0,no,other,no,BUILD
y2k coloring pages,590,25,0.0,no,other,no,BUILD
yo gabba coloring pages,590,6,0.0,no,other,no,BUILD
yoprintables/coloring-page-generator,590,9,0.0,no,other,no,BUILD
yugioh coloring pages,590,13,0.19,no,other,no,BUILD
zentangle coloring pages,590,20,0.0,no,mandala-patterns,no,BUILD
