keyword,volume,kd,cpc,ai_overview,image_pack,target_generator,recommendation
cursive writing,22200,58,0.05,yes,yes,gen-cursive-practice,LATER-highKD
kindergarten worksheets,18100,55,0.99,no,yes,static-or-hub,LATER-highKD
where to find free printables,18100,63,0.0,yes,no,static-or-hub,LATER-highKD
abc's in cursive worksheet,18100,38,0.59,yes,yes,gen-cursive-practice,BUILD
cursive writing and,18100,48,0.05,yes,yes,gen-cursive-practice,LATER-highKD
cursive writing cursive,18100,67,0.05,yes,yes,gen-cursive-practice,LATER-highKD
how to write in cursive,14800,32,0.63,no,yes,SKIP-explainer,SKIP-AIO-explainer
cursive practice sheets,12100,17,0.36,no,yes,gen-cursive-practice,BUILD
name tracing,9900,16,0.32,no,yes,gen-name-tracing,BUILD
preschool worksheets,9900,42,1.03,no,yes,static-or-hub,LATER-highKD
cursive alphabet practice sheets,9900,19,0.59,no,yes,gen-cursive-practice,BUILD
cursive handwriting worksheets,9900,26,0.36,no,yes,gen-cursive-practice,BUILD
cursive writing practice sheets,9900,41,0.36,no,yes,gen-cursive-practice,LATER-highKD
connect the dots,9900,50,0.67,yes,yes,gen-dot-to-dot,LATER-highKD
the connect the dots,9900,36,0.67,yes,yes,gen-dot-to-dot,BUILD
handwriting practice sheets,8100,43,0.57,no,yes,gen-name-tracing,LATER-highKD
name tracing worksheets,8100,22,0.35,no,yes,gen-name-tracing,BUILD
abc letters,8100,60,1.12,yes,no,gen-letter-tracing,LATER-highKD
cursive handwriting,8100,53,0.22,yes,yes,gen-cursive-practice,LATER-highKD
cursive worksheets,8100,8,0.54,no,yes,gen-cursive-practice,BUILD
letter tracing worksheets,6600,28,0.89,no,yes,gen-letter-tracing,BUILD
tracing worksheets,6600,27,1.05,no,yes,static-or-hub,BUILD
kdg worksheets,6600,60,0.99,no,yes,static-or-hub,LATER-highKD
pre k worksheets,6600,47,1.02,no,yes,static-or-hub,LATER-highKD
cursive alphabet worksheet,6600,22,0.59,no,yes,gen-cursive-practice,BUILD
handwriting practice,6600,25,0.61,yes,yes,gen-name-tracing,BUILD
connect the dots printable,6600,21,1.32,no,yes,gen-dot-to-dot,BUILD
dot to dot printables,6600,21,1.32,no,yes,gen-dot-to-dot,BUILD
handwriting practice worksheets,5400,33,0.79,no,yes,gen-name-tracing,BUILD
handwriting worksheets,5400,36,0.79,no,yes,gen-name-tracing,BUILD
traceable letters,5400,35,0.89,no,yes,gen-letter-tracing,BUILD
tracing,5400,38,2.62,yes,yes,static-or-hub,BUILD
activity pages preschool,5400,41,1.03,no,yes,static-or-hub,LATER-highKD
prek worksheets,5400,48,1.02,no,yes,static-or-hub,LATER-highKD
cursive alphabet worksheets,5400,41,0.59,yes,yes,gen-cursive-practice,LATER-highKD
cursive writing alphabet worksheets,5400,32,0.59,no,yes,gen-cursive-practice,BUILD
cursive name generator,5400,44,0.01,no,no,gen-cursive-practice,LATER-highKD
cursive writing practice worksheets,5400,30,0.36,no,yes,gen-cursive-practice,BUILD
cursive writing worksheets,5400,25,0.42,no,yes,gen-cursive-practice,BUILD
k5 learning cursive writing worksheets,5400,25,0.0,no,yes,gen-cursive-practice,BUILD
dot to dot worksheets,5400,18,1.32,no,yes,gen-dot-to-dot,BUILD
alphabet tracing worksheets,4400,25,0.89,no,yes,gen-letter-tracing,BUILD
alphabet tracing worksheets a z,4400,31,0.89,no,no,gen-letter-tracing,BUILD
create printables,4400,37,1.12,no,yes,static-or-hub,BUILD
handwriting writing worksheets,4400,39,0.79,no,yes,gen-name-tracing,BUILD
number tracing worksheets,4400,24,0.78,no,yes,gen-number-tracing,BUILD
preschool activities,4400,31,0.9,yes,yes,static-or-hub,BUILD
preschool activity sheets,4400,50,1.03,no,yes,static-or-hub,LATER-highKD
letter a worksheets,4400,26,1.09,no,yes,gen-letter-tracing,BUILD
letter i worksheets,4400,24,1.09,no,yes,gen-letter-tracing,BUILD
letter sounds,4400,62,1.74,yes,yes,gen-letter-tracing,LATER-highKD
letters of the alphabet,4400,75,0.0,yes,no,gen-letter-tracing,LATER-highKD
alphabet in cursive printable chart,4400,33,0.0,yes,no,gen-cursive-practice,BUILD
cursive script practice worksheets,4400,19,0.36,no,yes,gen-cursive-practice,BUILD
cursive writing generator,4400,49,0.05,no,no,gen-cursive-practice,LATER-highKD
practise cursive handwriting worksheets,4400,28,0.36,yes,no,gen-cursive-practice,BUILD
dot to dot sheets,4400,11,1.32,no,yes,gen-dot-to-dot,BUILD
alphabet letters to trace,3600,24,0.89,no,yes,gen-letter-tracing,BUILD
createprintables,3600,34,1.12,no,yes,static-or-hub,BUILD
letter tracing sheets kindergarten,3600,13,0.89,yes,no,gen-letter-tracing,BUILD
name printouts for tracing,3600,14,0.34,no,no,gen-name-tracing,BUILD
tracing letters,3600,25,0.89,no,yes,gen-letter-tracing,BUILD
tracing name worksheets,3600,17,0.35,no,yes,gen-name-tracing,BUILD
free kindergarten worksheets,3600,53,1.0,no,yes,static-or-hub,LATER-highKD
free printable,3600,60,0.59,yes,yes,static-or-hub,LATER-highKD
kindergarten activity sheets,3600,50,0.99,no,yes,static-or-hub,LATER-highKD
worksheet of kindergarten,3600,50,0.99,no,yes,static-or-hub,LATER-highKD
worksheets for kindergarten,3600,49,0.96,no,yes,static-or-hub,LATER-highKD
printable letters,3600,31,1.31,no,yes,gen-letter-tracing,BUILD
cursive sheet,3600,29,0.42,no,yes,gen-cursive-practice,BUILD
cursive words,3600,61,0.01,no,yes,gen-cursive-practice,LATER-highKD
cursive writing practice,3600,28,0.42,no,yes,gen-cursive-practice,BUILD
how do you do cursive writing,3600,55,0.55,yes,yes,gen-cursive-practice,LATER-highKD
joint writing practice,3600,39,0.42,no,yes,static-or-hub,BUILD
longhand writing practice,3600,16,0.42,yes,yes,static-or-hub,BUILD
printable cursive handwriting practice,3600,19,0.36,no,yes,gen-cursive-practice,BUILD
dot to dot,3600,18,0.46,no,yes,gen-dot-to-dot,BUILD
alphabet tracing,2900,25,0.78,no,yes,gen-letter-tracing,BUILD
create name tracing worksheets,2900,20,0.35,no,yes,gen-name-tracing,BUILD
free name tracing worksheets,2900,18,0.33,no,yes,gen-name-tracing,BUILD
letter tracing,2900,18,0.89,no,yes,gen-letter-tracing,BUILD
name tracing practice,2900,30,0.41,no,yes,gen-name-tracing,BUILD
name tracing printable,2900,27,0.34,no,yes,gen-name-tracing,BUILD
name writing practice,2900,32,0.25,no,yes,gen-name-tracing,BUILD
free worksheets for nursery,2900,44,0.95,no,yes,static-or-hub,LATER-highKD
kg activity sheets,2900,46,0.96,no,yes,static-or-hub,LATER-highKD
kindergarten worksheets free,2900,53,0.94,no,yes,static-or-hub,LATER-highKD
preschool worksheets free,2900,50,0.95,no,yes,static-or-hub,LATER-highKD
worksheets for kids,2900,67,0.0,no,yes,static-or-hub,LATER-highKD
free cursive alphabet worksheets,2900,24,0.44,no,yes,gen-cursive-practice,BUILD
free printable letters,2900,31,0.79,no,yes,gen-letter-tracing,BUILD
cursive handwriting practice pages,2900,26,0.36,no,yes,gen-cursive-practice,BUILD
cursive handwriting practice sheets,2900,37,0.36,no,yes,gen-cursive-practice,BUILD
cursive letters worksheet,2900,25,0.36,no,yes,gen-cursive-practice,BUILD
cursive practice,2900,18,0.38,no,yes,gen-cursive-practice,BUILD
cursive writer,2900,62,0.05,no,yes,gen-cursive-practice,LATER-highKD
printable cursive handwriting practice worksheets,2900,20,0.79,yes,yes,gen-cursive-practice,BUILD
worksheets cursive,2900,24,0.36,no,yes,gen-cursive-practice,BUILD
dot to dot to,2900,11,0.46,no,yes,gen-dot-to-dot,BUILD
alphabet tracing sheet,2400,14,0.89,no,yes,gen-letter-tracing,BUILD
handwriting exercises worksheets,2400,45,0.79,yes,yes,gen-name-tracing,LATER-highKD
name tracing worksheet,2400,32,0.35,no,yes,gen-name-tracing,BUILD
practice handwriting worksheets,2400,38,0.57,no,yes,gen-name-tracing,BUILD
trace letters,2400,24,0.89,no,yes,gen-letter-tracing,BUILD
traceable alphabet letters,2400,27,0.89,no,yes,gen-letter-tracing,BUILD
tracing letters practice sheets,2400,24,1.03,no,yes,gen-letter-tracing,BUILD
tracing letters worksheets,2400,27,1.03,no,yes,gen-letter-tracing,BUILD
writing practice worksheets,2400,41,0.79,no,yes,static-or-hub,LATER-highKD
activity pages for pre-k,2400,56,1.02,yes,no,static-or-hub,LATER-highKD
exercises for kindergarteners,2400,45,4.01,yes,no,static-or-hub,LATER-highKD
free preschool learning printables,2400,39,1.01,yes,yes,static-or-hub,BUILD
free printable kindergarten worksheets,2400,50,0.99,no,yes,static-or-hub,LATER-highKD
free printable preschool work sheets,2400,38,1.01,no,yes,static-or-hub,BUILD
free printable preschool worksheets,2400,38,1.01,no,yes,static-or-hub,BUILD
free printable worksheets,2400,67,1.08,no,yes,static-or-hub,LATER-highKD
free worksheets,2400,74,0.91,no,yes,static-or-hub,LATER-highKD
kids worksheets,2400,70,0.0,no,yes,static-or-hub,LATER-highKD
kindergarten activities printable worksheets,2400,55,1.07,yes,no,static-or-hub,LATER-highKD
pre k activity sheets,2400,46,1.02,no,yes,static-or-hub,LATER-highKD
worksheets for preschoolers,2400,50,1.03,no,yes,static-or-hub,LATER-highKD
abc worksheets,2400,33,0.93,no,yes,gen-letter-tracing,BUILD
alphabet b worksheet,2400,11,0.91,no,yes,gen-letter-tracing,BUILD
alphabet sheet,2400,32,0.85,no,yes,gen-letter-tracing,BUILD
alphabet worksheets,2400,37,0.85,no,yes,gen-letter-tracing,BUILD
free printable alphabet letters,2400,36,0.79,no,yes,gen-letter-tracing,BUILD
letter a worksheet,2400,25,1.09,no,yes,gen-letter-tracing,BUILD
letter c worksheets,2400,22,0.6,no,yes,gen-letter-tracing,BUILD
printable alphabet letters,2400,37,0.99,no,yes,gen-letter-tracing,BUILD
cursive i worksheet,2400,18,0.54,no,yes,gen-cursive-practice,BUILD
cursive letters worksheets printable,2400,22,0.79,no,yes,gen-cursive-practice,BUILD
free cursive worksheets,2400,36,0.48,no,yes,gen-cursive-practice,BUILD
free printable cursive handwriting worksheets,2400,27,0.7,no,yes,gen-cursive-practice,BUILD
printable cursive handwriting practice sheets,2400,18,0.79,no,yes,gen-cursive-practice,BUILD
printable cursive handwriting sheets,2400,23,0.79,yes,yes,gen-cursive-practice,BUILD
write in cursive,2400,56,0.05,yes,no,gen-cursive-practice,LATER-highKD
writing in cursive,2400,50,0.05,yes,no,gen-cursive-practice,LATER-highKD
alphabet tracing sheets,1900,21,0.89,no,yes,gen-letter-tracing,BUILD
free handwriting practice sheets,1900,30,0.74,yes,yes,gen-name-tracing,BUILD
free handwriting worksheets,1900,30,0.74,no,yes,gen-name-tracing,BUILD
free name tracing sheets,1900,15,0.36,no,yes,gen-name-tracing,BUILD
free name tracing worksheets for preschool,1900,18,0.37,no,yes,gen-name-tracing,BUILD
name practice sheets,1900,27,0.23,no,yes,gen-name-tracing,BUILD
practice writing name,1900,30,0.23,no,yes,gen-name-tracing,BUILD
practice writing sheets,1900,41,0.95,no,yes,static-or-hub,LATER-highKD
printable handwriting worksheets,1900,32,0.87,no,yes,gen-name-tracing,BUILD
traceable name worksheets,1900,21,0.37,no,yes,gen-name-tracing,BUILD
tracing alphabet worksheets,1900,27,0.89,no,yes,gen-letter-tracing,BUILD
tracing letters printable,1900,20,0.95,no,yes,gen-letter-tracing,BUILD
tracing names,1900,22,0.32,no,yes,gen-name-tracing,BUILD
tracing numbers worksheets,1900,21,0.78,no,yes,gen-number-tracing,BUILD
writing worksheets,1900,39,0.87,no,yes,static-or-hub,BUILD
free kindergarten printables,1900,54,1.0,no,yes,static-or-hub,LATER-highKD
free preschool worksheets,1900,42,0.95,no,yes,static-or-hub,LATER-highKD
free printable worksheets for kindergarten,1900,55,0.99,no,yes,static-or-hub,LATER-highKD
free printable worksheets for nursery,1900,33,1.01,no,yes,static-or-hub,BUILD
kindergarten printable worksheets,1900,44,1.07,no,yes,static-or-hub,LATER-highKD
preschool activities worksheets,1900,55,1.03,no,yes,static-or-hub,LATER-highKD
preschool math worksheets,1900,27,0.8,no,yes,static-or-hub,BUILD
preschool mathematics worksheets,1900,27,0.8,no,yes,static-or-hub,BUILD
printable kindergarten worksheets,1900,52,1.07,no,yes,static-or-hub,LATER-highKD
toddler worksheets,1900,53,1.06,no,yes,static-or-hub,LATER-highKD
worksheet on this and that for kindergarten,1900,27,0.99,no,yes,static-or-hub,BUILD
worksheets for preschool,1900,39,1.03,no,yes,static-or-hub,BUILD
abc printable,1900,29,3.39,no,yes,gen-letter-tracing,BUILD
alphabet letters printable,1900,31,0.99,no,yes,gen-letter-tracing,BUILD
alphabet practise sheets,1900,31,0.85,no,yes,gen-letter-tracing,BUILD
beginning sounds worksheets,1900,15,0.38,no,yes,static-or-hub,BUILD
cursive alphabet worksheet free,1900,24,0.44,no,yes,gen-cursive-practice,BUILD
letter a tracing,1900,20,0.89,no,yes,gen-letter-tracing,BUILD
print alphabet,1900,37,1.07,yes,yes,gen-letter-tracing,BUILD
printable alphabet,1900,26,1.07,no,yes,gen-letter-tracing,BUILD
zaner bloser cursive alphabet worksheet,1900,12,0.0,no,no,gen-cursive-practice,BUILD
cursive alphabet printable,1900,34,0.9,no,yes,gen-cursive-practice,BUILD
cursive handwriting practice,1900,29,0.35,no,yes,gen-cursive-practice,BUILD
cursive learning sheets,1900,23,0.42,no,yes,gen-cursive-practice,BUILD
cursive practice worksheets,1900,19,0.42,no,yes,gen-cursive-practice,BUILD
cursive worksheet,1900,33,0.54,no,yes,gen-cursive-practice,BUILD
cursive writing cursive writing,1900,44,0.05,yes,yes,gen-cursive-practice,LATER-highKD
cursive writing printable alphabet,1900,41,0.9,yes,no,gen-cursive-practice,LATER-highKD
free cursive practice sheets,1900,41,0.48,no,yes,gen-cursive-practice,LATER-highKD
free printable cursive practice sheets,1900,28,0.7,yes,yes,gen-cursive-practice,BUILD
how to write cursive letters,1900,50,0.51,no,yes,SKIP-explainer,SKIP-AIO-explainer
alphabet tracing pages,1600,24,0.89,no,yes,gen-letter-tracing,BUILD
free handwriting practice worksheets,1600,32,0.67,no,yes,gen-name-tracing,BUILD
hand writing practice sheets,1600,34,0.57,no,yes,static-or-hub,BUILD
handwriting lines,1600,9,0.15,no,yes,gen-prewriting-lines,BUILD
handwriting worksheet,1600,33,0.79,no,yes,gen-name-tracing,BUILD
handwriting worksheet generator,1600,17,0.93,no,yes,gen-name-tracing,BUILD
name practice worksheets,1600,32,0.23,no,yes,gen-name-tracing,BUILD
name tracing generator,1600,20,0.24,no,yes,gen-name-tracing,BUILD
name writing practice sheets,1600,30,0.31,no,yes,gen-name-tracing,BUILD
penmanship worksheets,1600,35,0.73,no,yes,static-or-hub,BUILD
print name,1600,28,0.36,yes,no,static-or-hub,BUILD
printable letter tracing worksheets,1600,26,0.95,no,yes,gen-letter-tracing,BUILD
printable name tracing,1600,19,0.33,no,yes,gen-name-tracing,BUILD
printable traceable letters,1600,18,0.86,no,yes,gen-letter-tracing,BUILD
printing writing worksheets,1600,25,0.87,no,yes,static-or-hub,BUILD
trace my name worksheet,1600,34,0.37,no,yes,gen-name-tracing,BUILD
trace name printable,1600,18,0.33,no,yes,gen-name-tracing,BUILD
tracing worksheets for nursery,1600,29,0.96,no,yes,static-or-hub,BUILD
abc printables,1600,28,0.82,no,yes,gen-letter-tracing,BUILD
free printable childrens worksheets,1600,62,1.06,no,no,static-or-hub,LATER-highKD
free printables for kids,1600,58,0.0,yes,yes,static-or-hub,LATER-highKD
free printables for preschool,1600,41,0.8,no,yes,static-or-hub,LATER-highKD
kindergarten homework,1600,50,0.97,no,yes,static-or-hub,LATER-highKD
number activity sheets for preschoolers,1600,29,0.9,no,yes,static-or-hub,BUILD
preschool letter worksheets,1600,42,1.01,no,yes,gen-letter-tracing,LATER-highKD
preschool sheets,1600,40,1.03,no,yes,static-or-hub,BUILD
preschool worksheet printouts,1600,45,1.17,no,yes,static-or-hub,LATER-highKD
printable preschool worksheets,1600,36,1.17,no,yes,static-or-hub,BUILD
work pages for pre-k,1600,48,0.86,no,no,static-or-hub,LATER-highKD
worksheet for kindergarten,1600,48,0.96,no,yes,static-or-hub,LATER-highKD
worksheets for 3 year olds,1600,58,1.03,no,yes,static-or-hub,LATER-highKD
abcs for kindergarteners,1600,46,1.7,yes,no,gen-letter-tracing,LATER-highKD
alphabet worksheet,1600,45,0.71,no,yes,gen-letter-tracing,LATER-highKD
printable abc letters,1600,36,0.76,no,yes,gen-letter-tracing,BUILD
printable cursive alphabet worksheets,1600,20,0.55,no,yes,gen-cursive-practice,BUILD
cursive handwriting practise,1600,27,0.41,no,yes,gen-cursive-practice,BUILD
cursive printing worksheets,1600,23,0.85,no,yes,gen-cursive-practice,BUILD
cursive script handwriting practice,1600,27,0.31,no,yes,gen-cursive-practice,BUILD
english cursive,1600,71,0.0,no,yes,gen-cursive-practice,LATER-highKD
free cursive lettering,1600,53,0.99,no,yes,gen-cursive-practice,LATER-highKD
learn cursive,1600,25,0.43,no,yes,SKIP-explainer,SKIP-AIO-explainer
learn cursive writing,1600,31,0.61,yes,yes,SKIP-explainer,SKIP-AIO-explainer
learning cursive,1600,29,0.61,no,yes,gen-cursive-practice,BUILD
name in cursive,1600,41,0.05,no,yes,gen-cursive-practice,LATER-highKD
names in cursive,1600,34,0.09,no,yes,gen-cursive-practice,BUILD
practice in cursive handwriting,1600,32,0.31,no,yes,gen-cursive-practice,BUILD
printable cursive sheets,1600,28,0.71,no,yes,gen-cursive-practice,BUILD
printable cursive writing worksheets,1600,19,0.53,no,yes,gen-cursive-practice,BUILD
dot to dot free printables,1600,19,1.07,no,yes,gen-dot-to-dot,BUILD
extreme dot to dot,1600,11,0.39,no,yes,gen-dot-to-dot,BUILD
abc tracing,1300,24,1.39,no,yes,gen-letter-tracing,BUILD
alphabet letters trace,1300,17,0.77,no,yes,gen-letter-tracing,BUILD
free printable name tracing,1300,26,0.31,no,yes,gen-name-tracing,BUILD
handwriting practice pages,1300,31,0.5,no,yes,gen-name-tracing,BUILD
handwriting practice sheets for adults,1300,17,0.43,no,yes,gen-name-tracing,BUILD
handwriting worksheet maker,1300,38,0.8,no,yes,gen-name-tracing,BUILD
letter a tracing worksheets,1300,13,1.03,no,yes,gen-letter-tracing,BUILD
letter tracing printables,1300,18,0.86,no,yes,gen-letter-tracing,BUILD
letter tracing worksheets pdf free download,1300,8,0.0,no,yes,gen-letter-tracing,BUILD
letters to trace,1300,20,0.0,yes,yes,gen-letter-tracing,BUILD
name trace,1300,23,0.38,no,yes,gen-name-tracing,BUILD
name trace generator,1300,13,0.11,no,no,gen-name-tracing,BUILD
name writing worksheets,1300,27,0.25,no,yes,gen-name-tracing,BUILD
practice of handwriting,1300,30,0.47,yes,yes,gen-name-tracing,BUILD
preschool tracing worksheets,1300,16,0.87,no,yes,static-or-hub,BUILD
printable handwriting sheets,1300,34,0.67,no,yes,gen-name-tracing,BUILD
shape tracing worksheets,1300,23,0.68,no,yes,gen-prewriting-lines,BUILD
trace name worksheet,1300,26,0.35,no,yes,gen-name-tracing,BUILD
trace your name worksheet,1300,18,0.35,no,yes,gen-name-tracing,BUILD
traceable name sheets,1300,20,0.37,no,yes,gen-name-tracing,BUILD
traceable worksheets,1300,39,1.05,no,yes,gen-name-tracing,BUILD
tracing activity worksheets,1300,18,1.05,no,yes,static-or-hub,BUILD
tracing alphabet letters,1300,26,0.75,no,yes,gen-letter-tracing,BUILD
tracing lines worksheets,1300,11,0.7,no,yes,gen-prewriting-lines,BUILD
writing practice sheets,1300,34,0.79,no,yes,static-or-hub,BUILD
writing worksheets for adults,1300,24,0.51,no,yes,static-or-hub,BUILD
3 year old worksheets,1300,32,0.0,no,yes,static-or-hub,BUILD
abcmouse free,1300,46,1.57,yes,yes,static-or-hub,LATER-highKD
alphabet pages for preschoolers,1300,50,0.82,no,yes,gen-letter-tracing,LATER-highKD
free alphabet printables,1300,47,0.8,no,yes,gen-letter-tracing,LATER-highKD
free kindergarten worksheets printable,1300,49,0.89,no,yes,static-or-hub,LATER-highKD
free preschool worksheets age 3-4,1300,48,0.87,no,no,gen-number-tracing,LATER-highKD
free printables for kindergarten,1300,52,1.0,yes,yes,static-or-hub,LATER-highKD
fun math activity worksheets,1300,37,0.46,no,yes,static-or-hub,BUILD
fun worksheets for kids,1300,51,0.0,no,yes,static-or-hub,LATER-highKD
kindergarten activities,1300,24,0.93,yes,yes,static-or-hub,BUILD
kindergarten printable worksheets free,1300,51,0.89,no,yes,static-or-hub,LATER-highKD
kindergarten sheets,1300,49,0.91,no,yes,static-or-hub,LATER-highKD
kindergarten worksheet,1300,28,0.91,no,yes,static-or-hub,BUILD
kindergarten worksheets free printable,1300,43,0.87,no,yes,static-or-hub,LATER-highKD
kindergarten worksheets printable,1300,45,1.07,no,yes,static-or-hub,LATER-highKD
letter a worksheets preschool,1300,30,1.05,no,yes,gen-letter-tracing,BUILD
letter i preschool worksheets,1300,25,1.01,no,yes,gen-letter-tracing,BUILD
letter i worksheets for preschool,1300,24,1.01,no,yes,gen-letter-tracing,BUILD
nursery activity sheets,1300,52,0.92,no,yes,static-or-hub,LATER-highKD
pre k activity worksheets,1300,48,0.86,no,yes,static-or-hub,LATER-highKD
pre k free worksheet printouts,1300,48,1.02,no,no,static-or-hub,LATER-highKD
pre kg activities worksheets,1300,51,0.86,no,yes,static-or-hub,LATER-highKD
pre-k worksheets,1300,50,0.86,no,no,static-or-hub,LATER-highKD
preschool alphabet practice sheets,1300,38,0.82,no,yes,gen-letter-tracing,BUILD
preschool free printables,1300,36,0.81,no,yes,static-or-hub,BUILD
preschool number worksheets,1300,22,0.72,no,yes,gen-number-tracing,BUILD
preschool printable worksheets,1300,45,0.96,no,yes,static-or-hub,LATER-highKD
printable worksheets,1300,70,1.16,yes,yes,static-or-hub,LATER-highKD
printable worksheets for kindergarten,1300,52,1.07,no,yes,static-or-hub,LATER-highKD
printable worksheets for preschoolers,1300,47,1.04,no,yes,static-or-hub,LATER-highKD
workbook pages for 3 year olds,1300,38,0.95,no,yes,static-or-hub,BUILD
worksheets for 2 year olds,1300,14,0.82,no,yes,static-or-hub,BUILD
worksheets for pre primary,1300,53,0.92,no,yes,static-or-hub,LATER-highKD
abc practice sheets,1300,27,0.92,no,yes,gen-letter-tracing,BUILD
abc worksheet,1300,29,0.92,no,yes,gen-letter-tracing,BUILD
alphabet printables,1300,36,0.82,no,yes,gen-letter-tracing,BUILD
free printable alphabet worksheets,1300,35,0.75,no,yes,gen-letter-tracing,BUILD
letter alphabet,1300,58,0.49,yes,yes,gen-letter-tracing,LATER-highKD
letter f printable,1300,12,0.72,no,yes,gen-letter-tracing,BUILD
letter identification worksheets,1300,25,0.48,no,yes,gen-letter-tracing,BUILD
letter k worksheets,1300,10,0.94,no,yes,gen-letter-tracing,BUILD
letter recognition worksheets,1300,34,0.66,no,yes,gen-letter-tracing,BUILD
printable letters free,1300,30,0.72,no,yes,gen-letter-tracing,BUILD
cursive alphabet practice sheet,1300,39,0.54,no,yes,gen-cursive-practice,BUILD
cursive alphabet printable chart,1300,18,0.0,no,yes,gen-cursive-practice,BUILD
cursive handwriting name generator,1300,30,0.61,no,no,gen-cursive-practice,BUILD
cursive handwriting sheets,1300,23,0.36,no,yes,gen-cursive-practice,BUILD
cursive workbook printable,1300,29,0.64,no,yes,gen-cursive-practice,BUILD
cursive writing sheets,1300,38,0.44,no,yes,gen-cursive-practice,BUILD
cursive writing worksheets free printable,1300,39,0.7,no,yes,gen-cursive-practice,BUILD
free cursive handwriting worksheets,1300,31,0.53,no,yes,gen-cursive-practice,BUILD
free printable cursive handwriting sheets,1300,27,0.57,no,yes,gen-cursive-practice,BUILD
free printable cursive worksheets,1300,29,0.57,no,yes,gen-cursive-practice,BUILD
how to learn cursive,1300,22,0.47,yes,yes,SKIP-explainer,SKIP-AIO-explainer
printable cursive alphabet,1300,36,0.69,no,yes,gen-cursive-practice,BUILD
printable cursive alphabet chart,1300,27,0.0,no,yes,gen-cursive-practice,BUILD
words in cursive,1300,50,0.09,no,yes,gen-cursive-practice,LATER-highKD
extreme connect the dots,1300,11,0.33,no,yes,gen-dot-to-dot,BUILD
abc trace,1000,29,0.96,no,yes,gen-letter-tracing,BUILD
abc traceable,1000,24,0.96,no,yes,gen-letter-tracing,BUILD
abc tracing sheet,1000,20,1.09,no,yes,gen-letter-tracing,BUILD
abc tracing worksheets,1000,31,1.0,no,yes,gen-letter-tracing,BUILD
abc worksheets for kindergarten,1000,32,0.88,no,yes,gen-letter-tracing,BUILD
alphabet tracing printables,1000,15,0.87,no,yes,gen-letter-tracing,BUILD
children's handwriting practice,1000,23,0.65,yes,yes,gen-name-tracing,BUILD
create handwriting worksheets,1000,24,0.93,no,yes,gen-name-tracing,BUILD
free printable traceable letters,1000,15,0.8,no,yes,gen-letter-tracing,BUILD
handwriting name practice,1000,17,0.25,no,yes,gen-name-tracing,BUILD
handwriting practice sheets pdf,1000,18,0.67,no,yes,gen-name-tracing,BUILD
handwriting practice sheets printable,1000,29,0.67,no,yes,gen-name-tracing,BUILD
handwriting worksheets printable,1000,34,0.87,no,yes,gen-name-tracing,BUILD
letter tracing pages to print,1000,19,0.9,no,no,gen-letter-tracing,BUILD
letter tracing worksheets free,1000,17,0.69,no,yes,gen-letter-tracing,BUILD
letter worksheets,1000,38,0.72,no,yes,gen-letter-tracing,BUILD
line tracing worksheets,1000,8,0.7,no,yes,gen-prewriting-lines,BUILD
name trace printable,1000,23,0.34,no,yes,gen-name-tracing,BUILD
name tracing practice sheets,1000,27,0.73,no,yes,gen-name-tracing,BUILD
name tracing sheets,1000,27,0.35,no,yes,gen-name-tracing,BUILD
penmanship practice,1000,35,0.46,yes,yes,static-or-hub,BUILD
print handwriting,1000,28,0.87,yes,no,gen-name-tracing,BUILD
print handwriting worksheets pdf free,1000,36,0.69,no,yes,gen-name-tracing,BUILD
trace alphabet pages,1000,20,1.09,no,yes,gen-letter-tracing,BUILD
trace letters worksheet,1000,33,1.03,no,yes,gen-letter-tracing,BUILD
traceable letter printables,1000,28,0.95,no,yes,gen-letter-tracing,BUILD
traceable letters printable,1000,22,0.95,no,yes,gen-letter-tracing,BUILD
tracing a name,1000,19,0.38,no,yes,gen-name-tracing,BUILD
tracing activity sheet,1000,13,0.89,no,yes,static-or-hub,BUILD
tracing lines,1000,8,0.5,no,yes,gen-prewriting-lines,BUILD
tracing name,1000,16,0.38,no,yes,gen-name-tracing,BUILD
tracing pages for preschool,1000,17,1.02,no,yes,static-or-hub,BUILD
tracing shapes worksheets,1000,17,0.76,no,yes,gen-prewriting-lines,BUILD
tracing worksheets for preschoolers,1000,19,0.96,no,yes,static-or-hub,BUILD
2 year old worksheets,1000,20,0.82,no,yes,static-or-hub,BUILD
activity sheets,1000,37,1.22,yes,yes,static-or-hub,BUILD
activity sheets for kindergarten,1000,56,0.96,no,yes,static-or-hub,LATER-highKD
alphabet worksheets for preschool,1000,45,0.87,no,yes,gen-letter-tracing,LATER-highKD
children's worksheets free,1000,54,0.0,no,no,static-or-hub,LATER-highKD
free pre k printables,1000,39,0.98,no,yes,static-or-hub,BUILD
free worksheet,1000,66,0.9,no,yes,static-or-hub,LATER-highKD
free worksheets for kids,1000,61,0.0,no,yes,static-or-hub,LATER-highKD
free worksheets for kindergarten,1000,50,0.93,no,yes,static-or-hub,LATER-highKD
fun worksheets,1000,57,0.99,no,yes,static-or-hub,LATER-highKD
homework for kindergarten,1000,37,1.08,no,yes,static-or-hub,BUILD
k12reader,1000,34,1.3,no,no,static-or-hub,BUILD
kinder worksheets,1000,41,0.0,no,yes,static-or-hub,LATER-highKD
kindergarten homework printable,1000,52,0.94,no,yes,static-or-hub,LATER-highKD
kindergarten work pages,1000,50,0.91,no,yes,static-or-hub,LATER-highKD
number worksheet for kg,1000,14,0.82,no,yes,gen-number-tracing,BUILD
pre k activity pages,1000,37,0.86,no,yes,static-or-hub,BUILD
pre k sheets,1000,46,1.02,no,yes,static-or-hub,LATER-highKD
pre pre k worksheets,1000,47,0.99,no,yes,static-or-hub,LATER-highKD
prekinders,1000,38,2.08,no,no,static-or-hub,BUILD
preschool alphabet worksheets,1000,33,0.87,no,yes,gen-letter-tracing,BUILD
preschool learning sheets,1000,50,0.92,no,yes,static-or-hub,LATER-highKD
preschool printable activities,1000,35,1.03,no,yes,static-or-hub,BUILD
preschool worksheet,1000,50,0.92,no,yes,static-or-hub,LATER-highKD
printable activities for kids,1000,39,0.0,no,yes,static-or-hub,BUILD
printable pre k worksheets free,1000,44,0.95,no,yes,static-or-hub,LATER-highKD
printable sheets,1000,69,0.91,no,yes,static-or-hub,LATER-highKD
printable sheets for kindergarten,1000,50,0.94,no,yes,static-or-hub,LATER-highKD
work sheets,1000,56,1.0,yes,yes,static-or-hub,LATER-highKD
worksheet clipart,1000,23,0.0,no,yes,static-or-hub,BUILD
worksheet for preschool,1000,38,0.92,no,yes,static-or-hub,BUILD
worksheets for free,1000,64,0.86,no,yes,static-or-hub,LATER-highKD
abc letter,1000,59,1.16,yes,yes,gen-letter-tracing,LATER-highKD
alphabet letter recognition worksheets,1000,29,0.66,no,yes,gen-letter-tracing,BUILD
alphabet letters printable free,1000,30,0.62,no,yes,gen-letter-tracing,BUILD
alphabet printing sheets free,1000,33,0.64,no,yes,gen-letter-tracing,BUILD
alphabet worksheets for kindergarten,1000,19,0.88,no,yes,gen-letter-tracing,BUILD
alphabets letters,1000,49,0.0,yes,yes,gen-letter-tracing,LATER-highKD
letter practice sheets,1000,24,0.79,no,yes,gen-letter-tracing,BUILD
letter practice worksheets,1000,27,0.89,no,yes,gen-letter-tracing,BUILD
letter worksheets for kindergarten,1000,27,0.87,no,yes,gen-letter-tracing,BUILD
letters alphabet,1000,37,0.49,yes,no,gen-letter-tracing,BUILD
letters from alphabet,1000,58,0.0,yes,no,gen-letter-tracing,LATER-highKD
preschool letter activities,1000,13,0.73,yes,yes,gen-letter-tracing,BUILD
printable letters of the alphabet,1000,29,0.81,no,yes,gen-letter-tracing,BUILD
cursive alphebet,1000,41,0.46,yes,yes,gen-cursive-practice,LATER-highKD
cursive handwriting generator,1000,55,0.09,no,yes,gen-cursive-practice,LATER-highKD
cursive handwriting practice worksheets,1000,26,0.36,no,yes,gen-cursive-practice,BUILD
cursive letters practice sheet,1000,20,0.36,no,yes,gen-cursive-practice,BUILD
cursive name,1000,26,0.09,no,no,gen-cursive-practice,BUILD
cursive penmanship,1000,42,0.22,yes,yes,gen-cursive-practice,LATER-highKD
cursive penmanship worksheets,1000,29,0.36,no,yes,gen-cursive-practice,BUILD
cursive sheets,1000,17,0.42,no,yes,gen-cursive-practice,BUILD
cursive workbook,1000,9,0.33,no,yes,gen-cursive-practice,BUILD
cursive writing practice sheets printable,1000,33,0.53,no,yes,gen-cursive-practice,BUILD
cursive writing worksheet,1000,32,0.57,no,yes,gen-cursive-practice,BUILD
cursive writing worksheets pdf,1000,12,0.54,no,yes,gen-cursive-practice,BUILD
free cursive writing worksheets,1000,29,0.48,no,yes,gen-cursive-practice,BUILD
how to do cursive writing,1000,48,0.94,yes,yes,SKIP-explainer,SKIP-AIO-explainer
how to learn cursive writing,1000,9,0.57,yes,yes,SKIP-explainer,SKIP-AIO-explainer
practice cursive worksheets,1000,30,0.36,no,yes,gen-cursive-practice,BUILD
printable cursive worksheets,1000,29,0.89,no,yes,gen-cursive-practice,BUILD
connect the dots coloring pages,1000,19,0.69,no,yes,gen-dot-to-dot,BUILD
dot coloring pages,1000,13,0.51,no,yes,static-or-hub,BUILD
dot to dot coloring pages,1000,18,0.69,no,yes,gen-dot-to-dot,BUILD
join the dots printable,1000,18,1.08,no,yes,static-or-hub,BUILD
abc trace worksheet,880,27,0.96,no,yes,gen-letter-tracing,BUILD
alphabet letter tracing,880,20,0.89,no,yes,gen-letter-tracing,BUILD
alphabet trace,880,10,0.57,no,yes,gen-letter-tracing,BUILD
cursive tracing sheets,880,28,0.62,no,yes,gen-cursive-practice,BUILD
free handwriting sheets,880,31,0.59,no,yes,gen-name-tracing,BUILD
free printable tracing letters of the alphabet,880,22,0.77,no,yes,gen-letter-tracing,BUILD
free tracing worksheets,880,23,0.83,no,yes,static-or-hub,BUILD
handwriting practice pages printable,880,33,0.87,no,yes,gen-name-tracing,BUILD
handwriting practice sheets generator,880,36,0.51,yes,no,gen-name-tracing,BUILD
handwriting sheets,880,14,0.52,no,yes,gen-name-tracing,BUILD
handwriting worksheets for kindergarten,880,23,0.55,no,yes,gen-name-tracing,BUILD
kindergarten tracing worksheets,880,18,1.06,no,yes,static-or-hub,BUILD
letter tracing worksheets az,880,28,0.82,no,yes,gen-letter-tracing,BUILD
name tracer,880,19,0.32,no,yes,gen-name-tracing,BUILD
name tracing generator free,880,23,0.21,no,no,gen-name-tracing,BUILD
practice handwriting sheets,880,43,0.5,no,yes,gen-name-tracing,LATER-highKD
preschool tracing sheets,880,14,0.96,no,yes,static-or-hub,BUILD
print handwriting worksheets,880,28,0.69,no,yes,gen-name-tracing,BUILD
printable handwriting paper,880,24,0.28,no,yes,gen-name-tracing,BUILD
printable handwriting practice sheets,880,35,0.67,no,yes,gen-name-tracing,BUILD
printable names,880,17,0.96,no,yes,gen-name-tracing,BUILD
trace letters printable,880,19,0.95,no,yes,gen-letter-tracing,BUILD
trace name,880,22,0.32,no,yes,gen-name-tracing,BUILD
tracing letter i worksheets,880,9,1.03,no,yes,gen-letter-tracing,BUILD
tracing letters of the alphabet free printables,880,22,0.82,no,yes,gen-letter-tracing,BUILD
tracing sheets,880,36,0.8,no,yes,static-or-hub,BUILD
tracing the alphabet worksheet,880,24,0.89,no,yes,gen-letter-tracing,BUILD
tracing the alphabet worksheets,880,24,0.89,no,yes,gen-letter-tracing,BUILD
tracing worksheet,880,37,0.89,no,yes,static-or-hub,BUILD
tracing worksheets for preschool,880,19,0.96,no,yes,static-or-hub,BUILD
tracing worksheets preschool,880,29,0.87,no,yes,static-or-hub,BUILD
writing practice sheets for adults,880,28,0.55,no,yes,static-or-hub,BUILD
writing worksheet,880,38,0.87,no,yes,static-or-hub,BUILD
abc mouse free,880,43,1.57,yes,no,gen-letter-tracing,LATER-highKD
abcs worksheets,880,35,0.93,no,yes,gen-letter-tracing,BUILD
and worksheet,880,12,1.0,no,yes,static-or-hub,BUILD
children's fun activity sheets,880,46,1.1,no,yes,static-or-hub,LATER-highKD
color worksheets for preschool,880,25,1.13,no,yes,static-or-hub,BUILD
free activity pages,880,42,0.9,no,yes,static-or-hub,LATER-highKD
free kindergarden printables,880,52,1.0,no,yes,static-or-hub,LATER-highKD
free pre k printable worksheets,880,44,1.02,no,yes,static-or-hub,LATER-highKD
free prek worksheets,880,49,0.86,no,yes,static-or-hub,LATER-highKD
free preschool printables,880,38,0.68,no,yes,static-or-hub,BUILD
free printable abc worksheets,880,37,0.71,no,yes,gen-letter-tracing,BUILD
free printable activities for preschoolers,880,42,0.68,no,yes,static-or-hub,LATER-highKD
free printouts for pre k,880,38,0.92,no,no,static-or-hub,BUILD
kindergarten printable homework sheets free,880,,0.0,no,no,static-or-hub,LATER-highKD
kindergarten worksheets pdf,880,25,0.95,no,yes,static-or-hub,BUILD
letter s preschool worksheets,880,11,0.81,no,yes,gen-letter-tracing,BUILD
math worksheets for preschool,880,27,0.9,no,yes,static-or-hub,BUILD
pre k activities,880,24,0.99,yes,yes,static-or-hub,BUILD
pre k printable worksheets,880,48,0.96,no,yes,static-or-hub,LATER-highKD
pre k worksheet,880,53,0.86,no,yes,static-or-hub,LATER-highKD
pre k worksheets free,880,39,1.03,no,yes,static-or-hub,BUILD
prek worksheets printables,880,48,0.96,no,no,static-or-hub,LATER-highKD
preschool abc worksheets,880,33,0.82,no,yes,gen-letter-tracing,BUILD
preschool activity,880,36,0.79,yes,yes,static-or-hub,BUILD
preschool learning activities,880,26,1.46,yes,yes,static-or-hub,BUILD
printable childrens activities,880,39,1.05,no,yes,static-or-hub,BUILD
printable free preschool worksheets,880,45,1.01,no,yes,static-or-hub,LATER-highKD
printable worksheets for kg,880,44,1.07,no,yes,static-or-hub,LATER-highKD
shape worksheets for preschoolers,880,25,0.97,no,yes,gen-prewriting-lines,BUILD
a to z alphabet worksheets pdf,880,19,0.79,no,yes,gen-letter-tracing,BUILD
abc practice sheet,880,27,0.92,no,yes,gen-letter-tracing,BUILD
alphabet practice worksheets printable,880,27,0.86,no,yes,gen-letter-tracing,BUILD
alphabet print out free,880,34,0.8,no,yes,gen-letter-tracing,BUILD
alphabet sheets,880,36,0.71,no,yes,gen-letter-tracing,BUILD
free printable letter s,880,12,0.72,no,yes,gen-letter-tracing,BUILD
letter a and b worksheets,880,23,0.67,no,yes,gen-letter-tracing,BUILD
letter i worksheet,880,29,0.81,no,yes,gen-letter-tracing,BUILD
printable alphabet pages,880,31,0.86,no,yes,gen-letter-tracing,BUILD
children's writing paper,880,22,0.0,no,yes,static-or-hub,BUILD
cursiv writing,880,48,0.0,no,yes,static-or-hub,LATER-highKD
cursive alphabet to print,880,28,0.69,no,yes,gen-cursive-practice,BUILD
cursive handwriting worksheets free printable,880,25,0.57,no,yes,gen-cursive-practice,BUILD
cursive penmanship practice,880,36,0.35,no,no,gen-cursive-practice,BUILD
cursive workbooks free,880,27,0.53,no,yes,gen-cursive-practice,BUILD
cursive worksheet generator,880,36,0.0,no,yes,gen-cursive-practice,BUILD
cursive worksheets free printable,880,26,0.7,no,yes,gen-cursive-practice,BUILD
cursive writing letters,880,49,0.27,no,yes,gen-cursive-practice,LATER-highKD
how to write my name in cursive,880,29,0.23,no,yes,SKIP-explainer,SKIP-AIO-explainer
practice cursive writing,880,26,0.41,no,yes,gen-cursive-practice,BUILD
printable cursive practice sheets,880,14,0.58,no,yes,gen-cursive-practice,BUILD
printable cursive writing practice sheets,880,29,0.79,no,yes,gen-cursive-practice,BUILD
script handwriting,880,72,0.0,yes,yes,gen-name-tracing,LATER-highKD
writing cursive,880,59,0.0,no,yes,gen-cursive-practice,LATER-highKD
challenging dot to dot,880,7,0.26,no,yes,gen-dot-to-dot,BUILD
connect dots,880,44,0.58,no,yes,static-or-hub,LATER-highKD
connect the dot,880,40,0.58,no,yes,static-or-hub,BUILD
connect the dot printables,880,16,1.08,no,yes,static-or-hub,BUILD
connect the dots for adults,880,33,0.28,no,yes,gen-dot-to-dot,BUILD
connect the dots free printable,880,19,1.32,no,yes,gen-dot-to-dot,BUILD
dot coloring sheets,880,10,0.51,no,yes,static-or-hub,BUILD
dot to dot hard,880,9,0.26,no,yes,gen-dot-to-dot,BUILD
dot to dot printable,880,18,1.32,no,yes,gen-dot-to-dot,BUILD
dot to dot to print,880,13,0.88,no,yes,gen-dot-to-dot,BUILD
create free printable tracing worksheets,720,24,0.0,no,no,static-or-hub,BUILD
cursive tracing worksheets,720,31,0.61,no,yes,gen-cursive-practice,BUILD
free abc traceable worksheets,720,27,0.58,yes,no,gen-letter-tracing,BUILD
free abc tracing worksheets,720,23,0.73,no,yes,gen-letter-tracing,BUILD
free alphabet tracing worksheets,720,23,0.73,no,yes,gen-letter-tracing,BUILD
free printable alphabet tracing,720,19,0.8,no,yes,gen-letter-tracing,BUILD
free printable handwriting worksheets,720,25,0.69,no,yes,gen-name-tracing,BUILD
handwriting exercise worksheets,720,38,0.79,yes,yes,gen-name-tracing,BUILD
handwriting paper printable,720,24,0.28,no,yes,gen-name-tracing,BUILD
handwriting practice sheet maker,720,35,0.93,no,no,gen-name-tracing,BUILD
handwriting practice worksheet maker,720,37,0.93,no,yes,gen-name-tracing,BUILD
handwriting worksheets free,720,32,0.6,no,yes,gen-name-tracing,BUILD
ink tracing printables free pdf free download,720,17,0.0,no,yes,static-or-hub,BUILD
letter i tracing worksheets,720,10,0.89,no,yes,gen-letter-tracing,BUILD
letter trace,720,20,0.75,no,yes,gen-letter-tracing,BUILD
letter tracing free printables,720,17,0.82,no,yes,gen-letter-tracing,BUILD
letter tracing pages,720,12,0.9,no,yes,gen-letter-tracing,BUILD
name tracing worksheets free,720,22,0.33,no,yes,gen-name-tracing,BUILD
name writing,720,12,0.5,no,yes,gen-name-tracing,BUILD
name writing practice sheet,720,23,0.25,no,yes,gen-name-tracing,BUILD
practice name,720,24,0.45,yes,yes,gen-name-tracing,BUILD
practice name sheets,720,20,0.39,no,yes,gen-name-tracing,BUILD
practice name writing printable,720,26,0.25,no,yes,gen-name-tracing,BUILD
preschool alphabet tracing worksheets,720,21,0.94,no,yes,gen-letter-tracing,BUILD
printable name,720,16,0.96,no,yes,gen-name-tracing,BUILD
printable worksheets for tracing letters,720,15,0.0,no,yes,gen-letter-tracing,BUILD
trace lines,720,14,0.5,yes,yes,gen-prewriting-lines,BUILD
trace lines worksheet,720,15,0.7,no,yes,gen-prewriting-lines,BUILD
trace name generator,720,17,0.24,no,yes,gen-name-tracing,BUILD
trace the alphabet,720,25,0.78,no,yes,gen-letter-tracing,BUILD
trace the name,720,24,0.97,no,yes,gen-name-tracing,BUILD
traceable alphabet,720,28,0.78,no,yes,gen-letter-tracing,BUILD
traceable alphabet worksheets,720,10,0.89,no,yes,gen-letter-tracing,BUILD
tracing abc worksheet,720,27,0.89,no,yes,gen-letter-tracing,BUILD
tracing name generator,720,14,0.58,no,yes,gen-name-tracing,BUILD
tracing number worksheets,720,18,0.78,no,yes,gen-number-tracing,BUILD
tracing pictures,720,19,0.76,no,yes,static-or-hub,BUILD
tracing shapes worksheet,720,23,0.76,no,yes,gen-prewriting-lines,BUILD
tracing worksheets for kindergarten,720,17,1.0,no,yes,static-or-hub,BUILD
write name worksheet,720,27,0.25,no,yes,gen-name-tracing,BUILD
writing name practice,720,19,0.23,no,yes,gen-name-tracing,BUILD
abc mouse com,720,67,0.98,no,no,gen-letter-tracing,LATER-highKD
activities for kindergarteners,720,11,0.79,yes,yes,static-or-hub,BUILD
activitiy sheets,720,36,1.22,yes,yes,static-or-hub,BUILD
activity pages,720,20,1.56,no,yes,static-or-hub,BUILD
activity sheet,720,42,1.07,yes,no,static-or-hub,LATER-highKD
all about me worksheet preschool,720,32,0.46,no,yes,static-or-hub,BUILD
childrens printable worksheets,720,66,1.08,no,yes,static-or-hub,LATER-highKD
cleverlearner,720,28,1.11,no,yes,static-or-hub,BUILD
free pre k worksheets,720,41,0.86,yes,yes,static-or-hub,LATER-highKD
free preschool curriculum,720,23,1.33,yes,no,static-or-hub,BUILD
free printable pre k worksheet,720,42,1.02,no,yes,static-or-hub,LATER-highKD
free printable printables,720,51,1.0,yes,yes,static-or-hub,LATER-highKD
free printable worksheets for math,720,65,0.76,no,yes,static-or-hub,LATER-highKD
free printable worksheets for preschool,720,49,0.81,no,yes,static-or-hub,LATER-highKD
free printable worksheets for preschoolers,720,44,0.81,no,yes,static-or-hub,LATER-highKD
free printables for preschoolers,720,37,0.8,yes,yes,static-or-hub,BUILD
free worksheets for preschool,720,47,0.95,no,yes,static-or-hub,LATER-highKD
kindergarten activity pages,720,52,1.04,no,yes,static-or-hub,LATER-highKD
kindergarten english worksheets,720,37,0.89,no,yes,static-or-hub,BUILD
kindergarten practice sheets,720,46,1.05,no,yes,static-or-hub,LATER-highKD
kindergarten prep worksheets,720,13,1.04,no,yes,static-or-hub,BUILD
kindergarten worksheets pdf free download,720,25,0.97,no,yes,static-or-hub,BUILD
letter worksheets preschool,720,34,0.81,no,yes,gen-letter-tracing,BUILD
pre kindergarten worksheets,720,45,0.86,no,yes,static-or-hub,LATER-highKD
pre school worksheet,720,50,0.0,no,yes,static-or-hub,LATER-highKD
preschool activities worksheet,720,51,1.03,no,yes,static-or-hub,LATER-highKD
preschool booklet,720,19,0.42,no,yes,static-or-hub,BUILD
preschool counting worksheets,720,18,0.91,no,yes,gen-number-tracing,BUILD
preschool curriculum free,720,27,1.33,yes,no,static-or-hub,BUILD
preschool free printable worksheets,720,41,1.01,no,yes,static-or-hub,LATER-highKD
preschool printables,720,37,0.96,no,yes,static-or-hub,BUILD
preschool shape worksheets,720,26,0.82,no,yes,gen-prewriting-lines,BUILD
preschool work sheets,720,48,1.03,no,yes,static-or-hub,LATER-highKD
preschool workbooks printable,720,38,0.96,no,yes,static-or-hub,BUILD
printable kindergarten worksheets free,720,48,0.89,no,yes,static-or-hub,LATER-highKD
printable packs,720,10,2.99,no,no,static-or-hub,BUILD
printable pre k worksheets,720,38,1.19,no,yes,static-or-hub,BUILD
printable preschool learning sheets,720,46,1.17,no,yes,static-or-hub,LATER-highKD
printable worksheets kindergarten,720,53,1.07,no,yes,static-or-hub,LATER-highKD
teaching worksheets,720,63,0.83,no,yes,static-or-hub,LATER-highKD
worksheets for 4 year olds,720,50,0.86,no,yes,static-or-hub,LATER-highKD
worksheets for pre k,720,52,0.99,no,yes,static-or-hub,LATER-highKD
abc practice worksheets,720,29,0.85,no,yes,gen-letter-tracing,BUILD
alphabet letters and sounds,720,53,1.74,yes,yes,gen-letter-tracing,LATER-highKD
alphabet letters worksheets kindergarten,720,33,1.09,no,yes,gen-letter-tracing,BUILD
alphabet practice sheets,720,20,0.85,no,yes,gen-letter-tracing,BUILD
alphabet writing practice,720,26,0.85,no,yes,gen-letter-tracing,BUILD
alphabet writing worksheets,720,25,0.76,no,yes,gen-letter-tracing,BUILD
alphabetical order worksheets,720,15,0.13,no,yes,static-or-hub,BUILD
beginning sound worksheets,720,17,0.39,no,yes,static-or-hub,BUILD
free letter printouts,720,29,0.72,no,yes,gen-letter-tracing,BUILD
free printable alphabet,720,33,0.8,no,yes,gen-letter-tracing,BUILD
kindergarten letter worksheets,720,29,0.88,no,yes,gen-letter-tracing,BUILD
kindergarten worksheets alphabet,720,26,0.88,no,yes,gen-letter-tracing,BUILD
letter printables,720,36,1.31,no,yes,gen-letter-tracing,BUILD
letters to print,720,30,0.91,no,yes,gen-letter-tracing,BUILD
print letter a,720,27,0.0,no,yes,gen-letter-tracing,BUILD
printable alphabet letters free,720,31,0.72,no,yes,gen-letter-tracing,BUILD
beautiful cursive writing,720,27,0.0,no,yes,gen-cursive-practice,BUILD
cursive 2,720,19,0.0,no,yes,gen-cursive-practice,BUILD
cursive alphabet tracing,720,34,0.65,no,yes,gen-cursive-practice,BUILD
cursive handwriting cursive handwriting,720,39,0.52,no,yes,gen-cursive-practice,BUILD
cursive handwriting practice book,720,17,0.35,no,yes,gen-cursive-practice,BUILD
cursive handwriting practice sheets pdf,720,8,0.53,no,yes,gen-cursive-practice,BUILD
cursive learning,720,27,0.61,no,yes,gen-cursive-practice,BUILD
cursive letter practice sheets,720,24,0.36,no,yes,gen-cursive-practice,BUILD
cursive letters practice worksheets,720,34,0.55,no,yes,gen-cursive-practice,BUILD
cursive practice sheets for adults,720,27,0.4,no,yes,gen-cursive-practice,BUILD
cursive practice sheets printable free,720,26,0.57,no,yes,gen-cursive-practice,BUILD
cursive worksheets pdf,720,17,0.68,yes,yes,gen-cursive-practice,BUILD
cursive writing pages,720,21,0.42,no,yes,gen-cursive-practice,BUILD
cursive writing worksheets pdf free download,720,7,0.0,no,yes,gen-cursive-practice,BUILD
handwriting exercises,720,29,0.48,no,yes,gen-name-tracing,BUILD
handwriting practice worksheets pdf,720,14,0.67,no,yes,gen-name-tracing,BUILD
how to make cursive letters,720,60,0.51,yes,yes,SKIP-explainer,SKIP-AIO-explainer
learning cursive writing,720,24,0.62,no,yes,gen-cursive-practice,BUILD
my name in cursive,720,46,0.05,no,no,gen-cursive-practice,LATER-highKD
printable free cursive writing worksheets,720,24,0.57,no,no,gen-cursive-practice,BUILD
russian cursive worksheets,720,31,0.0,no,yes,gen-cursive-practice,BUILD
write my name in cursive,720,41,0.36,no,yes,gen-cursive-name,LATER-highKD
zaner bloser cursive,720,22,2.7,no,yes,gen-cursive-practice,BUILD
connect dots activity sheets,720,12,1.22,no,yes,static-or-hub,BUILD
connect the dots hard,720,12,0.36,no,yes,gen-dot-to-dot,BUILD
connect the dots worksheets,720,9,1.22,no,yes,gen-dot-to-dot,BUILD
difficult dot to dot,720,10,0.26,no,yes,gen-dot-to-dot,BUILD
dot pictures,720,15,0.4,no,yes,static-or-hub,BUILD
dot to dot for adults,720,22,0.36,no,yes,gen-dot-to-dot,BUILD
dots numbers,720,19,4.1,yes,yes,static-or-hub,BUILD
free dot to dot printables,720,22,1.15,no,yes,gen-dot-to-dot,BUILD
join the dots printables,720,19,1.32,no,yes,static-or-hub,BUILD
alphabet trace printable,590,21,0.86,no,yes,gen-letter-tracing,BUILD
alphabet trace worksheet,590,25,0.74,no,yes,gen-letter-tracing,BUILD
alphabet tracing worksheets pdf,590,22,1.05,no,yes,gen-letter-tracing,BUILD
create printables name tracing,590,21,0.58,no,no,gen-name-tracing,BUILD
daily handwriting practice pdf free,590,16,0.67,yes,no,gen-name-tracing,BUILD
editable name tracing,590,19,0.15,no,yes,gen-name-tracing,BUILD
free alphabet tracing printables,590,22,0.8,no,yes,gen-letter-tracing,BUILD
free name tracing printables,590,25,0.31,no,yes,gen-name-tracing,BUILD
free penmanship worksheets,590,37,0.6,no,yes,static-or-hub,BUILD
free printable letter tracing worksheets for preschoolers,590,17,0.84,no,yes,gen-letter-tracing,BUILD
free printable penmanship worksheets,590,35,0.78,no,yes,static-or-hub,BUILD
free printable tracing worksheets,590,15,0.84,no,yes,static-or-hub,BUILD
free traceable alphabet worksheets,590,21,0.58,no,yes,gen-letter-tracing,BUILD
free traceable worksheets,590,42,0.86,no,yes,gen-name-tracing,LATER-highKD
free tracing sheets,590,34,0.86,no,yes,static-or-hub,BUILD
free writing practice worksheets,590,39,0.74,no,yes,static-or-hub,BUILD
handwriting penmanship worksheets,590,,0.5,no,yes,gen-name-tracing,LATER-highKD
handwriting practice paper pdf free,590,24,0.0,yes,no,gen-name-tracing,BUILD
handwriting sheets for kindergarten,590,22,0.58,no,yes,gen-name-tracing,BUILD
handwriting sheets printable,590,35,0.67,no,yes,gen-name-tracing,BUILD
handwriting template,590,37,0.56,no,yes,gen-name-tracing,BUILD
i can write my name worksheet,590,19,0.61,no,yes,gen-name-tracing,BUILD
kindergarten handwriting practice worksheets,590,20,0.58,no,yes,gen-name-tracing,BUILD
letter a trace,590,21,0.89,no,yes,gen-letter-tracing,BUILD
letter tracing worksheets for preschoolers,590,21,0.0,no,yes,gen-letter-tracing,BUILD
lettering worksheet,590,13,0.67,no,yes,static-or-hub,BUILD
line tracing,590,13,0.5,no,yes,gen-prewriting-lines,BUILD
line tracing worksheet,590,12,0.7,no,yes,gen-prewriting-lines,BUILD
name practice handwriting,590,32,0.25,no,no,gen-name-tracing,BUILD
name practise sheets,590,25,0.25,no,yes,static-or-hub,BUILD
name traceable,590,19,0.38,no,yes,gen-name-tracing,BUILD
name tracing free printable,590,26,0.31,no,yes,gen-name-tracing,BUILD
name worksheets,590,27,0.44,no,yes,static-or-hub,BUILD
name writing worksheet,590,22,0.25,no,yes,gen-name-tracing,BUILD
practise writing letters worksheet,590,22,0.66,no,yes,gen-letter-tracing,BUILD
preschool alphabet tracing,590,17,0.68,no,yes,gen-letter-tracing,BUILD
preschool letter tracing sheets,590,27,1.02,no,yes,gen-letter-tracing,BUILD
printable tracing letters,590,20,0.95,no,yes,gen-letter-tracing,BUILD
printable tracing worksheets,590,16,1.01,no,yes,static-or-hub,BUILD
printable writing sheets,590,35,0.67,no,yes,static-or-hub,BUILD
sentence tracing worksheets,590,25,0.47,no,yes,gen-word-tracing,BUILD
shape tracing worksheet,590,17,0.76,no,yes,gen-prewriting-lines,BUILD
toddler tracing worksheets,590,19,0.0,no,yes,static-or-hub,BUILD
trace line,590,17,0.52,yes,yes,gen-prewriting-lines,BUILD
tracing activity sheets,590,24,0.89,no,yes,static-or-hub,BUILD
tracing alphabet,590,13,0.57,no,yes,gen-letter-tracing,BUILD
tracing the alphabet,590,24,0.78,no,yes,gen-letter-tracing,BUILD
tracing words,590,20,0.0,no,yes,gen-word-tracing,BUILD
alphabet preschool worksheets,590,37,0.82,no,yes,gen-letter-tracing,BUILD
b worksheet preschool,590,11,0.76,no,yes,static-or-hub,BUILD
children's games printable,590,21,1.34,no,yes,static-or-hub,BUILD
childrens worksheets,590,59,0.91,no,yes,static-or-hub,LATER-highKD
christmas worksheets for preschool,590,19,0.0,no,yes,static-or-hub,BUILD
free abc mouse,590,44,1.57,yes,no,gen-letter-tracing,LATER-highKD
free activity sheets for 1st graders,590,35,0.96,no,yes,static-or-hub,BUILD
free k5 learning worksheets,590,67,1.1,no,no,static-or-hub,LATER-highKD
free pre k worksheets printable,590,51,0.92,no,yes,static-or-hub,LATER-highKD
free pre kg worksheets,590,49,0.98,yes,yes,static-or-hub,LATER-highKD
free preschool sheets,590,39,0.95,no,yes,static-or-hub,BUILD
free preschool worksheets age 3 4,590,37,0.95,no,yes,static-or-hub,BUILD
free printable activities for kindergarten,590,50,0.89,no,yes,static-or-hub,LATER-highKD
free printable sheet,590,49,1.06,no,yes,static-or-hub,LATER-highKD
free worksheets for preschoolers,590,52,0.95,no,yes,static-or-hub,LATER-highKD
kindergarden worksheets,590,59,0.99,no,yes,static-or-hub,LATER-highKD
kindergarten activity sheets free printables,590,50,0.99,no,yes,static-or-hub,LATER-highKD
kindergarten activity worksheets,590,58,1.04,no,yes,static-or-hub,LATER-highKD
kindergarten fun worksheets,590,39,1.05,no,yes,static-or-hub,BUILD
kindergarten learning,590,54,2.84,yes,yes,static-or-hub,LATER-highKD
kindergarten work,590,54,1.31,no,yes,static-or-hub,LATER-highKD
letter a worksheets for preschool,590,26,1.01,no,yes,gen-letter-tracing,BUILD
letter c worksheets for preschool,590,16,0.84,no,yes,gen-letter-tracing,BUILD
letter f worksheets for preschool,590,11,0.0,no,yes,gen-letter-tracing,BUILD
math worksheets for preschoolers,590,27,0.71,no,yes,static-or-hub,BUILD
number worksheets for preschool,590,25,0.9,no,yes,gen-number-tracing,BUILD
number worksheets for preschoolers,590,21,0.9,no,yes,gen-number-tracing,BUILD
pre k homeschool curriculum free,590,20,1.85,yes,no,static-or-hub,BUILD
pre k worksheets free printable,590,47,0.95,no,yes,static-or-hub,LATER-highKD
pre nursery worksheet,590,50,0.92,no,yes,static-or-hub,LATER-highKD
pre-nursery worksheets,590,30,1.03,no,no,static-or-hub,BUILD
prekinder,590,47,2.66,yes,no,static-or-hub,LATER-highKD
preschool activities printouts free,590,47,0.94,no,no,static-or-hub,LATER-highKD
preschool autumn worksheet,590,12,0.0,no,yes,static-or-hub,BUILD
preschool shapes worksheets,590,19,0.73,no,yes,gen-prewriting-lines,BUILD
preschool worksheets easter,590,19,0.61,no,yes,static-or-hub,BUILD
preschool worksheets printable,590,52,1.03,no,yes,static-or-hub,LATER-highKD
printable activity pages,590,24,1.47,no,yes,static-or-hub,BUILD
printable activity sheets,590,36,1.1,no,yes,static-or-hub,BUILD
printables for kids,590,62,0.0,no,yes,static-or-hub,LATER-highKD
thanksgiving worksheets for preschoolers,590,15,0.0,no,yes,static-or-hub,BUILD
worksheets com,590,68,0.91,no,yes,static-or-hub,LATER-highKD
abc for print,590,36,3.97,no,yes,gen-letter-tracing,BUILD
abc writing practice,590,22,0.85,no,yes,gen-letter-tracing,BUILD
abc writing worksheet,590,25,0.67,no,yes,gen-letter-tracing,BUILD
alphabet practice worksheets,590,37,0.79,no,yes,gen-letter-tracing,BUILD
alphabet printable,590,28,0.76,no,yes,gen-letter-tracing,BUILD
alphabet printable letters,590,29,0.81,no,yes,gen-letter-tracing,BUILD
alphabet writing worksheet,590,27,0.76,no,yes,gen-letter-tracing,BUILD
beginning sounds worksheet,590,22,0.39,no,yes,static-or-hub,BUILD
free printable abc,590,25,0.64,no,yes,gen-letter-tracing,BUILD
letter a printable,590,26,1.0,no,yes,gen-letter-tracing,BUILD
letter a sheet,590,23,1.09,no,yes,gen-letter-tracing,BUILD
letter activities,590,16,0.4,no,yes,gen-letter-tracing,BUILD
letter i worksheets for kindergarten,590,25,1.09,no,yes,gen-letter-tracing,BUILD
letter worksheet,590,31,0.67,no,yes,gen-letter-tracing,BUILD
letters of the alphabet printable,590,28,0.81,no,yes,gen-letter-tracing,BUILD
letters printable,590,31,2.5,no,yes,gen-letter-tracing,BUILD
print letters free,590,30,0.72,no,yes,gen-letter-tracing,BUILD
printable alphabet worksheets,590,38,0.75,no,yes,gen-letter-tracing,BUILD
trace letter a,590,16,1.07,no,yes,gen-letter-tracing,BUILD
worksheet for nursery alphabets,590,28,0.82,no,yes,static-or-hub,BUILD
book in cursive,590,6,0.27,no,yes,gen-cursive-practice,BUILD
cursive learning worksheets,590,27,0.57,no,yes,gen-cursive-practice,BUILD
cursive letters alphabet printable,590,28,0.83,no,yes,gen-cursive-practice,BUILD
cursive names,590,55,0.09,no,yes,gen-cursive-practice,LATER-highKD
cursive sheet printable,590,22,0.89,no,yes,gen-cursive-practice,BUILD
cursive sheets practice,590,14,0.58,no,yes,gen-cursive-practice,BUILD
cursive template,590,21,0.7,no,yes,gen-cursive-practice,BUILD
cursive worksheets printable,590,27,0.71,no,yes,gen-cursive-practice,BUILD
cursive writing generators,590,52,0.05,no,no,gen-cursive-practice,LATER-highKD
cursive writing practice sheets pdf,590,2,0.68,yes,yes,gen-cursive-practice,BUILD
cursive writing tutorial,590,32,0.0,no,yes,gen-cursive-practice,BUILD
cursive writting,590,58,0.0,yes,yes,gen-cursive-practice,LATER-highKD
hand writing practice,590,45,0.64,no,yes,static-or-hub,LATER-highKD
handwriting cursive alphabets,590,67,0.0,no,yes,gen-cursive-practice,LATER-highKD
handwriting cursive practice,590,26,0.35,no,yes,gen-cursive-practice,BUILD
k5 learning cursive worksheets,590,19,0.0,no,yes,gen-cursive-practice,BUILD
my cursive,590,40,0.0,no,yes,gen-cursive-practice,BUILD
name in cursive generator,590,51,0.01,no,no,gen-cursive-practice,LATER-highKD
practice cursive,590,16,0.51,no,yes,gen-cursive-practice,BUILD
practice cursive handwriting,590,28,0.42,no,yes,gen-cursive-practice,BUILD
tracing cursive letters,590,27,0.5,no,yes,gen-cursive-practice,BUILD
what is cursive writing,590,44,0.0,yes,no,gen-cursive-practice,LATER-highKD
zaner bloser cursive alphabet,590,34,3.0,no,yes,gen-cursive-practice,BUILD
connect the dot printable,590,18,0.88,no,yes,static-or-hub,BUILD
connect the dots printable adults,590,12,0.0,no,yes,gen-dot-to-dot,BUILD
connect the dots printable for adults,590,12,0.0,no,yes,gen-dot-to-dot,BUILD
connect the dots printable free,590,19,0.0,no,yes,gen-dot-to-dot,BUILD
connect the dots puzzle,590,43,0.79,no,yes,gen-dot-to-dot,LATER-highKD
connect the dots sheets,590,14,1.22,no,yes,gen-dot-to-dot,BUILD
dot game printable,590,19,0.0,no,yes,static-or-hub,BUILD
extreme connect the dots printable,590,15,1.67,no,yes,gen-dot-to-dot,BUILD
extreme dot to dot free printables,590,6,0.0,no,yes,gen-dot-to-dot,BUILD
extreme dot to dot printables,590,6,1.67,no,yes,gen-dot-to-dot,BUILD
extreme dot to dot printables free,590,4,0.0,no,yes,gen-dot-to-dot,BUILD
extreme dot to dot printouts,590,8,1.67,no,yes,gen-dot-to-dot,BUILD
extreme dot to to dot printables,590,12,1.67,yes,no,static-or-hub,BUILD
printable connect the dots for adults,590,17,0.0,no,yes,gen-dot-to-dot,BUILD
abc tracing sheets,480,14,1.09,no,yes,gen-letter-tracing,BUILD
alphabet tracing worksheet,480,25,0.74,no,yes,gen-letter-tracing,BUILD
children's tracing letters,480,18,0.91,no,no,gen-letter-tracing,BUILD
create tracing worksheets,480,32,0.37,no,yes,static-or-hub,BUILD
cursive writing worksheet generator,480,24,0.0,no,yes,gen-cursive-practice,BUILD
free handwriting pages,480,30,0.67,no,yes,gen-name-tracing,BUILD
free letter tracing sheets,480,19,0.73,no,yes,gen-letter-tracing,BUILD
free letter tracing worksheets,480,21,0.81,no,yes,gen-letter-tracing,BUILD
free name tracing printable,480,15,0.31,no,yes,gen-name-tracing,BUILD
free print handwriting worksheets,480,29,0.78,no,yes,gen-name-tracing,BUILD
free printable preschool worksheets tracing letters,480,15,0.7,no,yes,gen-letter-tracing,BUILD
free traceable names printable,480,18,0.38,no,yes,gen-name-tracing,BUILD
handwriting name practice worksheets,480,29,0.35,no,yes,gen-name-tracing,BUILD
handwriting pages printable,480,27,0.87,no,yes,gen-name-tracing,BUILD
handwriting paper to print,480,16,0.31,no,yes,gen-name-tracing,BUILD
handwriting practice sheets for kindergarten,480,27,0.58,no,yes,gen-name-tracing,BUILD
handwriting sheet,480,34,0.86,no,yes,gen-name-tracing,BUILD
handwriting template for kindergarten,480,21,0.59,no,yes,gen-name-tracing,BUILD
handwriting worksheets pdf,480,21,0.84,yes,yes,gen-name-tracing,BUILD
letter a tracing sheet,480,18,1.03,no,yes,gen-letter-tracing,BUILD
letter formation worksheets,480,18,0.47,no,yes,gen-letter-tracing,BUILD
letter tracing sheets,480,26,1.03,no,yes,gen-letter-tracing,BUILD
letter tracing worksheets pdf,480,17,0.84,no,yes,gen-letter-tracing,BUILD
letters tracing,480,20,0.75,no,yes,gen-letter-tracing,BUILD
letters worksheets,480,35,0.67,no,yes,gen-letter-tracing,BUILD
line tracing sheets,480,13,0.86,no,yes,gen-prewriting-lines,BUILD
lowercase letter tracing,480,15,0.29,no,yes,gen-letter-tracing,BUILD
name handwriting sheets,480,32,0.35,no,no,gen-name-tracing,BUILD
name trace worksheet,480,17,0.37,no,yes,gen-name-tracing,BUILD
name tracing editable,480,10,0.15,no,yes,gen-name-tracing,BUILD
name tracing templates,480,22,0.28,no,yes,gen-name-tracing,BUILD
numbers tracing worksheets,480,26,0.76,no,yes,gen-number-tracing,BUILD
preschool letter tracing worksheets,480,20,0.94,no,yes,gen-letter-tracing,BUILD
print traceable name,480,18,0.34,no,no,gen-name-tracing,BUILD
printable alphabet tracing,480,24,0.86,no,yes,gen-letter-tracing,BUILD
printable letter tracing,480,23,0.95,no,yes,gen-letter-tracing,BUILD
printable tracing paper,480,14,0.4,no,yes,static-or-hub,BUILD
printing worksheets,480,32,1.08,no,yes,static-or-hub,BUILD
trace shapes worksheet,480,16,0.85,no,yes,gen-prewriting-lines,BUILD
trace the alphabet printable,480,25,0.86,no,yes,gen-letter-tracing,BUILD
traceable name,480,25,0.97,no,yes,gen-name-tracing,BUILD
traceable words,480,20,0.0,no,yes,gen-word-tracing,BUILD
tracing letter sheets,480,17,0.82,no,yes,gen-letter-tracing,BUILD
tracing letters of the alphabet for preschoolers,480,21,0.9,no,no,gen-letter-tracing,BUILD
tracing lines worksheet,480,9,0.7,no,yes,gen-prewriting-lines,BUILD
tracing numbers 1-10 worksheets pdf,480,17,0.96,no,no,gen-number-tracing,BUILD
tracing sentences worksheets,480,20,0.47,no,yes,static-or-hub,BUILD
tracing the letter a for preschoolers,480,22,0.9,no,yes,gen-letter-tracing,BUILD
tracing words maker,480,13,0.29,no,no,gen-word-tracing,BUILD
tracing words worksheets,480,24,0.63,no,yes,gen-word-tracing,BUILD
tracing worksheet generator,480,44,0.37,no,yes,static-or-hub,LATER-highKD
writing pages,480,35,1.62,yes,yes,static-or-hub,BUILD
4 yr old worksheets,480,51,1.06,no,yes,static-or-hub,LATER-highKD
abcmouse com free,480,53,1.36,no,no,static-or-hub,LATER-highKD
activity pages for kids,480,30,0.0,no,yes,static-or-hub,BUILD
activity sheets for kids,480,41,0.0,no,yes,static-or-hub,LATER-highKD
allkidsnetwork,480,35,0.98,no,no,static-or-hub,BUILD
canva worksheet,480,51,0.97,no,yes,static-or-hub,LATER-highKD
children's activity pages,480,24,0.0,no,yes,static-or-hub,BUILD
christmas preschool worksheets,480,16,0.0,no,yes,static-or-hub,BUILD
cut and glue worksheets for preschool,480,13,0.71,no,yes,static-or-hub,BUILD
easter worksheets preschool,480,16,0.61,no,yes,static-or-hub,BUILD
fall worksheets for preschool,480,4,0.0,no,yes,static-or-hub,BUILD
free homeschool printables,480,21,1.81,yes,yes,static-or-hub,BUILD
free kindergarten sheets,480,51,0.87,no,yes,static-or-hub,LATER-highKD
free pre k worksheet,480,45,0.86,no,yes,static-or-hub,LATER-highKD
free prek printable worksheets,480,39,0.92,no,yes,static-or-hub,BUILD
free printab,480,68,1.29,no,yes,static-or-hub,LATER-highKD
free printable kindergarten worksheets pdf,480,52,0.83,no,yes,static-or-hub,LATER-highKD
free printable pre k worksheets,480,47,0.95,no,yes,static-or-hub,LATER-highKD
free printable preschool activity sheets,480,36,0.81,no,yes,static-or-hub,BUILD
free printable worksheet for preschool,480,41,0.81,no,yes,static-or-hub,LATER-highKD
free printable worksheets for kids,480,64,0.0,no,yes,static-or-hub,LATER-highKD
free student worksheets printables,480,57,0.75,no,yes,static-or-hub,LATER-highKD
fun worksheets for kindergarten,480,43,0.74,no,yes,static-or-hub,LATER-highKD
homeschool worksheets,480,28,1.84,no,yes,static-or-hub,BUILD
homework for kindergarteners,480,5,1.19,no,yes,static-or-hub,BUILD
k-12 worksheets,480,63,1.33,no,no,static-or-hub,LATER-highKD
k5 learning kindergarten worksheets,480,51,1.2,no,yes,static-or-hub,LATER-highKD
k5 learning reading,480,31,1.75,no,yes,static-or-hub,BUILD
k5 learning worksheets kindergarten,480,34,1.2,no,yes,static-or-hub,BUILD
kids worksheet,480,69,0.0,no,yes,static-or-hub,LATER-highKD
kindergarten ela worksheets,480,25,0.79,no,yes,static-or-hub,BUILD
kindergarten language arts worksheets,480,26,0.79,no,yes,static-or-hub,BUILD
kindergarten number worksheets,480,22,0.8,no,yes,gen-number-tracing,BUILD
letter b preschool worksheets,480,12,1.17,no,yes,gen-letter-tracing,BUILD
letter d worksheets for preschool,480,21,0.9,no,yes,gen-letter-tracing,BUILD
letter e worksheets for preschool,480,19,0.78,no,yes,gen-letter-tracing,BUILD
letter h worksheets for preschool,480,3,0.78,no,yes,gen-letter-tracing,BUILD
letter worksheets for preschool,480,37,1.01,no,yes,gen-letter-tracing,BUILD
math for preschoolers worksheets,480,28,0.8,no,yes,static-or-hub,BUILD
pattern worksheets for preschool,480,20,0.64,no,yes,static-or-hub,BUILD
pre k free printable worksheets,480,42,1.02,no,yes,static-or-hub,LATER-highKD
preschool activity sheets printable,480,49,1.17,no,yes,static-or-hub,LATER-highKD
preschool cutting practice worksheets,480,22,0.51,no,yes,static-or-hub,BUILD
preschool letter a worksheets,480,20,1.01,no,yes,gen-letter-tracing,BUILD
preschool mom,480,26,1.22,no,yes,static-or-hub,BUILD
preschool pattern worksheets,480,18,0.47,no,yes,static-or-hub,BUILD
printable activities,480,50,1.68,no,yes,static-or-hub,LATER-highKD
printable prek worksheets,480,41,1.19,no,yes,static-or-hub,LATER-highKD
printable preschool homework sheets,480,47,0.96,no,yes,static-or-hub,LATER-highKD
printable worksheet,480,65,1.08,no,yes,static-or-hub,LATER-highKD
printable worksheets for kids,480,65,0.0,no,yes,static-or-hub,LATER-highKD
reading kindergarten worksheets,480,23,1.04,no,yes,static-or-hub,BUILD
spring worksheets for preschool,480,12,0.73,no,yes,static-or-hub,BUILD
things for kindergarteners to do,480,22,0.8,yes,no,static-or-hub,BUILD
tk worksheets,480,28,0.7,no,yes,static-or-hub,BUILD
work sheet for kids,480,66,0.0,no,yes,static-or-hub,LATER-highKD
worksheet for kids,480,59,0.0,no,yes,static-or-hub,LATER-highKD
worksheet for shapes for preschool,480,23,0.82,no,yes,gen-prewriting-lines,BUILD
worksheets kindergarten,480,35,0.91,no,yes,static-or-hub,BUILD
a to z alphabet letters,480,39,1.02,yes,no,gen-letter-tracing,BUILD
abc activities for preschoolers,480,10,0.76,yes,yes,gen-letter-tracing,BUILD
abc sheet,480,25,0.61,no,yes,gen-letter-tracing,BUILD
abc worksheets to print,480,36,0.75,no,yes,gen-letter-tracing,BUILD
abc writing practice sheets,480,28,0.73,no,yes,gen-letter-tracing,BUILD
alphabet activities for preschoolers,480,17,0.89,yes,yes,gen-letter-tracing,BUILD
alphabet handwriting practice,480,22,0.64,no,yes,gen-letter-tracing,BUILD
alphabet in cursive worksheet,480,28,0.0,no,yes,gen-cursive-practice,BUILD
alphabet letters a to z,480,76,1.17,yes,yes,gen-letter-tracing,LATER-highKD
alphabet print,480,24,0.61,no,yes,gen-letter-tracing,BUILD
alphabet print out,480,28,0.74,no,yes,gen-letter-tracing,BUILD
alphabet printable free,480,27,0.64,no,yes,gen-letter-tracing,BUILD
alphabet printouts free,480,26,0.71,yes,no,gen-letter-tracing,BUILD
alphabet sheet to print,480,27,0.0,no,yes,gen-letter-tracing,BUILD
alphabet template,480,27,0.3,no,yes,gen-letter-tracing,BUILD
alphabet workbooks for preschool,480,2,1.02,no,no,gen-letter-tracing,BUILD
alphabet writing,480,31,0.88,no,yes,gen-letter-tracing,BUILD
beginner kindergarten alphabet worksheets,480,23,0.0,no,yes,gen-letter-tracing,BUILD
calligraphy alphabet worksheets,480,16,0.72,no,yes,gen-letter-tracing,BUILD
cursive alphabet practice worksheets,480,23,0.0,no,yes,gen-cursive-practice,BUILD
cursive worksheets alphabet,480,25,0.8,no,yes,gen-cursive-practice,BUILD
free printable alphabet pages,480,31,0.71,no,yes,gen-letter-tracing,BUILD
free printable alphabet sheets,480,42,0.75,no,yes,gen-letter-tracing,LATER-highKD
kindergarten abc worksheets,480,34,1.03,no,yes,gen-letter-tracing,BUILD
kindergarten alphabet worksheets,480,25,0.88,no,yes,gen-letter-tracing,BUILD
letter activities for preschoolers,480,4,0.73,yes,yes,gen-letter-tracing,BUILD
letter practice,480,32,1.04,no,yes,gen-letter-tracing,BUILD
letter practice printable,480,26,0.79,no,yes,gen-letter-tracing,BUILD
letters worksheet,480,30,0.67,no,yes,gen-letter-tracing,BUILD
preschool alphabet workbook,480,7,0.87,no,yes,gen-letter-tracing,BUILD
spelling by letters,480,56,0.0,yes,yes,gen-letter-tracing,LATER-highKD
worksheet for the letter a,480,24,0.81,no,yes,gen-letter-tracing,BUILD
worksheets letter,480,36,0.81,no,yes,gen-letter-tracing,BUILD
writing the alphabet worksheets,480,23,0.76,no,yes,gen-letter-tracing,BUILD
cursive 4,480,24,0.0,no,yes,gen-cursive-practice,BUILD
cursive alpabet,480,58,0.46,yes,yes,gen-cursive-practice,LATER-highKD
cursive alphabet guide,480,26,0.0,no,yes,gen-cursive-practice,BUILD
cursive alphabet practice,480,33,0.99,no,yes,gen-cursive-practice,BUILD
cursive alphabet sheet,480,24,0.0,no,yes,gen-cursive-practice,BUILD
cursive guide,480,28,0.0,no,yes,gen-cursive-practice,BUILD
cursive handwriting examples,480,22,0.68,no,yes,gen-cursive-practice,BUILD
cursive handwriting lined paper,480,7,0.0,no,yes,gen-cursive-practice,BUILD
cursive handwriting printables,480,29,0.44,no,yes,gen-cursive-practice,BUILD
cursive handwriting workbook,480,17,0.36,no,no,gen-cursive-practice,BUILD
cursive handwriting worksheets pdf,480,13,0.68,no,yes,gen-cursive-practice,BUILD
cursive in english,480,54,0.0,yes,no,gen-cursive-practice,LATER-highKD
cursive letters printable,480,31,0.72,no,yes,gen-cursive-practice,BUILD
cursive paragraph,480,19,0.0,no,yes,gen-cursive-practice,BUILD
cursive practice book,480,5,0.29,no,yes,gen-cursive-practice,BUILD
cursive practice sheet,480,13,0.36,no,yes,gen-cursive-practice,BUILD
cursive scripts,480,51,0.32,no,yes,gen-cursive-practice,LATER-highKD
cursive tracing,480,28,0.28,no,yes,gen-cursive-practice,BUILD
cursive worksheets printable free,480,26,0.57,no,yes,gen-cursive-practice,BUILD
cursive writing examples,480,38,0.39,no,yes,gen-cursive-practice,BUILD
cursive writing sample,480,20,0.68,no,yes,gen-cursive-practice,BUILD
cursive writing sheets pdf,480,10,0.53,no,yes,gen-cursive-practice,BUILD
cursive writing tutorials,480,30,0.0,no,yes,gen-cursive-practice,BUILD
daily cursive handwriting practice pdf,480,10,0.52,no,yes,gen-cursive-practice,BUILD
english cursive alphabet,480,77,0.0,no,yes,gen-cursive-practice,LATER-highKD
english cursive letters,480,71,0.0,no,yes,gen-cursive-practice,LATER-highKD
free printable cursive alphabet pdf,480,24,0.0,no,yes,gen-cursive-practice,BUILD
handwriting sheets pdf,480,27,0.68,no,yes,gen-name-tracing,BUILD
how do you do cursive,480,44,0.0,yes,yes,gen-cursive-practice,LATER-highKD
how do you write in cursive,480,43,0.72,yes,yes,gen-cursive-practice,LATER-highKD
how to learn how to write in cursive,480,23,0.47,yes,no,SKIP-explainer,SKIP-AIO-explainer
how to learn to write cursive,480,16,0.57,yes,no,SKIP-explainer,SKIP-AIO-explainer
learn handwriting cursive,480,22,0.52,no,yes,SKIP-explainer,SKIP-AIO-explainer
learn to write cursive writing,480,24,0.52,yes,yes,SKIP-explainer,SKIP-AIO-explainer
letters in cursive writing,480,50,0.27,no,yes,gen-cursive-practice,LATER-highKD
name cursive generator,480,38,0.11,no,no,gen-cursive-practice,BUILD
name generator cursive,480,49,0.01,no,no,gen-cursive-practice,LATER-highKD
penmanship practice books,480,13,0.37,no,no,static-or-hub,BUILD
practice writing cursive,480,29,0.42,yes,yes,gen-cursive-practice,BUILD
print to cursive,480,23,0.2,yes,yes,gen-cursive-practice,BUILD
study cursive writing,480,32,0.52,yes,yes,gen-cursive-practice,BUILD
teaching cursive,480,28,0.49,yes,no,gen-cursive-practice,BUILD
traceable cursive letters,480,29,0.5,no,yes,gen-cursive-practice,BUILD
writing in cursive generator,480,52,0.09,no,no,gen-cursive-practice,LATER-highKD
challenging dot to dot printable,480,8,1.67,no,yes,gen-dot-to-dot,BUILD
connect dots coloring pages,480,11,0.69,no,yes,static-or-hub,BUILD
connect the dots colouring pages,480,14,0.25,no,yes,gen-dot-to-dot,BUILD
connect the dots generator,480,11,0.0,no,yes,gen-dot-to-dot,BUILD
connect the dots printable hard,480,22,0.0,no,yes,gen-dot-to-dot,BUILD
difficult dot to dot printables,480,15,1.67,no,yes,gen-dot-to-dot,BUILD
dot marker sheets,480,5,0.35,no,yes,static-or-hub,BUILD
dot to dot difficult,480,16,0.67,no,yes,gen-dot-to-dot,BUILD
dot to dot for kids,480,15,0.0,no,yes,gen-dot-to-dot,BUILD
dot to dot printables free,480,12,1.07,no,yes,gen-dot-to-dot,BUILD
dot to dot puzzles,480,19,0.39,no,yes,gen-dot-to-dot,BUILD
dottodot,480,26,0.46,no,yes,static-or-hub,BUILD
free printable extreme dot to dot pdf,480,11,0.0,no,yes,gen-dot-to-dot,BUILD
hard connect the dots,480,17,0.7,no,yes,gen-dot-to-dot,BUILD
hard dot to dot,480,10,0.0,no,yes,gen-dot-to-dot,BUILD
number dots,480,12,1.31,no,yes,static-or-hub,BUILD
printable dot to dot for adults,480,10,0.0,no,yes,gen-dot-to-dot,BUILD
alphabet handwriting practice worksheets,390,25,0.7,no,yes,gen-letter-tracing,BUILD
alphabet trace sheets,390,21,0.89,no,yes,gen-letter-tracing,BUILD
alphabet tracing sheet free,390,11,0.58,no,yes,gen-letter-tracing,BUILD
creative printables,390,24,0.0,no,yes,static-or-hub,BUILD
cursive name tracing generator,390,17,0.0,no,yes,gen-cursive-name,BUILD
editable name,390,16,0.0,no,yes,static-or-hub,BUILD
free alphabet tracing sheets,390,18,0.73,no,yes,gen-letter-tracing,BUILD
free editable name tracing sheets with lines,390,25,0.66,yes,yes,gen-name-tracing,BUILD
free handwriting practice sheets to print,390,31,0.55,no,no,gen-name-tracing,BUILD
free handwriting worksheets printable,390,34,0.69,no,yes,gen-name-tracing,BUILD
free name tracing,390,31,0.38,no,yes,gen-name-tracing,BUILD
free printable handwriting practice pages,390,31,0.72,no,yes,gen-name-tracing,BUILD
free printable handwriting practice sheets,390,32,0.55,no,yes,gen-name-tracing,BUILD
free printable letter tracing worksheets,390,15,0.78,no,yes,gen-letter-tracing,BUILD
free printable number tracing worksheets,390,18,0.74,no,yes,gen-number-tracing,BUILD
free printable practice writing sheets,390,29,0.81,no,yes,static-or-hub,BUILD
free printable tracing letters,390,23,0.82,no,yes,gen-letter-tracing,BUILD
free printable tracing sheets,390,23,1.0,no,yes,static-or-hub,BUILD
handwriting pages,390,34,0.29,no,yes,gen-name-tracing,BUILD
handwriting practice sheets adult,390,19,0.51,no,yes,gen-name-tracing,BUILD
handwriting practice worksheet,390,40,0.73,no,yes,gen-name-tracing,BUILD
handwriting printouts,390,37,0.86,no,yes,gen-name-tracing,BUILD
handwriting tracing sheets,390,24,0.75,no,yes,gen-name-tracing,BUILD
handwriting worksheets name,390,21,0.31,no,yes,gen-name-tracing,BUILD
letter trace worksheet,390,19,0.83,no,yes,gen-letter-tracing,BUILD
letter tracer,390,12,0.75,no,yes,gen-letter-tracing,BUILD
letter tracing printables free,390,19,0.82,no,yes,gen-letter-tracing,BUILD
letter tracing sheets pdf,390,18,1.05,no,yes,gen-letter-tracing,BUILD
letter tracing worksheet,390,24,0.74,no,yes,gen-letter-tracing,BUILD
lowercase alphabet tracing,390,15,0.29,no,yes,gen-letter-tracing,BUILD
name practice,390,26,0.45,no,yes,gen-name-tracing,BUILD
name printable,390,17,1.24,no,yes,gen-name-tracing,BUILD
name printables,390,12,0.72,no,yes,gen-name-tracing,BUILD
number tracing worksheets 1 20,390,12,0.47,no,yes,gen-number-tracing,BUILD
page of handwriting,390,33,0.29,no,yes,gen-name-tracing,BUILD
penmanship practice sheets,390,42,0.57,yes,yes,static-or-hub,LATER-highKD
penmanship worksheet pdf,390,26,0.84,no,yes,static-or-hub,BUILD
practice tracing name,390,27,0.41,no,yes,gen-name-tracing,BUILD
practice writing name worksheets,390,27,0.31,no,yes,gen-name-tracing,BUILD
pre k tracing worksheets,390,20,0.9,no,yes,static-or-hub,BUILD
preschool letter tracing,390,24,0.9,no,yes,gen-letter-tracing,BUILD
preschool name tracing,390,18,0.29,no,yes,gen-name-tracing,BUILD
print traceable letters,390,23,0.9,no,yes,gen-letter-tracing,BUILD
printable alphabet letters to trace,390,23,0.95,no,yes,gen-letter-tracing,BUILD
printable handwriting,390,33,0.87,no,yes,gen-name-tracing,BUILD
printable handwriting worksheet,390,41,0.83,no,yes,gen-name-tracing,LATER-highKD
printable letter tracing pages,390,18,0.95,no,yes,gen-letter-tracing,BUILD
printable number tracing worksheets,390,17,0.89,no,yes,gen-number-tracing,BUILD
shapes tracing worksheets,390,11,0.68,no,yes,gen-prewriting-lines,BUILD
trace alphabet,390,15,0.57,no,yes,gen-letter-tracing,BUILD
trace alphabet worksheet,390,28,0.89,no,yes,gen-letter-tracing,BUILD
trace letter a worksheet,390,17,1.03,no,yes,gen-letter-tracing,BUILD
trace the letter a,390,20,1.11,no,yes,gen-letter-tracing,BUILD
trace words creator,390,26,0.28,no,no,gen-word-tracing,BUILD
trace your name,390,26,0.32,no,no,gen-name-tracing,BUILD
traceable alphabet for preschoolers,390,22,0.94,no,yes,gen-letter-tracing,BUILD
traceable alphabet pages,390,29,0.93,no,yes,gen-letter-tracing,BUILD
traceable letters worksheet,390,20,0.82,no,yes,gen-letter-tracing,BUILD
traceable name printable,390,29,0.33,no,yes,gen-name-tracing,BUILD
traceable names printable,390,15,0.33,no,yes,gen-name-tracing,BUILD
tracing alphabet letters worksheets,390,17,0.89,no,yes,gen-letter-tracing,BUILD
tracing letter worksheets,390,26,0.89,no,yes,gen-letter-tracing,BUILD
tracing name worksheets free,390,19,0.7,no,yes,gen-name-tracing,BUILD
tracing names worksheets,390,22,0.37,no,yes,gen-name-tracing,BUILD
tracing numbers 1 20 worksheets,390,22,0.0,no,yes,gen-number-tracing,BUILD
tracing numbers worksheet,390,23,0.78,no,yes,gen-number-tracing,BUILD
tracing straight lines preschool,390,7,0.82,no,yes,gen-prewriting-lines,BUILD
tracing the letter,390,18,0.75,no,yes,gen-letter-tracing,BUILD
tracing worksheets alphabet,390,28,0.89,no,yes,gen-letter-tracing,BUILD
word tracing generator,390,29,0.28,no,yes,gen-word-tracing,BUILD
word tracing worksheets,390,22,0.63,no,yes,gen-word-tracing,BUILD
worksheet tracing numbers 1 20,390,15,0.0,no,yes,gen-number-tracing,BUILD
write name,390,21,0.5,no,yes,gen-name-tracing,BUILD
writing practice sheet,390,29,0.79,no,yes,gen-name-tracing,BUILD
writing practice worksheet generator,390,35,0.93,no,no,static-or-hub,BUILD
writing sheets,390,32,0.7,no,yes,static-or-hub,BUILD
activities worksheets for preschoolers,390,44,0.0,no,yes,static-or-hub,LATER-highKD
all about me worksheet for preschool,390,26,1.02,no,yes,static-or-hub,BUILD
alphabet printable worksheets,390,47,0.75,no,yes,gen-letter-tracing,LATER-highKD
alphabet printables free,390,38,0.6,no,yes,gen-letter-tracing,BUILD
children's activity worksheets,390,53,1.01,no,yes,static-or-hub,LATER-highKD
childrens printables,390,37,1.03,no,yes,static-or-hub,BUILD
clever learning,390,46,3.08,no,no,static-or-hub,LATER-highKD
cut & paste worksheets for preschoolers,390,16,0.8,no,yes,static-or-hub,BUILD
cut and paste preschool worksheets,390,13,0.8,no,yes,static-or-hub,BUILD
educational activity sheets,390,59,0.79,no,yes,static-or-hub,LATER-highKD
educational worksheets,390,63,0.79,no,yes,static-or-hub,LATER-highKD
free abc abcmouse com,390,46,1.14,yes,no,gen-letter-tracing,LATER-highKD
free abcmouse,390,51,1.35,yes,no,static-or-hub,LATER-highKD
free abcmouse.com,390,41,1.14,yes,no,static-or-hub,LATER-highKD
free alphabet printables pdf,390,36,0.77,no,yes,gen-letter-tracing,BUILD
free alphabet worksheets printable,390,40,0.71,no,yes,gen-letter-tracing,BUILD
free home education printables,390,24,1.81,no,no,static-or-hub,BUILD
free kg worksheets,390,53,0.84,no,yes,static-or-hub,LATER-highKD
free kids worksheets,390,65,0.0,no,yes,static-or-hub,LATER-highKD
free preschool activities,390,34,1.23,yes,no,static-or-hub,BUILD
free preschool worksheets age 4-5,390,46,0.86,no,no,gen-number-tracing,LATER-highKD
free printable activities for pre k,390,32,0.92,no,yes,static-or-hub,BUILD
free printable activity sheets,390,38,1.3,yes,yes,static-or-hub,BUILD
free printable activity sheets pdf,390,56,1.56,no,yes,static-or-hub,LATER-highKD
free printable activity worksheets,390,47,1.52,no,yes,static-or-hub,LATER-highKD
free printable homework sheets,390,58,0.93,no,yes,static-or-hub,LATER-highKD
free printable websites,390,45,0.92,yes,no,static-or-hub,LATER-highKD
free printable worksheets kindergarten,390,50,0.99,no,yes,static-or-hub,LATER-highKD
free printable worksheets pdf,390,53,1.18,no,yes,static-or-hub,LATER-highKD
free printables kindergarten,390,51,1.0,no,yes,static-or-hub,LATER-highKD
free work pages,390,57,0.9,no,no,static-or-hub,LATER-highKD
home education free worksheets,390,26,1.91,yes,no,static-or-hub,BUILD
homework sheet,390,67,0.96,no,yes,static-or-hub,LATER-highKD
homework sheets,390,61,0.96,no,yes,static-or-hub,LATER-highKD
k 12 worksheets,390,60,1.34,no,yes,static-or-hub,LATER-highKD
k-12 free printable worksheets,390,58,0.96,no,no,static-or-hub,LATER-highKD
k12 learning worksheets,390,58,1.18,no,yes,static-or-hub,LATER-highKD
kids printable activities,390,35,0.0,no,yes,static-or-hub,BUILD
kindergarten activities worksheets,390,31,0.93,no,yes,static-or-hub,BUILD
kindergarten assignment sheets,390,51,0.97,no,yes,static-or-hub,LATER-highKD
kindergarten english worksheet,390,30,0.89,no,yes,static-or-hub,BUILD
kindergarten free worksheets,390,50,0.73,no,yes,static-or-hub,LATER-highKD
kindergarten homework sheets,390,57,0.98,no,yes,static-or-hub,LATER-highKD
kindergarten printable workbooks,390,28,1.07,no,no,static-or-hub,BUILD
kindergarten sheets printable,390,48,1.07,no,yes,static-or-hub,LATER-highKD
kindergarten worksheets printable free,390,53,0.99,no,yes,static-or-hub,LATER-highKD
letter a preschool worksheet,390,17,1.01,no,yes,gen-letter-tracing,BUILD
letter b worksheets preschool,390,17,0.76,no,yes,gen-letter-tracing,BUILD
letter g worksheets for preschool,390,8,0.95,no,yes,gen-letter-tracing,BUILD
letter i worksheet for preschool,390,22,0.81,no,yes,gen-letter-tracing,BUILD
letter j worksheets for preschool,390,17,0.86,no,yes,gen-letter-tracing,BUILD
letter n worksheets for preschool,390,17,0.77,no,yes,gen-letter-tracing,BUILD
letter p worksheets for preschool,390,15,1.48,no,yes,gen-letter-tracing,BUILD
pre k free printables,390,43,0.94,no,yes,static-or-hub,LATER-highKD
pre k learning worksheets,390,58,1.24,no,yes,static-or-hub,LATER-highKD
pre k letter worksheets,390,30,1.03,no,yes,gen-letter-tracing,BUILD
pre nursery worksheets,390,38,0.92,no,yes,static-or-hub,BUILD
prek math worksheets,390,26,0.79,no,yes,static-or-hub,BUILD
prek worksheets free,390,41,0.87,no,yes,static-or-hub,LATER-highKD
preschool color worksheets,390,23,0.0,no,yes,static-or-hub,BUILD
preschool cut and glue worksheets,390,13,0.8,no,yes,static-or-hub,BUILD
preschool cut and paste printables,390,11,0.76,no,yes,static-or-hub,BUILD
preschool homework,390,47,1.01,no,yes,static-or-hub,LATER-highKD
preschool learning worksheets,390,52,1.07,no,yes,static-or-hub,LATER-highKD
preschool phonics worksheets,390,15,1.39,no,yes,static-or-hub,BUILD
preschool worksheets pdf free download,390,44,0.94,yes,yes,static-or-hub,LATER-highKD
preschool writing worksheets,390,25,0.86,no,yes,static-or-hub,BUILD
print worksheets,390,55,1.08,no,yes,static-or-hub,LATER-highKD
print worksheets for preschool,390,46,1.17,no,yes,static-or-hub,LATER-highKD
printable activities for 3 year olds,390,28,0.89,no,yes,static-or-hub,BUILD
printable kindergarten workbooks,390,28,1.03,no,yes,static-or-hub,BUILD
printable worksheet for nursery,390,43,1.03,no,yes,static-or-hub,LATER-highKD
printable worksheets for 2 year olds,390,26,0.95,no,yes,static-or-hub,BUILD
printable worksheets for preschool,390,47,0.96,no,yes,static-or-hub,LATER-highKD
shape worksheets for preschool,390,27,0.82,no,yes,gen-prewriting-lines,BUILD
spring worksheets preschool,390,14,0.73,no,yes,static-or-hub,BUILD
worksheet kindergarten,390,46,1.01,no,yes,static-or-hub,LATER-highKD
worksheetfun kindergarten,390,14,0.74,no,yes,static-or-hub,BUILD
worksheets for 5 year olds,390,62,0.9,no,yes,static-or-hub,LATER-highKD
worksheets for fun,390,69,0.88,no,yes,static-or-hub,LATER-highKD
writing kindergarten worksheets,390,21,0.84,no,yes,static-or-hub,BUILD
abc handwriting practice,390,26,0.64,no,yes,gen-letter-tracing,BUILD
abc print out,390,27,0.85,no,yes,gen-letter-tracing,BUILD
abc writing,390,30,0.94,yes,yes,gen-letter-tracing,BUILD
abc writing sheet,390,25,0.76,no,yes,gen-letter-tracing,BUILD
abc writing worksheets,390,24,0.76,no,yes,gen-letter-tracing,BUILD
abcs worksheet,390,33,0.93,no,yes,gen-letter-tracing,BUILD
alphabet handout,390,32,0.71,no,yes,gen-letter-tracing,BUILD
alphabet handwriting worksheets,390,22,0.7,no,yes,gen-letter-tracing,BUILD
alphabet handwriting worksheets pdf,390,12,1.23,no,yes,gen-letter-tracing,BUILD
alphabet letter practice sheets,390,33,0.91,no,yes,gen-letter-tracing,BUILD
alphabet letter sounds worksheets,390,15,0.43,no,yes,gen-letter-tracing,BUILD
alphabet letters for preschoolers,390,20,1.36,no,yes,gen-letter-tracing,BUILD
alphabet letters with pictures,390,24,0.46,no,yes,gen-letter-tracing,BUILD
alphabet worksheet for kindergarten,390,36,0.88,no,yes,gen-letter-tracing,BUILD
alphabet writing practice sheets,390,30,0.7,no,yes,gen-letter-tracing,BUILD
alphabet writing practice worksheets,390,28,0.7,no,yes,gen-letter-tracing,BUILD
calligraphy worksheets alphabet,390,27,0.73,no,yes,gen-letter-tracing,BUILD
find the letter worksheets,390,6,0.7,no,yes,gen-letter-tracing,BUILD
free printable letter sheets,390,23,0.71,no,yes,gen-letter-tracing,BUILD
identifying letters worksheets,390,24,0.48,no,yes,gen-letter-tracing,BUILD
individual alphabet letters,390,31,0.0,no,yes,gen-letter-tracing,BUILD
learning letters,390,42,1.87,yes,yes,gen-letter-tracing,LATER-highKD
letter a preschool,390,19,0.99,no,yes,gen-letter-tracing,BUILD
letter a print out,390,27,2.29,no,yes,gen-letter-tracing,BUILD
letter alphabet printables,390,28,0.81,no,yes,gen-letter-tracing,BUILD
letter id worksheets,390,23,0.48,no,yes,gen-letter-tracing,BUILD
letter matching worksheets,390,12,0.5,no,yes,gen-letter-tracing,BUILD
letter practice sheet,390,34,0.79,no,yes,gen-letter-tracing,BUILD
letter print outs,390,31,0.87,no,yes,gen-letter-tracing,BUILD
letter s worksheet,390,24,1.19,no,yes,gen-letter-tracing,BUILD
letters to print free,390,30,0.79,no,yes,gen-letter-tracing,BUILD
lower case alphabet worksheets,390,15,0.64,no,yes,gen-letter-tracing,BUILD
practice writing letters,390,41,0.66,no,yes,gen-letter-tracing,LATER-highKD
preschool letters,390,28,1.36,no,yes,gen-letter-tracing,BUILD
print alphabet letters,390,30,0.81,no,yes,gen-letter-tracing,BUILD
printable abc,390,24,0.7,no,yes,gen-letter-tracing,BUILD
printable alphabet letters pdf,390,25,0.71,no,yes,gen-letter-tracing,BUILD
printable letter sheets,390,41,0.87,no,yes,gen-letter-tracing,LATER-highKD
starter letters,390,22,0.0,yes,yes,gen-letter-tracing,BUILD
worksheet for letter a,390,12,0.81,no,yes,gen-letter-tracing,BUILD
writing alphabet worksheet,390,30,0.67,no,yes,gen-letter-tracing,BUILD
writing alphabet worksheets,390,18,0.76,no,yes,gen-letter-tracing,BUILD
curisve s,390,26,0.58,no,yes,static-or-hub,BUILD
cursive 5,390,15,0.0,no,yes,gen-cursive-practice,BUILD
cursive capital g worksheet,390,22,0.0,no,yes,gen-cursive-practice,BUILD
cursive cursive letters,390,68,0.01,no,yes,gen-cursive-practice,LATER-highKD
cursive handwriting exercise,390,29,0.41,no,yes,gen-cursive-practice,BUILD
cursive handwriting learning,390,27,0.52,no,yes,gen-cursive-practice,BUILD
cursive letter write,390,68,0.24,no,yes,gen-cursive-practice,LATER-highKD
cursive letter writing,390,50,0.27,no,yes,gen-cursive-practice,LATER-highKD
cursive list,390,48,0.0,no,yes,gen-cursive-practice,LATER-highKD
cursive practice sentences,390,19,0.69,no,yes,gen-cursive-practice,BUILD
cursive practice worksheet generator,390,27,1.28,no,yes,gen-cursive-practice,BUILD
cursive print,390,60,0.16,no,yes,gen-cursive-practice,LATER-highKD
cursive printables,390,28,0.7,no,yes,gen-cursive-practice,BUILD
cursive writing name generator,390,27,0.73,no,no,gen-cursive-name,BUILD
cursive writing practice book,390,15,0.29,no,yes,gen-cursive-practice,BUILD
free printable cursive practice worksheets,390,29,0.57,no,yes,gen-cursive-practice,BUILD
handwriting booklet,390,15,0.45,no,yes,gen-name-tracing,BUILD
handwriting writing,390,45,2.84,no,yes,gen-name-tracing,LATER-highKD
how to do a cursive,390,41,0.0,no,yes,SKIP-explainer,SKIP-AIO-explainer
how to right in cursive,390,29,0.0,yes,yes,SKIP-explainer,SKIP-AIO-explainer
how to write cursive for beginners,390,24,0.65,yes,yes,SKIP-explainer,SKIP-AIO-explainer
how to write in cursive for beginners,390,27,0.65,yes,no,SKIP-explainer,SKIP-AIO-explainer
how to write your name in cursive,390,16,0.36,yes,yes,SKIP-explainer,SKIP-AIO-explainer
incursive writing,390,58,0.0,no,yes,static-or-hub,LATER-highKD
learn to write cursive,390,48,0.52,yes,yes,SKIP-explainer,SKIP-AIO-explainer
learn to write cursive worksheets,390,20,0.66,no,yes,SKIP-explainer,SKIP-AIO-explainer
name to cursive,390,51,0.05,no,yes,gen-cursive-practice,LATER-highKD
new american cursive worksheets,390,9,0.0,yes,yes,gen-cursive-practice,BUILD
practice in cursive,390,27,0.42,no,yes,gen-cursive-practice,BUILD
teaching cursive handwriting,390,24,0.39,yes,yes,gen-cursive-practice,BUILD
write cursive,390,54,0.13,no,yes,gen-cursive-practice,LATER-highKD
write name in cursive,390,47,0.09,no,no,gen-cursive-name,LATER-highKD
writing cursive letters,390,38,0.24,no,yes,gen-cursive-practice,BUILD
complex dot to dot printables,390,9,0.0,no,yes,gen-dot-to-dot,BUILD
connect the dots challenging,390,11,0.67,no,yes,gen-dot-to-dot,BUILD
difficult connect the dots printable,390,15,0.0,no,yes,gen-dot-to-dot,BUILD
dot the dot,390,25,0.38,yes,yes,static-or-hub,BUILD
dot to dot childrens,390,17,0.72,no,yes,gen-dot-to-dot,BUILD
dot to dot printables hard,390,8,0.0,no,yes,gen-dot-to-dot,BUILD
extreme dot,390,7,0.31,no,yes,static-or-hub,BUILD
join the dots worksheets,390,10,1.01,no,yes,static-or-hub,BUILD
printable dot to dot,390,24,0.0,no,yes,gen-dot-to-dot,BUILD
a to z letter tracing worksheets pdf free download,320,15,0.79,no,yes,gen-letter-tracing,BUILD
abc letter tracing,320,21,1.17,no,yes,gen-letter-tracing,BUILD
abc traceable worksheet,320,32,1.0,no,yes,gen-letter-tracing,BUILD
alphabet handwriting practice sheets,320,32,0.73,no,yes,gen-letter-tracing,BUILD
alphabet penmanship worksheets,320,13,0.7,no,yes,gen-letter-tracing,BUILD
blank handwriting practice worksheets,320,18,0.8,no,yes,gen-name-tracing,BUILD
circle tracing worksheet,320,11,0.0,no,yes,static-or-hub,BUILD
create traceable worksheets,320,35,0.48,no,yes,gen-name-tracing,BUILD
create worksheets,320,54,0.79,no,yes,static-or-hub,LATER-highKD
free name trace,320,19,0.38,no,yes,gen-name-tracing,BUILD
free number tracing worksheets,320,25,0.55,no,yes,gen-number-tracing,BUILD
free printable abc tracing worksheets,320,18,0.73,no,yes,gen-letter-tracing,BUILD
free printable alphabet tracing worksheets,320,21,0.73,no,yes,gen-letter-tracing,BUILD
free printable handwriting pages,320,29,0.69,no,yes,gen-name-tracing,BUILD
free printable handwriting paper,320,24,0.33,no,yes,gen-name-tracing,BUILD
free printable letter tracing,320,18,0.82,no,yes,gen-letter-tracing,BUILD
free printable letter tracing sheets,320,20,0.87,no,yes,gen-letter-tracing,BUILD
free printable traceable alphabet,320,18,0.82,no,yes,gen-letter-tracing,BUILD
free printable tracing alphabet letters,320,20,0.77,no,yes,gen-letter-tracing,BUILD
free printable tracing alphabet worksheets,320,20,0.79,no,yes,gen-letter-tracing,BUILD
free printable tracing worksheets preschool,320,16,1.41,no,yes,static-or-hub,BUILD
free printing practice pages,320,24,1.08,no,yes,static-or-hub,BUILD
free traceable name worksheets,320,29,0.33,no,yes,gen-name-tracing,BUILD
free tracing worksheets for preschool,320,17,0.88,no,yes,static-or-hub,BUILD
ga letters to trace,320,17,0.0,yes,no,gen-letter-tracing,BUILD
handwriting practice for kids,320,23,0.0,no,yes,gen-name-tracing,BUILD
handwriting practice name,320,20,0.25,no,yes,gen-name-tracing,BUILD
handwriting practice paper,320,31,0.41,no,yes,gen-name-tracing,BUILD
handwriting practice paper printable,320,31,0.31,no,yes,gen-name-tracing,BUILD
handwriting practice sheet,320,29,0.57,no,yes,gen-name-tracing,BUILD
handwriting practice worksheets pdf for adults,320,30,0.48,no,yes,gen-name-tracing,BUILD
handwriting templates,320,32,0.0,no,yes,gen-name-tracing,BUILD
handwriting worksheets free printable,320,29,0.69,no,yes,gen-name-tracing,BUILD
handwritten print,320,33,2.34,no,yes,static-or-hub,BUILD
large tracing letters,320,16,0.66,no,yes,gen-letter-tracing,BUILD
letter c tracing sheet,320,18,0.0,no,yes,gen-letter-tracing,BUILD
letter c tracing worksheets,320,13,0.0,no,yes,gen-letter-tracing,BUILD
letter s to trace,320,16,0.89,no,yes,gen-letter-tracing,BUILD
letter t trace,320,11,0.0,no,yes,gen-letter-tracing,BUILD
letter tracing for preschoolers,320,16,0.68,no,yes,gen-letter-tracing,BUILD
letter tracing worksheets free printable,320,17,0.87,no,yes,gen-letter-tracing,BUILD
letter tracing worksheets printable,320,21,0.9,no,yes,gen-letter-tracing,BUILD
letter writing sheets,320,26,0.89,no,yes,gen-letter-tracing,BUILD
letters trace,320,21,0.89,no,yes,gen-letter-tracing,BUILD
name tracing for preschool,320,21,0.29,no,yes,gen-name-tracing,BUILD
name tracing template,320,17,0.43,no,yes,gen-name-tracing,BUILD
name tracing worksheet generator,320,20,0.19,no,yes,gen-name-tracing,BUILD
name worksheet,320,17,0.44,no,yes,static-or-hub,BUILD
name worksheet generator,320,12,0.23,no,yes,static-or-hub,BUILD
name writing practice pages,320,22,0.31,no,yes,gen-name-tracing,BUILD
neat handwriting practice,320,22,0.66,no,yes,gen-name-tracing,BUILD
number tracing worksheet,320,18,0.74,no,yes,gen-number-tracing,BUILD
number tracing worksheets pdf,320,25,0.82,no,yes,gen-number-tracing,BUILD
penmanship practice worksheets,320,32,0.5,no,no,static-or-hub,BUILD
practice writing worksheets free,320,33,0.6,no,yes,static-or-hub,BUILD
pre k tracing sheets,320,28,0.9,no,yes,static-or-hub,BUILD
preschool handwriting practice worksheets,320,23,0.81,no,yes,gen-name-tracing,BUILD
preschool letter tracing printables,320,24,1.02,no,yes,gen-letter-tracing,BUILD
preschool number tracing worksheets,320,16,1.6,no,yes,gen-number-tracing,BUILD
print handwriting practice,320,28,0.52,no,yes,gen-name-tracing,BUILD
print handwriting sheets,320,27,0.69,no,yes,gen-name-tracing,BUILD
print letters to trace,320,23,0.9,no,yes,gen-letter-tracing,BUILD
print writing,320,29,0.0,yes,no,static-or-hub,BUILD
printable abc trace letters,320,23,0.89,yes,no,gen-letter-tracing,BUILD
printable alphabet trace,320,24,0.95,no,yes,gen-letter-tracing,BUILD
printable large tracing letters,320,15,1.05,no,yes,gen-letter-tracing,BUILD
printable name tracing sheets,320,23,0.34,no,yes,gen-name-tracing,BUILD
printable traceable alphabet,320,23,0.9,no,yes,gen-letter-tracing,BUILD
printable writing practice,320,36,0.8,no,yes,static-or-hub,BUILD
shapes tracing worksheet,320,13,0.76,no,yes,gen-prewriting-lines,BUILD
trace abc printable,320,25,1.0,no,yes,gen-letter-tracing,BUILD
trace abc worksheet,320,25,0.89,no,yes,gen-letter-tracing,BUILD
trace letter a preschool,320,20,0.9,no,yes,gen-letter-tracing,BUILD
trace letter i worksheet,320,22,1.03,no,yes,gen-letter-tracing,BUILD
trace letters printable free,320,10,0.8,no,yes,gen-letter-tracing,BUILD
trace my name,320,24,0.67,no,no,gen-name-tracing,BUILD
trace name maker,320,15,0.58,no,yes,gen-name-tracing,BUILD
trace the letters of the alphabet worksheet,320,24,0.82,no,yes,gen-letter-tracing,BUILD
traceable letter k,320,9,0.0,no,yes,gen-letter-tracing,BUILD
traceable letter sheets,320,,0.82,no,yes,gen-letter-tracing,LATER-highKD
traceable words maker,320,21,0.29,no,no,gen-word-tracing,BUILD
tracing alphabet a,320,16,1.12,no,yes,gen-letter-tracing,BUILD
tracing alphabet worksheets free,320,23,0.58,no,yes,gen-letter-tracing,BUILD
tracing generator,320,17,0.0,no,yes,static-or-hub,BUILD
tracing kindergarten worksheets,320,18,1.0,no,yes,static-or-hub,BUILD
tracing letter a,320,15,1.11,no,yes,gen-letter-tracing,BUILD
tracing letter f,320,11,0.0,no,yes,gen-letter-tracing,BUILD
tracing letters a-z worksheets,320,,0.0,no,no,gen-letter-tracing,LATER-highKD
tracing letters and numbers,320,17,0.69,no,yes,gen-number-tracing,BUILD
tracing letters printables free,320,21,0.82,no,yes,gen-letter-tracing,BUILD
tracing letters worksheet,320,28,0.82,no,yes,gen-letter-tracing,BUILD
tracing pages,320,26,0.72,no,yes,static-or-hub,BUILD
tracing paper hobby lobby,320,39,0.16,yes,yes,static-or-hub,BUILD
tracing practice,320,44,0.71,no,yes,static-or-hub,LATER-highKD
tracing sheet,320,21,0.8,no,yes,static-or-hub,BUILD
tracing straight lines worksheets,320,6,0.75,no,yes,gen-prewriting-lines,BUILD
tracing the letter a,320,10,1.23,no,yes,gen-letter-tracing,BUILD
tracing worksheet for nursery,320,16,0.87,no,yes,static-or-hub,BUILD
tracing worksheets free,320,19,0.86,no,yes,static-or-hub,BUILD
write names,320,21,0.5,yes,yes,gen-name-tracing,BUILD
writing name,320,7,0.5,yes,yes,gen-name-tracing,BUILD
writing worksheet generator,320,29,0.51,no,yes,static-or-hub,BUILD
5 senses worksheet preschool,320,4,0.0,no,yes,static-or-hub,BUILD
abc activity pages,320,16,1.16,no,yes,gen-letter-tracing,BUILD
abc mouse printables,320,32,1.75,no,yes,gen-letter-tracing,BUILD
activity sheets for 3 year olds,320,37,1.03,no,yes,static-or-hub,BUILD
activity sheets for 5 year olds,320,41,1.09,no,yes,static-or-hub,LATER-highKD
activity worksheets,320,54,0.99,no,yes,static-or-hub,LATER-highKD
alphabet worksheets for pre k,320,25,0.83,no,yes,gen-letter-tracing,BUILD
alphabet worksheets preschool,320,27,0.82,no,yes,gen-letter-tracing,BUILD
children's activities worksheets,320,67,1.01,no,yes,static-or-hub,LATER-highKD
childrens activity sheets,320,30,0.97,no,yes,static-or-hub,BUILD
color worksheets for preschoolers,320,28,0.98,no,yes,static-or-hub,BUILD
coloring worksheets for preschool,320,40,0.98,no,yes,static-or-hub,BUILD
easter worksheets for preschoolers,320,19,0.61,no,yes,static-or-hub,BUILD
elementary worksheets,320,62,1.23,no,yes,static-or-hub,LATER-highKD
english language worksheets for kindergarten,320,29,0.89,no,yes,static-or-hub,BUILD
fall preschool worksheets,320,3,0.0,no,yes,static-or-hub,BUILD
fall worksheets for preschoolers,320,8,0.0,no,yes,static-or-hub,BUILD
fall worksheets preschool,320,3,0.0,no,yes,static-or-hub,BUILD
free educational printables for preschoolers,320,36,0.94,yes,no,static-or-hub,BUILD
free preschool worksheets printable,320,34,0.81,no,yes,static-or-hub,BUILD
free printable activity pages,320,40,1.52,no,yes,static-or-hub,BUILD
free printable kindergarten workbooks,320,20,0.89,no,yes,static-or-hub,BUILD
free printable workbooks,320,58,0.93,no,yes,static-or-hub,LATER-highKD
free printable worksheets for kindergarten pdf,320,41,0.83,no,yes,static-or-hub,LATER-highKD
free printable worksheets for pre k,320,40,0.92,no,yes,static-or-hub,BUILD
free school worksheets,320,68,0.0,no,yes,static-or-hub,LATER-highKD
fun printable activities,320,36,1.19,no,yes,static-or-hub,BUILD
halloween worksheets for preschool,320,14,0.0,no,yes,static-or-hub,BUILD
halloween worksheets for preschoolers,320,21,0.0,no,yes,static-or-hub,BUILD
halloween worksheets preschool,320,9,0.0,no,yes,static-or-hub,BUILD
j worksheets for preschool,320,14,0.86,no,yes,static-or-hub,BUILD
k 12 learning worksheets,320,61,1.18,no,yes,static-or-hub,LATER-highKD
k printable,320,7,5.19,no,yes,static-or-hub,BUILD
k5 learning free printable worksheets,320,46,0.0,no,yes,static-or-hub,LATER-highKD
k5 learning free worksheets,320,62,1.19,no,yes,static-or-hub,LATER-highKD
kg activity worksheet,320,37,0.86,no,yes,static-or-hub,BUILD
kid worksheets,320,70,0.0,no,yes,static-or-hub,LATER-highKD
kindergarten activity sheets free,320,45,1.06,no,yes,static-or-hub,LATER-highKD
kindergarten learning activities,320,18,1.99,yes,yes,static-or-hub,BUILD
kindergarten practice worksheets,320,48,0.99,no,yes,static-or-hub,LATER-highKD
kindergarten work sheets,320,50,0.99,no,yes,static-or-hub,LATER-highKD
letter b worksheets for preschool,320,14,0.76,no,yes,gen-letter-tracing,BUILD
letter b worksheets for preschoolers,320,15,1.09,no,yes,gen-letter-tracing,BUILD
letter c preschool worksheet,320,8,1.07,no,yes,gen-letter-tracing,BUILD
letter c preschool worksheets,320,9,1.07,no,yes,gen-letter-tracing,BUILD
letter i worksheets preschool,320,22,1.01,no,yes,gen-letter-tracing,BUILD
letter k preschool worksheets,320,13,0.97,no,yes,gen-letter-tracing,BUILD
letter o worksheets for preschool,320,14,1.15,no,yes,gen-letter-tracing,BUILD
letter t worksheets preschool,320,15,0.94,no,yes,gen-letter-tracing,BUILD
letter u worksheets for preschool,320,12,0.42,no,yes,gen-letter-tracing,BUILD
letter v preschool worksheets,320,9,0.0,no,yes,gen-letter-tracing,BUILD
letter v worksheets for preschoolers,320,5,0.0,no,yes,gen-letter-tracing,BUILD
letter x worksheets for preschool,320,13,0.84,no,yes,gen-letter-tracing,BUILD
letter x worksheets for preschoolers,320,16,0.84,no,yes,gen-letter-tracing,BUILD
matching activity sheets for preschoolers,320,11,0.9,no,yes,static-or-hub,BUILD
math for preschool worksheets,320,25,0.8,no,yes,static-or-hub,BUILD
math worksheet preschool,320,29,0.71,no,yes,static-or-hub,BUILD
math worksheets preschool,320,25,0.71,no,yes,static-or-hub,BUILD
number 1 worksheets for preschool,320,18,0.0,no,yes,gen-number-tracing,BUILD
numbers worksheet preschool,320,23,0.72,no,yes,gen-number-tracing,BUILD
pre k curriculum free,320,13,1.67,yes,no,static-or-hub,BUILD
pre k homework,320,50,1.17,no,yes,static-or-hub,LATER-highKD
pre k learning sheets,320,52,1.24,no,yes,static-or-hub,LATER-highKD
pre k work pages,320,46,0.99,no,yes,static-or-hub,LATER-highKD
pre k worksheets printables,320,46,0.96,no,yes,static-or-hub,LATER-highKD
pre kindergarten homeschool curriculum free,320,20,2.17,yes,no,static-or-hub,BUILD
pre kindergarten printable worksheets,320,46,0.96,no,yes,static-or-hub,LATER-highKD
preschool christmas worksheets,320,17,0.0,no,yes,static-or-hub,BUILD
preschool cutting worksheets,320,16,0.58,no,yes,static-or-hub,BUILD
preschool easter worksheets,320,23,0.61,no,yes,static-or-hub,BUILD
preschool educational activities printable,320,37,0.84,no,yes,static-or-hub,BUILD
preschool free math worksheets,320,,0.61,no,no,static-or-hub,LATER-highKD
preschool halloween worksheets,320,17,0.0,no,yes,static-or-hub,BUILD
preschool handouts,320,50,1.03,no,yes,static-or-hub,LATER-highKD
preschool homeschool curriculum free,320,19,1.68,yes,no,static-or-hub,BUILD
preschool letter e worksheets,320,14,0.74,no,yes,gen-letter-tracing,BUILD
preschool matching worksheets,320,25,1.1,no,yes,static-or-hub,BUILD
preschool math worksheet,320,29,0.8,no,yes,static-or-hub,BUILD
preschool play and learn,320,39,2.35,no,no,static-or-hub,BUILD
preschool shapes worksheet,320,25,0.82,no,yes,gen-prewriting-lines,BUILD
preschool thanksgiving worksheets,320,6,0.0,no,yes,static-or-hub,BUILD
preschool workbooks printable free,320,33,0.81,no,yes,static-or-hub,BUILD
preschool worksheet printables,320,47,1.17,no,yes,static-or-hub,LATER-highKD
preschool worksheets free printable,320,36,0.88,no,yes,static-or-hub,BUILD
preschool worksheets pdf,320,45,0.8,no,yes,static-or-hub,LATER-highKD
printable activities for 2 year olds,320,13,0.95,no,yes,static-or-hub,BUILD
printable activities for adults,320,32,0.0,no,yes,static-or-hub,BUILD
printable activities for pre k,320,30,0.96,no,yes,static-or-hub,BUILD
printable activity sheets for kindergarten,320,52,0.94,no,yes,static-or-hub,LATER-highKD
printable activity worksheets,320,56,1.47,no,yes,static-or-hub,LATER-highKD
printable pre-k activity sheets,320,51,0.96,no,no,static-or-hub,LATER-highKD
printable worksheets for 3 year olds,320,49,1.01,no,yes,static-or-hub,LATER-highKD
shapes worksheets for preschool,320,27,0.73,no,yes,gen-prewriting-lines,BUILD
social studies worksheets for kindergarten,320,10,0.66,no,yes,static-or-hub,BUILD
spring worksheets for preschoolers,320,15,0.73,no,yes,static-or-hub,BUILD
thanksgiving preschool worksheets,320,17,0.0,no,yes,static-or-hub,BUILD
things to do with kindergarteners,320,21,0.78,yes,no,static-or-hub,BUILD
toddler worksheet,320,22,0.0,no,yes,static-or-hub,BUILD
tpt free printables,320,41,0.35,no,yes,static-or-hub,LATER-highKD
transitional kindergarten worksheets,320,24,0.66,no,yes,static-or-hub,BUILD
winter worksheets for preschool,320,8,0.7,no,yes,static-or-hub,BUILD
workbook sheets for kindergarten,320,,0.86,no,yes,static-or-hub,LATER-highKD
worksheets for kindergarten pdf,320,24,0.81,no,yes,static-or-hub,BUILD
worksheets to print,320,52,1.19,no,yes,static-or-hub,LATER-highKD
abc alphabet letters printable,320,27,1.0,no,yes,gen-letter-tracing,BUILD
abc alphabet writing temoplate,320,26,0.0,no,no,gen-letter-tracing,BUILD
abc letters printable,320,26,1.0,no,yes,gen-letter-tracing,BUILD
abc pdf,320,25,6.04,no,yes,gen-letter-tracing,BUILD
abc writing printable,320,26,0.67,no,yes,gen-letter-tracing,BUILD
abcmouse alphabet,320,41,0.0,no,yes,gen-letter-tracing,LATER-highKD
alphabet matching worksheets,320,11,0.73,no,yes,gen-letter-tracing,BUILD
alphabet writing practice sheets pdf,320,13,0.0,no,yes,gen-letter-tracing,BUILD
alphabet writing sheets pdf,320,35,0.73,no,yes,gen-letter-tracing,BUILD
arabic alphabet worksheets,320,8,1.21,no,yes,gen-letter-tracing,BUILD
cursive alphabet practice worksheet,320,13,0.8,no,yes,gen-cursive-practice,BUILD
cursive alphabet printable worksheet,320,32,0.64,no,yes,gen-cursive-practice,BUILD
cursive alphabet traceable worksheets,320,21,0.94,no,yes,gen-cursive-practice,BUILD
free alphabet letter worksheets,320,37,0.79,no,yes,gen-letter-tracing,BUILD
free printable alphabet tracing pages,320,17,0.73,no,yes,gen-letter-tracing,BUILD
free printable cursive alphabet worksheet,320,43,0.0,no,yes,gen-cursive-practice,LATER-highKD
free printable letter a worksheets,320,23,0.96,no,yes,gen-letter-tracing,BUILD
free printing letters,320,31,0.72,no,yes,gen-letter-tracing,BUILD
kindergarten alphabet worksheet,320,23,0.88,no,yes,gen-letter-tracing,BUILD
learn letters,320,31,0.0,no,yes,gen-letter-tracing,BUILD
learning letters worksheets,320,31,0.92,no,yes,gen-letter-tracing,BUILD
learning the alphabet worksheets,320,32,0.85,no,yes,gen-letter-tracing,BUILD
learning to write letters of the alphabet,320,22,0.86,yes,no,gen-letter-tracing,BUILD
letter a free printable,320,23,0.0,no,yes,gen-letter-tracing,BUILD
letter a practice worksheets,320,26,0.79,no,yes,gen-letter-tracing,BUILD
letter a printable worksheets,320,25,0.9,no,yes,gen-letter-tracing,BUILD
letter a worksheet kindergarten,320,23,0.88,no,yes,gen-letter-tracing,BUILD
letter m printable,320,13,0.0,no,yes,gen-letter-tracing,BUILD
letter print out,320,35,0.87,no,yes,gen-letter-tracing,BUILD
letter s printable,320,14,0.0,no,yes,gen-letter-tracing,BUILD
letter writing practice sheets,320,24,0.54,no,yes,gen-letter-tracing,BUILD
letters of the alphabet printable worksheets,320,40,0.9,no,no,gen-letter-tracing,BUILD
lowercase alphabet worksheets,320,17,0.85,no,yes,gen-letter-tracing,BUILD
practice writing letter s,320,21,0.66,no,yes,gen-letter-tracing,BUILD
practice writing the alphabet,320,24,0.75,no,yes,gen-letter-tracing,BUILD
printable abc worksheets,320,26,0.84,no,yes,gen-letter-tracing,BUILD
printable alphabet letter a,320,19,0.86,no,yes,gen-letter-tracing,BUILD
printable alphabet letter worksheets,320,39,0.9,no,yes,gen-letter-tracing,BUILD
printable letter a worksheets,320,21,0.9,no,yes,gen-letter-tracing,BUILD
the letters of the alphabet,320,70,0.0,yes,yes,gen-letter-tracing,LATER-highKD
writing letters worksheets,320,20,0.66,no,yes,gen-letter-tracing,BUILD
a cursive handwriting,320,43,0.0,no,yes,gen-cursive-practice,LATER-highKD
alphabet cursive writing,320,51,0.41,no,yes,gen-cursive-practice,LATER-highKD
cursive drawing,320,37,0.0,no,yes,gen-cursive-practice,BUILD
cursive drawings,320,45,0.0,no,yes,gen-cursive-practice,LATER-highKD
cursive examples,320,30,0.0,no,yes,gen-cursive-practice,BUILD
cursive for,320,62,0.0,no,yes,gen-cursive-practice,LATER-highKD
cursive hand writing,320,60,0.52,no,yes,gen-cursive-practice,LATER-highKD
cursive handouts,320,31,0.44,no,yes,gen-cursive-practice,BUILD
cursive handwriting pages,320,25,0.36,no,yes,gen-cursive-practice,BUILD
cursive handwriting samples,320,25,0.49,no,yes,gen-cursive-practice,BUILD
cursive journal,320,13,0.0,no,yes,gen-cursive-practice,BUILD
cursive letter practice worksheets,320,28,0.36,no,yes,gen-cursive-practice,BUILD
cursive my name,320,45,0.05,no,yes,gen-cursive-practice,LATER-highKD
cursive name practice,320,13,0.0,no,yes,gen-cursive-name,BUILD
cursive printable,320,36,0.16,no,yes,gen-cursive-practice,BUILD
cursive sentence practice,320,22,0.69,no,yes,gen-cursive-practice,BUILD
cursive sheet z,320,18,0.0,yes,no,gen-cursive-practice,BUILD
cursive word,320,60,0.01,no,yes,gen-cursive-practice,LATER-highKD
cursive words practice,320,41,0.35,no,yes,gen-cursive-practice,LATER-highKD
cursive workbooks,320,6,0.34,no,yes,gen-cursive-practice,BUILD
cursive worksheets free,320,31,0.53,no,yes,gen-cursive-practice,BUILD
cursive writing guide,320,11,0.32,no,yes,gen-cursive-practice,BUILD
cursive writing practice pages,320,36,0.58,no,yes,gen-cursive-practice,BUILD
cursive writing words,320,54,0.09,no,yes,gen-cursive-practice,LATER-highKD
cursives,320,63,0.01,yes,yes,static-or-hub,LATER-highKD
easy cursive alphabet,320,47,0.0,no,yes,gen-cursive-practice,LATER-highKD
free printable cursive writing sheets,320,26,0.57,no,yes,gen-cursive-practice,BUILD
free printable cursive writing worksheets,320,26,0.57,no,yes,gen-cursive-practice,BUILD
handwriting cursive,320,49,0.54,no,yes,gen-cursive-practice,LATER-highKD
handwriting cursive alphabet,320,53,0.0,no,yes,gen-cursive-practice,LATER-highKD
how to make a cursive,320,39,0.63,yes,yes,SKIP-explainer,SKIP-AIO-explainer
how to make cursive writing,320,38,0.72,yes,yes,SKIP-explainer,SKIP-AIO-explainer
how to wright cursive,320,34,0.94,no,yes,SKIP-explainer,SKIP-AIO-explainer
how to write letters in cursive,320,60,0.79,no,yes,SKIP-explainer,SKIP-AIO-explainer
i write cursive,320,53,0.0,no,yes,gen-cursive-practice,LATER-highKD
learn how to write in cursive,320,26,0.37,no,yes,SKIP-explainer,SKIP-AIO-explainer
learning how to write in cursive,320,26,0.52,yes,yes,SKIP-explainer,SKIP-AIO-explainer
learning to write cursive,320,28,0.52,no,yes,gen-cursive-practice,BUILD
letter cursive,320,63,0.01,no,yes,gen-cursive-practice,LATER-highKD
letters cursive writing,320,49,0.27,no,yes,gen-cursive-practice,LATER-highKD
practice cursive sheet,320,32,0.58,no,yes,gen-cursive-practice,BUILD
practice cursive sheets,320,27,0.58,no,yes,gen-cursive-practice,BUILD
printable cursive worksheet,320,27,0.89,no,yes,gen-cursive-practice,BUILD
show me cursive letters,320,49,0.31,no,yes,gen-cursive-practice,LATER-highKD
what cursive,320,55,0.0,no,no,gen-cursive-practice,LATER-highKD
words to cursive,320,41,0.09,no,yes,gen-cursive-practice,LATER-highKD
write cursive letters,320,53,0.24,no,yes,gen-cursive-practice,LATER-highKD
write in cursive english,320,57,0.0,yes,yes,gen-cursive-practice,LATER-highKD
writing cursive worksheets,320,29,0.36,no,yes,gen-cursive-practice,BUILD
complex dot to dot,320,6,0.26,no,yes,gen-dot-to-dot,BUILD
conect the dots,320,30,0.67,yes,yes,static-or-hub,BUILD
connect dots drawing,320,14,0.0,no,yes,static-or-hub,BUILD
connect dots printable,320,16,0.88,no,yes,static-or-hub,BUILD
connect dots worksheets,320,14,1.22,no,yes,static-or-hub,BUILD
connect the dots drawing,320,19,0.0,no,yes,gen-dot-to-dot,BUILD
connect the dots for kids,320,15,0.0,no,yes,gen-dot-to-dot,BUILD
connect the dots maker,320,6,0.0,no,yes,gen-dot-to-dot,BUILD
connect the dots pictures,320,13,0.0,no,yes,gen-dot-to-dot,BUILD
connect the dots print,320,18,0.88,no,yes,gen-dot-to-dot,BUILD
connect the dots printables,320,19,0.88,no,yes,gen-dot-to-dot,BUILD
connecting drawing,320,25,0.0,no,yes,static-or-hub,BUILD
difficult connect the dots,320,12,0.26,no,yes,gen-dot-to-dot,BUILD
difficult connect the dots printables,320,9,0.0,no,yes,gen-dot-to-dot,BUILD
do a dot printables,320,11,0.0,no,yes,static-or-hub,BUILD
dot coloring,320,7,0.33,yes,yes,static-or-hub,BUILD
dot puzzle,320,25,0.95,yes,yes,static-or-hub,BUILD
dot to dot challenge,320,7,0.36,no,yes,gen-dot-to-dot,BUILD
dot to dot drawing,320,22,0.0,no,yes,gen-dot-to-dot,BUILD
dot to dot pages printable,320,12,1.32,no,yes,gen-dot-to-dot,BUILD
dot to dot pictures,320,22,0.0,no,yes,gen-dot-to-dot,BUILD
dot to dots,320,15,0.31,no,yes,gen-dot-to-dot,BUILD
easy connect the dots,320,17,0.0,no,yes,gen-dot-to-dot,BUILD
extreme dot to dots,320,10,0.33,no,yes,gen-dot-to-dot,BUILD
free connect the dots,320,22,0.64,no,yes,gen-dot-to-dot,BUILD
free connect the dots printables,320,16,1.15,no,yes,gen-dot-to-dot,BUILD
free connect the dots printables difficult,320,5,0.0,yes,no,gen-dot-to-dot,BUILD
free printable dot to dot,320,21,0.0,no,yes,gen-dot-to-dot,BUILD
free printable extreme connect the dots,320,9,0.0,no,yes,gen-dot-to-dot,BUILD
game of dots printable,320,16,0.0,no,yes,static-or-hub,BUILD
huge dot to dot,320,15,0.31,no,yes,gen-dot-to-dot,BUILD
printable dot to dot difficult,320,6,0.0,no,yes,gen-dot-to-dot,BUILD
printable dot to dot sheets,320,13,0.0,no,yes,gen-dot-to-dot,BUILD
abc handwriting sheets,260,27,0.73,no,yes,gen-letter-tracing,BUILD
alphabet and number tracing,260,34,0.87,no,yes,gen-number-tracing,BUILD
alphabet letters worksheets tracing,260,22,0.74,no,yes,gen-letter-tracing,BUILD
alphabet tracing printouts,260,17,1.0,no,no,gen-letter-tracing,BUILD
alphabet tracing worksheets for preschool,260,19,0.94,no,yes,gen-letter-tracing,BUILD
blank name tracing worksheets,260,25,0.0,no,yes,gen-name-tracing,BUILD
blank penmanship worksheets,260,20,0.8,no,yes,static-or-hub,BUILD
canva handwritten note,260,55,0.0,no,no,static-or-hub,LATER-highKD
cursive paper,260,25,0.0,no,yes,gen-cursive-practice,BUILD
cursive writing sheets to print,260,24,0.79,no,yes,gen-cursive-practice,BUILD
custom tracing worksheets,260,30,0.37,no,yes,static-or-hub,BUILD
editable name trace,260,22,0.13,no,yes,gen-name-tracing,BUILD
free editable cursive name tracing sheets,260,12,0.86,no,yes,gen-cursive-name,BUILD
free handwriting paper to print,260,22,0.19,no,yes,gen-name-tracing,BUILD
free name printables,260,21,0.31,no,yes,gen-name-tracing,BUILD
free number tracing sheets,260,21,0.86,no,yes,gen-number-tracing,BUILD
free preschool tracing sheets,260,21,0.9,no,yes,static-or-hub,BUILD
free printable abc tracing sheets,260,16,0.73,no,yes,gen-letter-tracing,BUILD
free printable handwriting practice worksheets,260,29,0.81,no,yes,gen-name-tracing,BUILD
free printable preschool tracing worksheets,260,27,0.87,no,yes,static-or-hub,BUILD
free traceable letters,260,20,0.62,no,yes,gen-letter-tracing,BUILD
free tracing name worksheets,260,24,0.36,no,yes,gen-name-tracing,BUILD
handwriting blank sheets,260,11,0.64,no,yes,gen-name-tracing,BUILD
handwriting exercises pdf,260,34,0.67,no,yes,gen-name-tracing,BUILD
handwriting on lines,260,21,0.15,no,yes,gen-prewriting-lines,BUILD
handwriting paper pdf,260,27,0.0,no,yes,gen-name-tracing,BUILD
handwriting practice booklet,260,41,0.37,no,yes,gen-name-tracing,LATER-highKD
handwriting printable,260,30,0.45,no,yes,gen-name-tracing,BUILD
handwriting tracing worksheets,260,34,0.78,no,yes,gen-name-tracing,BUILD
kids tracing worksheets,260,19,0.0,no,yes,static-or-hub,BUILD
kindergarten number tracing worksheets,260,16,0.67,no,yes,gen-number-tracing,BUILD
letter a trace sheet,260,20,0.82,no,yes,gen-letter-tracing,BUILD
letter a traceable worksheets,260,18,0.82,no,yes,gen-letter-tracing,BUILD
letter a worksheets tracing,260,21,0.74,no,yes,gen-letter-tracing,BUILD
letter b tracing worksheets,260,19,0.81,no,yes,gen-letter-tracing,BUILD
letter d tracing worksheets,260,7,0.0,no,yes,gen-letter-tracing,BUILD
letter e tracing worksheets,260,14,1.0,no,yes,gen-letter-tracing,BUILD
letter f tracing sheet,260,12,0.0,no,yes,gen-letter-tracing,BUILD
letter f tracing worksheets,260,13,0.0,no,yes,gen-letter-tracing,BUILD
letter formation practice sheets,260,17,0.48,no,yes,gen-letter-tracing,BUILD
letter g tracing worksheets,260,8,0.0,no,yes,gen-letter-tracing,BUILD
letter i trace worksheet,260,15,0.82,no,yes,gen-letter-tracing,BUILD
letter s tracing worksheets,260,7,1.03,no,yes,gen-letter-tracing,BUILD
letter tracing a,260,19,1.23,no,yes,gen-letter-tracing,BUILD
letter tracing printable,260,16,0.86,no,yes,gen-letter-tracing,BUILD
letter tracing worksheets for preschool,260,17,0.94,no,yes,gen-letter-tracing,BUILD
letters for tracing,260,24,0.75,no,yes,gen-letter-tracing,BUILD
lower case letter tracing,260,11,0.51,no,yes,gen-letter-tracing,BUILD
make tracing sheets,260,35,0.59,no,yes,static-or-hub,BUILD
name practice pages,260,25,0.23,no,yes,gen-name-tracing,BUILD
name practice sheets free,260,25,0.29,no,yes,gen-name-tracing,BUILD
name practice tracing,260,21,0.41,no,yes,gen-name-tracing,BUILD
name traces,260,23,0.32,yes,yes,gen-name-tracing,BUILD
name tracing pages,260,25,0.29,no,yes,gen-name-tracing,BUILD
name tracing printables,260,15,0.34,no,yes,gen-name-tracing,BUILD
name tracing sheet,260,14,0.73,no,yes,gen-name-tracing,BUILD
name tracing worksheet creator,260,23,0.19,no,yes,gen-name-tracing,BUILD
name worksheet maker,260,13,0.18,no,yes,static-or-hub,BUILD
name writing practice sheets free,260,17,0.27,no,yes,gen-name-tracing,BUILD
number 1 tracing worksheet,260,7,0.98,no,yes,gen-number-tracing,BUILD
number 2 tracing worksheets,260,15,0.0,no,yes,gen-number-tracing,BUILD
number tracing worksheets 1 10,260,23,0.33,no,yes,gen-number-tracing,BUILD
numbers 1 10 tracing worksheets,260,14,0.0,no,yes,gen-number-tracing,BUILD
numbers tracing sheets preschool,260,15,1.06,no,no,gen-number-tracing,BUILD
practice name writing,260,26,0.25,no,yes,gen-name-tracing,BUILD
practice writing worksheets,260,45,0.73,no,yes,static-or-hub,LATER-highKD
preschool handwriting practice,260,23,0.76,no,yes,gen-name-tracing,BUILD
preschool traceable letters,260,15,0.68,no,yes,gen-letter-tracing,BUILD
preschool tracing,260,21,0.94,no,yes,static-or-hub,BUILD
preschool writing sheets,260,33,0.77,no,yes,static-or-hub,BUILD
printable alphabet letters tracing,260,17,0.9,no,yes,gen-letter-tracing,BUILD
printable names tracing,260,31,0.34,no,yes,gen-name-tracing,BUILD
printable penmanship worksheets,260,39,0.87,no,yes,static-or-hub,BUILD
printable tracing alphabet,260,26,0.86,no,yes,gen-letter-tracing,BUILD
printable writing practice sheets,260,31,0.87,no,yes,static-or-hub,BUILD
printing practice worksheets free,260,33,1.06,no,yes,static-or-hub,BUILD
sight word tracing worksheets,260,13,1.05,no,yes,gen-word-tracing,BUILD
trace alphabet worksheets,260,25,0.74,no,yes,gen-letter-tracing,BUILD
trace letter sheets,260,16,0.82,no,yes,gen-letter-tracing,BUILD
trace letters and numbers,260,22,0.87,no,yes,gen-number-tracing,BUILD
trace names printable,260,13,0.33,no,no,gen-name-tracing,BUILD
trace the alphabet worksheet,260,18,0.74,no,yes,gen-letter-tracing,BUILD
trace the letter a worksheet,260,21,0.89,no,yes,gen-letter-tracing,BUILD
trace the letters worksheet,260,25,0.89,no,yes,gen-letter-tracing,BUILD
trace the lines,260,12,0.52,no,yes,gen-prewriting-lines,BUILD
trace worksheet,260,37,1.05,no,yes,static-or-hub,BUILD
traceable letter worksheets,260,16,0.89,no,yes,gen-letter-tracing,BUILD
traceable letters and numbers,260,19,0.69,no,yes,gen-number-tracing,BUILD
traceable name template,260,26,0.28,no,yes,gen-name-tracing,BUILD
traceables,260,26,4.73,no,yes,static-or-hub,BUILD
tracing abc worksheets,260,31,0.74,no,yes,gen-letter-tracing,BUILD
tracing abcs,260,24,1.1,no,yes,gen-letter-tracing,BUILD
tracing activities,260,17,0.82,no,yes,static-or-hub,BUILD
tracing alphabet worksheets a to z,260,27,1.09,no,yes,gen-letter-tracing,BUILD
tracing alphabet worksheets for preschoolers,260,18,0.94,no,yes,gen-letter-tracing,BUILD
tracing alphabets,260,20,0.78,no,yes,static-or-hub,BUILD
tracing coloring pages,260,19,0.77,no,yes,static-or-hub,BUILD
tracing letter a worksheet,260,21,0.82,no,yes,gen-letter-tracing,BUILD
tracing letters free worksheets,260,15,0.91,no,yes,gen-letter-tracing,BUILD
tracing letters of the alphabet worksheets,260,22,0.74,no,yes,gen-letter-tracing,BUILD
tracing name maker,260,22,0.24,no,no,gen-name-tracing,BUILD
tracing name template,260,34,0.43,no,yes,gen-name-tracing,BUILD
tracing name worksheet generator,260,15,0.19,no,yes,gen-name-tracing,BUILD
tracing sentences,260,19,0.45,no,yes,static-or-hub,BUILD
tracing sheet generator,260,32,0.55,no,yes,static-or-hub,BUILD
tracing sheets printable,260,27,0.99,no,yes,static-or-hub,BUILD
tracing the alphabet for preschoolers,260,20,0.95,no,yes,gen-letter-tracing,BUILD
tracing worksheet creator,260,35,0.37,no,yes,static-or-hub,BUILD
tracing worksheet maker,260,36,0.37,no,yes,static-or-hub,BUILD
tracing worksheets printable,260,23,0.99,no,yes,static-or-hub,BUILD
tracing writing worksheets,260,32,0.72,no,yes,static-or-hub,BUILD
worksheet prints,260,57,0.85,no,yes,static-or-hub,LATER-highKD
writing sheets printable,260,34,0.67,no,yes,static-or-hub,BUILD
writing worksheets pdf free download,260,32,0.0,no,yes,static-or-hub,BUILD
abc mouse for free,260,37,1.42,yes,no,gen-letter-tracing,BUILD
abc worksheets for preschoolers,260,22,0.88,no,yes,gen-letter-tracing,BUILD
abcmouse.com coloring pages,260,21,0.0,no,no,static-or-hub,BUILD
activities for kindergartners,260,20,0.68,yes,yes,static-or-hub,BUILD
autumn worksheets for preschool,260,11,0.0,no,yes,static-or-hub,BUILD
christmas worksheets for preschoolers,260,16,0.0,no,yes,static-or-hub,BUILD
christmas worksheets preschool,260,14,0.0,no,yes,static-or-hub,BUILD
circle worksheet preschool,260,9,0.0,no,yes,static-or-hub,BUILD
color worksheets preschool,260,25,0.98,no,yes,static-or-hub,BUILD
counting worksheets preschool,260,22,0.74,no,yes,gen-number-tracing,BUILD
cutting worksheets for preschool,260,15,0.58,no,yes,static-or-hub,BUILD
cutting worksheets preschool,260,14,0.58,no,yes,static-or-hub,BUILD
dinosaur worksheets preschool,260,15,0.45,no,yes,static-or-hub,BUILD
easy worksheets,260,47,0.81,no,yes,static-or-hub,LATER-highKD
free kindergarten printable worksheets,260,51,0.99,no,yes,static-or-hub,LATER-highKD
free kindergarten workbooks,260,18,0.87,no,yes,static-or-hub,BUILD
free math worksheet for preschool,260,27,0.58,no,no,static-or-hub,BUILD
free preschool activities printables,260,36,0.94,no,yes,static-or-hub,BUILD
free preschool homeschool curriculum,260,13,1.68,yes,no,static-or-hub,BUILD
free preschool worksheets age 2-3,260,38,0.79,no,no,gen-number-tracing,BUILD
free preschool worksheets age 4 5,260,36,0.98,no,yes,static-or-hub,BUILD
free printable pre kindergarten worksheets,260,50,0.92,no,yes,static-or-hub,LATER-highKD
free printable toddler worksheets,260,50,0.0,no,yes,static-or-hub,LATER-highKD
free teaching worksheets,260,48,0.75,no,yes,static-or-hub,LATER-highKD
free worksheets for kindergarteners,260,48,0.94,no,yes,static-or-hub,LATER-highKD
fun preschool worksheets,260,41,1.22,no,yes,static-or-hub,LATER-highKD
h preschool worksheet,260,4,0.78,no,yes,static-or-hub,BUILD
homeschool free printables,260,29,1.42,no,no,static-or-hub,BUILD
homeschool printables free,260,24,1.42,no,yes,static-or-hub,BUILD
k 12 free printable worksheets,260,45,0.96,no,yes,static-or-hub,LATER-highKD
k-12 learning worksheets,260,59,1.18,no,no,static-or-hub,LATER-highKD
kindergarten fun pages,260,56,0.74,no,yes,static-or-hub,LATER-highKD
kindergarten numbers worksheets,260,15,0.8,no,yes,gen-number-tracing,BUILD
kindergarten printables worksheets,260,48,1.07,no,yes,static-or-hub,LATER-highKD
kindergarten reading worksheets pdf free download,260,23,1.43,no,yes,static-or-hub,BUILD
kindergarten worksheets english,260,30,0.89,no,yes,static-or-hub,BUILD
learning pages for kindergarten,260,53,1.13,no,yes,static-or-hub,LATER-highKD
learning worksheets,260,64,1.24,no,yes,static-or-hub,LATER-highKD
learning worksheets for 3 year olds,260,39,1.3,no,yes,static-or-hub,BUILD
letter a preschool worksheets,260,13,0.81,no,yes,gen-letter-tracing,BUILD
letter a worksheet preschool,260,19,1.01,no,yes,gen-letter-tracing,BUILD
letter c worksheets preschool,260,19,1.07,no,yes,gen-letter-tracing,BUILD
letter e preschool worksheet,260,12,0.74,no,yes,gen-letter-tracing,BUILD
letter h preschool worksheets,260,10,0.0,no,yes,gen-letter-tracing,BUILD
letter h worksheets preschool,260,8,0.78,no,yes,gen-letter-tracing,BUILD
letter j worksheets for preschoolers,260,18,0.86,no,yes,gen-letter-tracing,BUILD
letter j worksheets preschool,260,14,0.86,no,yes,gen-letter-tracing,BUILD
letter k worksheets for preschool,260,7,0.76,no,yes,gen-letter-tracing,BUILD
letter l worksheets for preschool,260,14,0.87,no,yes,gen-letter-tracing,BUILD
letter l worksheets for preschoolers,260,10,0.78,no,yes,gen-letter-tracing,BUILD
letter m worksheets for preschool,260,14,0.74,no,yes,gen-letter-tracing,BUILD
letter m worksheets for preschoolers,260,13,0.75,no,yes,gen-letter-tracing,BUILD
letter q worksheets for preschoolers,260,11,0.85,no,yes,gen-letter-tracing,BUILD
letter s worksheet preschool,260,21,1.01,no,yes,gen-letter-tracing,BUILD
letter s worksheets for preschool,260,18,0.95,no,yes,gen-letter-tracing,BUILD
letter u preschool worksheets,260,9,0.42,no,yes,gen-letter-tracing,BUILD
letter w worksheets for preschool,260,13,1.24,no,yes,gen-letter-tracing,BUILD
letter z worksheets for preschool,260,13,0.79,no,yes,gen-letter-tracing,BUILD
math preschool worksheets,260,21,0.8,no,yes,static-or-hub,BUILD
math worksheet for preschool,260,24,0.8,no,yes,static-or-hub,BUILD
math worksheets for pre k,260,28,0.7,no,yes,static-or-hub,BUILD
number 2 worksheet for preschool,260,18,0.0,no,yes,gen-number-tracing,BUILD
number 2 worksheets for preschool,260,18,0.77,no,yes,gen-number-tracing,BUILD
number 3 worksheet preschool,260,11,0.0,no,yes,gen-number-tracing,BUILD
number 3 worksheets for preschool,260,13,0.0,no,yes,gen-number-tracing,BUILD
number 4 worksheets for preschool,260,11,0.0,no,yes,gen-number-tracing,BUILD
number 9 worksheets for preschool,260,14,0.0,no,yes,gen-number-tracing,BUILD
number worksheet for preschool,260,20,0.9,no,yes,gen-number-tracing,BUILD
numbers 1 10 preschool worksheet,260,22,0.89,no,yes,gen-number-tracing,BUILD
numbers 1 10 worksheets for preschoolers,260,26,0.89,no,yes,gen-number-tracing,BUILD
patterns worksheet for preschool,260,16,0.64,no,yes,static-or-hub,BUILD
pre k 4 worksheets,260,53,0.88,no,yes,static-or-hub,LATER-highKD
pre k abc worksheets,260,35,0.83,no,yes,gen-letter-tracing,BUILD
pre k activities worksheets,260,51,0.86,no,yes,static-or-hub,LATER-highKD
pre k number worksheets,260,25,0.96,no,yes,gen-number-tracing,BUILD
pre k reading worksheets,260,14,1.1,no,yes,static-or-hub,BUILD
pre kindergarten letter worksheets,260,27,0.78,no,yes,gen-letter-tracing,BUILD
prek homework,260,45,1.17,no,yes,static-or-hub,LATER-highKD
prek pages,260,47,1.84,no,no,static-or-hub,LATER-highKD
prek printable worksheets,260,42,1.19,no,yes,static-or-hub,LATER-highKD
prek worksheet,260,48,0.86,no,yes,static-or-hub,LATER-highKD
preschool activity pages,260,42,1.11,no,yes,static-or-hub,LATER-highKD
preschool educational printables,260,42,1.11,no,yes,static-or-hub,LATER-highKD
preschool fall worksheets,260,10,0.0,no,yes,static-or-hub,BUILD
preschool free printable,260,37,0.94,no,yes,static-or-hub,BUILD
preschool homework sheets,260,49,0.8,no,yes,static-or-hub,LATER-highKD
preschool letter a worksheet,260,21,1.01,no,yes,gen-letter-tracing,BUILD
preschool number 7 worksheets,260,20,0.0,no,yes,gen-number-tracing,BUILD
preschool reading worksheets,260,16,1.18,no,yes,static-or-hub,BUILD
preschool sight words worksheets,260,22,1.03,no,yes,static-or-hub,BUILD
preschool spring worksheets,260,13,0.78,no,yes,static-or-hub,BUILD
preschool websites,260,66,2.53,no,yes,static-or-hub,LATER-highKD
preschool worksheets and activities,260,39,1.11,no,yes,static-or-hub,BUILD
preschool worksheets fall,260,3,0.0,no,yes,static-or-hub,BUILD
preschool worksheets letter c,260,14,1.07,no,yes,gen-letter-tracing,BUILD
preschool worksheets shapes,260,25,0.73,no,yes,gen-prewriting-lines,BUILD
print preschool worksheets,260,44,1.17,no,yes,static-or-hub,LATER-highKD
printable pages for preschoolers,260,44,0.96,no,yes,static-or-hub,LATER-highKD
printable preschool activities,260,37,0.94,no,yes,static-or-hub,BUILD
printable preschool worksheets free,260,36,1.01,no,yes,static-or-hub,BUILD
printable work sheets,260,61,1.08,no,yes,static-or-hub,LATER-highKD
printable worksheet kindergarten,260,42,0.94,no,yes,static-or-hub,LATER-highKD
printables scholastic,260,39,1.27,no,no,static-or-hub,BUILD
summer worksheets for preschool,260,7,0.84,no,yes,static-or-hub,BUILD
superstar worksheets free,260,17,1.23,no,yes,static-or-hub,BUILD
teachers pay teachers free printables,260,42,0.42,no,no,static-or-hub,LATER-highKD
thanksgiving worksheets for preschool,260,17,0.0,no,yes,static-or-hub,BUILD
tpt free worksheets,260,34,0.35,no,yes,static-or-hub,BUILD
triangle worksheet preschool,260,6,0.0,no,yes,static-or-hub,BUILD
triangle worksheets for preschoolers,260,5,0.0,yes,yes,static-or-hub,BUILD
triangle worksheets preschool,260,4,0.0,no,yes,static-or-hub,BUILD
valentine's day worksheets for preschoolers,260,11,0.0,no,yes,static-or-hub,BUILD
weather worksheets for preschool,260,17,0.47,no,yes,static-or-hub,BUILD
worksheet preschool,260,42,0.92,no,yes,static-or-hub,LATER-highKD
worksheet preschool letter,260,28,1.01,no,yes,gen-letter-tracing,BUILD
worksheet works for preschool,260,34,0.89,no,no,static-or-hub,BUILD
worksheet worksheet,260,66,1.0,no,yes,static-or-hub,LATER-highKD
worksheetfun preschool,260,10,1.22,no,yes,static-or-hub,BUILD
worksheets for kindergarten free,260,50,0.87,no,yes,static-or-hub,LATER-highKD
worksheets for kindergarteners,260,50,0.91,no,yes,static-or-hub,LATER-highKD
abc alphabet printable,260,33,0.85,no,yes,gen-letter-tracing,BUILD
abc printable worksheets,260,35,0.84,no,yes,gen-letter-tracing,BUILD
abc sheets to print,260,30,1.02,no,yes,gen-letter-tracing,BUILD
abc worksheets pdf,260,32,0.72,no,yes,gen-letter-tracing,BUILD
alphabet activities,260,15,0.35,yes,yes,gen-letter-tracing,BUILD
alphabet for kindergarten,260,51,2.12,no,yes,gen-letter-tracing,LATER-highKD
alphabet learning sheets,260,25,1.14,no,yes,gen-letter-tracing,BUILD
alphabet letter find,260,29,0.55,no,yes,gen-letter-tracing,BUILD
alphabet letters az,260,32,0.0,yes,yes,gen-letter-tracing,BUILD
alphabet letters for kindergarten,260,33,1.73,no,yes,gen-letter-tracing,BUILD
alphabet letters printable pdf,260,25,0.71,no,yes,gen-letter-tracing,BUILD
alphabet pdf,260,11,2.48,no,yes,gen-letter-tracing,BUILD
alphabet practice,260,25,1.03,no,yes,gen-letter-tracing,BUILD
alphabet practice sheets pdf,260,29,0.72,no,yes,gen-letter-tracing,BUILD
alphabet sheets printable,260,26,0.86,no,yes,gen-letter-tracing,BUILD
alphabet writing practice worksheet,260,32,0.67,no,yes,gen-letter-tracing,BUILD
find the letter a worksheets,260,23,0.81,no,yes,gen-letter-tracing,BUILD
free abc printables,260,26,0.84,no,yes,gen-letter-tracing,BUILD
free letter printables,260,28,0.72,no,yes,gen-letter-tracing,BUILD
free printable a worksheets,260,20,1.09,no,yes,static-or-hub,BUILD
free printable cursive alphabet worksheets,260,35,0.0,no,yes,gen-cursive-practice,BUILD
free printable letter,260,29,0.72,no,yes,gen-letter-tracing,BUILD
free printable letter worksheets,260,32,0.96,no,yes,gen-letter-tracing,BUILD
free printable templates for alphabet letters,260,23,0.77,no,no,gen-letter-tracing,BUILD
fun letter,260,16,0.0,yes,yes,gen-letter-tracing,BUILD
kindergarten abc,260,61,2.4,no,yes,gen-letter-tracing,LATER-highKD
kindergarten letters,260,29,1.36,yes,yes,gen-letter-tracing,BUILD
korean alphabet worksheet,260,18,1.51,no,yes,gen-letter-tracing,BUILD
learn to write letters,260,32,0.87,yes,yes,gen-letter-tracing,BUILD
learning to write letters,260,32,0.86,yes,no,gen-letter-tracing,BUILD
learning to write the letters of the alphabet,260,25,0.87,yes,no,gen-letter-tracing,BUILD
letter a practice sheets,260,26,0.79,no,yes,gen-letter-tracing,BUILD
letter a printing sheet,260,25,0.9,no,yes,gen-letter-tracing,BUILD
letter a to print,260,25,2.28,no,yes,gen-letter-tracing,BUILD
letter a worksheets for kindergarten,260,23,1.09,no,yes,gen-letter-tracing,BUILD
letter a worksheets free printables,260,23,0.71,no,yes,gen-letter-tracing,BUILD
letter learning sheets,260,35,1.14,no,yes,gen-letter-tracing,BUILD
letter practice pages,260,28,0.79,no,yes,gen-letter-tracing,BUILD
letter s practice worksheets,260,5,0.9,no,yes,gen-letter-tracing,BUILD
letter s writing worksheet,260,14,0.89,no,yes,gen-letter-tracing,BUILD
letter writing practice,260,22,0.7,no,yes,gen-letter-tracing,BUILD
missing alphabet worksheet,260,13,0.36,no,yes,gen-letter-tracing,BUILD
practice letter writing,260,34,0.75,no,yes,gen-letter-tracing,BUILD
practice writing abc worksheets,260,33,0.76,no,yes,gen-letter-tracing,BUILD
practice writing letters of the alphabet,260,31,0.75,no,yes,gen-letter-tracing,BUILD
printable alphabets,260,31,1.07,no,yes,static-or-hub,BUILD
printable letter a template,260,20,0.62,no,yes,gen-letter-tracing,BUILD
printing letters worksheets,260,30,0.82,no,yes,gen-letter-tracing,BUILD
template letters alphabet free printable,260,33,0.9,no,no,gen-letter-tracing,BUILD
worksheets for letter a,260,22,1.09,no,yes,gen-letter-tracing,BUILD
worksheets for the letter a,260,16,0.88,no,yes,gen-letter-tracing,BUILD
5 cursive,260,57,0.0,no,yes,gen-cursive-practice,LATER-highKD
calligraphy cursive writing,260,32,0.0,no,yes,gen-cursive-practice,BUILD
capital cursive worksheets,260,19,0.0,no,yes,gen-cursive-practice,BUILD
cursive a worksheet,260,32,0.44,no,yes,gen-cursive-practice,BUILD
cursive alphabe,260,51,0.46,yes,yes,gen-cursive-practice,LATER-highKD
cursive alphabet letters printable,260,17,0.62,no,yes,gen-cursive-practice,BUILD
cursive alphabet pdf,260,23,0.52,no,yes,gen-cursive-practice,BUILD
cursive alphbet,260,49,0.46,yes,yes,gen-cursive-practice,LATER-highKD
cursive handwriting alphabet,260,59,0.0,no,yes,gen-cursive-practice,LATER-highKD
cursive handwriting free printables,260,26,0.4,no,yes,gen-cursive-practice,BUILD
cursive handwriting maker,260,50,0.13,yes,yes,gen-cursive-practice,LATER-highKD
cursive handwriting practice sheets printable,260,21,0.73,no,yes,gen-cursive-practice,BUILD
cursive handwriting worksheet,260,27,0.44,no,yes,gen-cursive-practice,BUILD
cursive handwriting worksheet generator,260,23,1.28,no,yes,gen-cursive-practice,BUILD
cursive handwriting worksheets for adults,260,18,0.23,no,yes,gen-cursive-practice,BUILD
cursive in cursive,260,60,0.01,no,yes,gen-cursive-practice,LATER-highKD
cursive letter practice,260,41,0.31,no,yes,gen-cursive-practice,LATER-highKD
cursive letters practice,260,24,0.31,no,yes,gen-cursive-practice,BUILD
cursive letters practice sheets,260,12,0.58,no,yes,gen-cursive-practice,BUILD
cursive letters printable sheet,260,16,0.79,no,yes,gen-cursive-practice,BUILD
cursive letters worksheets,260,29,0.36,no,yes,gen-cursive-practice,BUILD
cursive name writing generator,260,33,0.61,no,no,gen-cursive-name,BUILD
cursive notebook,260,12,0.24,no,yes,gen-cursive-practice,BUILD
cursive practice generator,260,26,0.0,no,no,gen-cursive-practice,BUILD
cursive practice printables free,260,30,0.38,no,no,gen-cursive-practice,BUILD
cursive practice sheets adults,260,22,0.4,no,yes,gen-cursive-practice,BUILD
cursive practice sheets free printable,260,27,0.7,no,yes,gen-cursive-practice,BUILD
cursive practice sheets pdf,260,2,0.59,no,yes,gen-cursive-practice,BUILD
cursive practice worksheets for adults,260,28,0.4,no,yes,gen-cursive-practice,BUILD
cursive printouts,260,21,0.7,no,yes,gen-cursive-practice,BUILD
cursive reading,260,24,0.0,yes,yes,gen-cursive-practice,BUILD
cursive s worksheet,260,13,0.0,no,yes,gen-cursive-practice,BUILD
cursive sheet k,260,18,0.0,no,yes,gen-cursive-practice,BUILD
cursive sheet practice,260,18,0.58,no,yes,gen-cursive-practice,BUILD
cursive simulator,260,48,0.05,no,no,gen-cursive-practice,LATER-highKD
cursive spelling,260,57,0.0,yes,yes,gen-cursive-practice,LATER-highKD
cursive worksheet maker,260,32,1.28,no,no,gen-cursive-practice,BUILD
cursive writing chart,260,18,0.0,no,yes,gen-cursive-practice,BUILD
cursive writing practice booklet,260,0,0.29,no,yes,gen-cursive-practice,BUILD
cursive writing practice worksheets printable,260,24,0.53,no,yes,gen-cursive-practice,BUILD
cursive writing template,260,21,0.48,no,yes,gen-cursive-practice,BUILD
cutsive,260,62,0.01,no,yes,static-or-hub,LATER-highKD
easy cursive,260,39,0.0,no,yes,gen-cursive-practice,BUILD
easy cursive letters,260,44,0.0,no,yes,gen-cursive-practice,LATER-highKD
english cursive handwriting copybook,260,6,0.0,no,yes,gen-cursive-practice,BUILD
english handwriting,260,25,0.0,no,yes,gen-name-tracing,BUILD
free cursive pages,260,29,0.48,no,yes,gen-cursive-practice,BUILD
free cursive penmanship worksheets,260,30,0.38,no,no,gen-cursive-practice,BUILD
free cursive worksheets printable,260,28,0.57,no,yes,gen-cursive-practice,BUILD
free cursive writing worksheets printable,260,26,0.7,no,yes,gen-cursive-practice,BUILD
free in cursive,260,50,0.0,no,yes,gen-cursive-practice,LATER-highKD
free printable cursive alphabet,260,35,0.6,no,yes,gen-cursive-practice,BUILD
free printable cursive sheets,260,29,0.7,no,yes,gen-cursive-practice,BUILD
fun cursive,260,34,0.0,no,yes,gen-cursive-practice,BUILD
guide to cursive handwriting,260,31,0.32,yes,no,gen-cursive-practice,BUILD
handwriting in cursive,260,61,0.42,no,yes,gen-cursive-practice,LATER-highKD
how do you write my name in cursive,260,23,0.23,yes,no,gen-cursive-name,BUILD
how to write a name in cursive,260,32,0.0,yes,yes,SKIP-explainer,SKIP-AIO-explainer
how to write name in cursive,260,23,0.0,no,yes,SKIP-explainer,SKIP-AIO-explainer
hunt in cursive,260,5,0.0,no,yes,gen-cursive-practice,BUILD
learning cursive worksheets,260,22,0.56,no,yes,gen-cursive-practice,BUILD
learning how to write cursive,260,24,0.52,no,yes,SKIP-explainer,SKIP-AIO-explainer
learning to write in cursive,260,24,0.52,no,yes,gen-cursive-practice,BUILD
my name is cursive,260,40,0.09,no,yes,gen-cursive-practice,BUILD
paragraph cursive,260,19,0.0,no,yes,gen-cursive-practice,BUILD
practice cursive sentences,260,21,0.44,yes,yes,gen-cursive-practice,BUILD
printable cursive writing sheets,260,25,0.79,no,yes,gen-cursive-practice,BUILD
printable worksheets for cursive writing,260,23,0.0,no,yes,gen-cursive-practice,BUILD
russian cursive worksheet,260,26,0.0,no,yes,gen-cursive-practice,BUILD
trace cursive letters,260,28,0.65,no,yes,gen-cursive-practice,BUILD
adult connect the dots,260,20,0.36,no,yes,gen-dot-to-dot,BUILD
basic dot to dot,260,12,0.0,no,yes,gen-dot-to-dot,BUILD
childrens dot to dot,260,18,0.53,no,yes,gen-dot-to-dot,BUILD
complicated connect the dots,260,10,0.67,no,yes,gen-dot-to-dot,BUILD
complicated dot to dot,260,17,0.67,no,yes,gen-dot-to-dot,BUILD
complicated dot to dot printables,260,3,0.0,no,yes,gen-dot-to-dot,BUILD
connect the dot worksheets,260,14,1.22,no,yes,static-or-hub,BUILD
connect the dots adults printable,260,12,0.0,no,yes,gen-dot-to-dot,BUILD
connect the dots for adults printables,260,11,0.0,no,yes,gen-dot-to-dot,BUILD
connect the dots worksheet,260,11,0.66,no,yes,gen-dot-to-dot,BUILD
difficult dot to dot free printables,260,7,0.0,no,yes,gen-dot-to-dot,BUILD
do a dot activity pages,260,7,0.0,no,no,static-or-hub,BUILD
do a dot worksheets,260,4,0.0,no,yes,static-or-hub,BUILD
dot art free printables,260,11,0.0,no,yes,static-or-hub,BUILD
dot art printables free,260,1,0.67,no,yes,static-or-hub,BUILD
dot dot printables free,260,13,1.39,no,yes,static-or-hub,BUILD
dot printables,260,3,5.85,no,yes,static-or-hub,BUILD
dot to dot 1 100 printable,260,12,0.0,no,no,gen-dot-to-dot,BUILD
dot to dot coloring sheets,260,10,0.69,no,yes,gen-dot-to-dot,BUILD
dot to dot difficult free printable,260,5,0.0,no,yes,gen-dot-to-dot,BUILD
dot to dot extreme,260,9,0.2,no,yes,gen-dot-to-dot,BUILD
dot to dot free printables pdf,260,17,1.16,yes,yes,gen-dot-to-dot,BUILD
dot to dot printables for adults,260,8,0.0,no,yes,gen-dot-to-dot,BUILD
dot to dots printable,260,25,1.22,no,yes,gen-dot-to-dot,BUILD
dot worksheets,260,11,1.14,no,yes,static-or-hub,BUILD
dot-to-dot,260,9,0.31,no,no,gen-dot-to-dot,BUILD
dots game printable,260,15,0.0,no,yes,static-or-hub,BUILD
draw by dots,260,14,0.0,yes,yes,static-or-hub,BUILD
easy dot to dot,260,10,0.0,no,yes,gen-dot-to-dot,BUILD
extreme dot to dot printable,260,6,0.0,no,yes,gen-dot-to-dot,BUILD
free challenging dot to dot printables,260,18,0.0,no,no,gen-dot-to-dot,BUILD
free dot to dot,260,18,0.64,no,yes,gen-dot-to-dot,BUILD
free dot to dot printables 1-1000 pdf,260,18,0.0,no,no,gen-dot-to-dot,BUILD
hard connect the dots free printable,260,5,0.0,no,yes,gen-dot-to-dot,BUILD
join the dots coloring pages,260,19,1.2,no,yes,static-or-hub,BUILD
printable connect the dots,260,16,0.0,no,yes,gen-dot-to-dot,BUILD
printable connect the dots hard,260,13,0.0,no,yes,gen-dot-to-dot,BUILD
printable dot to dots,260,14,1.32,no,yes,gen-dot-to-dot,BUILD
printable dot to dots hard,260,14,0.0,no,yes,gen-dot-to-dot,BUILD
simple connect the dots,260,19,0.0,no,yes,gen-dot-to-dot,BUILD
simple dot to dot,260,10,0.0,no,yes,gen-dot-to-dot,BUILD
a tracing sheet,210,17,1.27,no,yes,static-or-hub,BUILD
abc tracing worksheet,210,13,0.96,no,yes,gen-letter-tracing,BUILD
alphabet tracing worksheets for preschoolers,210,18,0.79,no,yes,gen-letter-tracing,BUILD
blank handwriting practice pages,210,17,0.8,no,yes,gen-name-tracing,BUILD
blank handwriting sheets,210,33,0.8,no,yes,gen-name-tracing,BUILD
blank handwriting worksheets,210,17,0.93,no,yes,gen-name-tracing,BUILD
c letter tracing,210,15,1.25,no,yes,gen-letter-tracing,BUILD
create printable,210,30,2.22,no,yes,static-or-hub,BUILD
custom name tracing worksheets,210,13,0.25,no,yes,gen-name-tracing,BUILD
dot to dot name tracing,210,22,0.18,no,yes,gen-name-tracing,BUILD
editable name tracing worksheets,210,24,0.25,no,yes,gen-name-tracing,BUILD
free handwriting practice sheets for kids,210,25,0.0,no,yes,gen-name-tracing,BUILD
free letter tracing,210,11,0.62,no,yes,gen-letter-tracing,BUILD
free letter tracing pages,210,22,0.85,no,yes,gen-letter-tracing,BUILD
free name practice worksheets,210,24,0.26,no,yes,gen-name-tracing,BUILD
free name writing practice,210,30,0.19,no,yes,gen-name-tracing,BUILD
free name writing practice sheets,210,28,0.25,no,yes,gen-name-tracing,BUILD
free printable name tracing worksheets,210,23,0.22,no,yes,gen-name-tracing,BUILD
free printable traceable alphabet letters,210,28,0.8,no,yes,gen-letter-tracing,BUILD
free printable worksheets handwriting,210,29,0.78,no,no,gen-name-tracing,BUILD
free printable writing worksheets,210,30,1.17,no,yes,static-or-hub,BUILD
free shape tracing worksheets,210,15,0.63,no,yes,gen-prewriting-lines,BUILD
free traceable alphabet letters,210,23,0.87,no,yes,gen-letter-tracing,BUILD
free traceable names,210,15,0.38,no,no,gen-name-tracing,BUILD
free tracing letters,210,22,0.84,no,yes,gen-letter-tracing,BUILD
free writing worksheets,210,32,0.7,no,yes,static-or-hub,BUILD
handwriting creator,210,37,1.04,yes,no,gen-name-tracing,BUILD
handwriting page,210,33,0.29,no,yes,gen-name-tracing,BUILD
handwriting pages free printable,210,29,0.69,no,yes,gen-name-tracing,BUILD
handwriting paper printable pdf,210,28,0.0,no,yes,gen-name-tracing,BUILD
handwriting practice pages free,210,32,0.74,no,yes,gen-name-tracing,BUILD
handwriting practice printable,210,30,0.52,no,yes,gen-name-tracing,BUILD
handwriting practice sheet generator,210,27,0.8,no,yes,gen-name-tracing,BUILD
handwriting practice worksheets for adults,210,12,0.51,no,yes,gen-name-tracing,BUILD
handwriting practice worksheets printable,210,31,0.69,no,yes,gen-name-tracing,BUILD
handwriting practise paper,210,30,0.31,no,yes,gen-name-tracing,BUILD
handwriting printables,210,32,0.93,no,yes,gen-name-tracing,BUILD
handwriting printing,210,21,1.54,no,yes,gen-name-tracing,BUILD
kids handwriting practice,210,29,0.0,no,yes,gen-name-tracing,BUILD
kids writing practice,210,43,0.0,no,yes,static-or-hub,LATER-highKD
kindergarten letter tracing,210,11,0.63,no,yes,gen-letter-tracing,BUILD
kindergarten tracing letters,210,11,0.96,no,yes,gen-letter-tracing,BUILD
large alphabet letters for tracing,210,13,0.49,no,yes,gen-letter-tracing,BUILD
large traceable letters,210,9,0.66,no,yes,gen-letter-tracing,BUILD
learning to write worksheets,210,34,0.89,no,yes,static-or-hub,BUILD
letter a tracing worksheet,210,15,0.89,no,yes,gen-letter-tracing,BUILD
letter a tracing worksheets preschool,210,18,0.79,no,yes,gen-letter-tracing,BUILD
letter b tracing worksheet,210,17,0.81,no,yes,gen-letter-tracing,BUILD
letter h tracing worksheets,210,13,0.0,no,yes,gen-letter-tracing,BUILD
letter i tracing,210,8,0.75,no,yes,gen-letter-tracing,BUILD
letter i tracing worksheet,210,7,1.03,no,yes,gen-letter-tracing,BUILD
letter j tracing worksheets,210,12,0.0,no,yes,gen-letter-tracing,BUILD
letter k tracing worksheets,210,6,0.0,no,yes,gen-letter-tracing,BUILD
letter l tracing worksheet,210,13,0.0,no,yes,gen-letter-tracing,BUILD
letter m tracing worksheet,210,14,0.77,no,yes,gen-letter-tracing,BUILD
letter m tracing worksheets,210,8,0.0,no,yes,gen-letter-tracing,BUILD
letter s tracing,210,12,0.0,no,yes,gen-letter-tracing,BUILD
letter s tracing page,210,11,0.83,no,yes,gen-letter-tracing,BUILD
letter tracing for toddlers,210,21,0.0,no,yes,gen-letter-tracing,BUILD
letter tracing worksheets l,210,8,0.0,no,yes,gen-letter-tracing,BUILD
make traceable worksheets,210,35,0.37,no,no,gen-name-tracing,BUILD
make your own tracing worksheets,210,41,0.36,no,yes,static-or-hub,LATER-highKD
name print,210,21,1.24,no,yes,static-or-hub,BUILD
name printing,210,33,1.05,no,yes,static-or-hub,BUILD
name tracer generator,210,16,0.11,no,no,gen-name-tracing,BUILD
name tracing printables free,210,38,0.51,no,yes,gen-name-tracing,BUILD
name writing template,210,33,0.27,no,yes,gen-name-tracing,BUILD
number two tracing worksheets,210,26,0.0,no,yes,gen-number-tracing,BUILD
nursery alphabet worksheets,210,25,0.82,no,yes,gen-letter-tracing,BUILD
penmanship handwriting worksheets,210,37,0.5,no,yes,gen-name-tracing,BUILD
penmanship paper printable,210,21,0.28,no,yes,static-or-hub,BUILD
penmanship practice pages,210,46,0.46,no,no,static-or-hub,LATER-highKD
penmanship practice paper,210,32,0.31,no,yes,static-or-hub,BUILD
penmanship worksheets pdf,210,36,0.68,no,yes,static-or-hub,BUILD
practice name writing sheets,210,28,0.25,no,yes,gen-name-tracing,BUILD
practice pages for writing letters,210,27,0.72,no,yes,gen-letter-tracing,BUILD
practice trace,210,31,1.36,no,yes,static-or-hub,BUILD
pre k tracing pages,210,19,0.9,no,yes,static-or-hub,BUILD
preschool name printables,210,20,0.43,no,yes,gen-name-tracing,BUILD
preschool tracing letters,210,17,0.68,no,yes,gen-letter-tracing,BUILD
printable handwriting practice,210,17,0.66,no,yes,gen-name-tracing,BUILD
printable letters of the alphabet to trace,210,23,0.9,no,yes,gen-letter-tracing,BUILD
printable name tracing worksheets,210,25,0.37,no,yes,gen-name-tracing,BUILD
printable neat handwriting practice sheets,210,27,0.0,no,yes,gen-name-tracing,BUILD
trace abc,210,29,1.1,no,yes,gen-letter-tracing,BUILD
trace and write alphabet,210,22,0.4,no,yes,gen-letter-tracing,BUILD
trace and write letters,210,19,0.32,no,yes,gen-letter-tracing,BUILD
trace letter f worksheet,210,8,0.0,no,yes,gen-letter-tracing,BUILD
trace names,210,13,0.97,no,yes,gen-name-tracing,BUILD
trace the letters,210,23,0.75,yes,no,gen-letter-tracing,BUILD
trace the line worksheet,210,9,0.7,no,yes,gen-prewriting-lines,BUILD
trace your name worksheet free,210,28,0.33,no,yes,gen-name-tracing,BUILD
traceable alphabet letters for preschool,210,20,0.9,no,yes,gen-letter-tracing,BUILD
traceable handwriting sheets,210,32,0.75,no,yes,gen-name-tracing,BUILD
traceable letter i,210,5,0.0,no,yes,gen-letter-tracing,BUILD
traceable letters for preschoolers,210,13,0.68,no,yes,gen-letter-tracing,BUILD
traceable letters printable free,210,24,0.8,no,yes,gen-letter-tracing,BUILD
traceables for preschoolers,210,17,0.75,no,yes,static-or-hub,BUILD
tracing 1 10 worksheets,210,19,0.0,no,yes,static-or-hub,BUILD
tracing abc,210,23,1.2,no,yes,gen-letter-tracing,BUILD
tracing activities for preschoolers,210,18,0.82,no,yes,static-or-hub,BUILD
tracing letter,210,19,0.89,no,yes,gen-letter-tracing,BUILD
tracing letter a printables,210,15,0.86,no,yes,gen-letter-tracing,BUILD
tracing letters for preschoolers,210,13,0.68,no,yes,gen-letter-tracing,BUILD
tracing preschool worksheets,210,20,0.87,no,yes,static-or-hub,BUILD
tracing sheet maker,210,36,0.55,no,no,static-or-hub,BUILD
tracing worksheets for 3 year olds,210,6,0.86,no,yes,static-or-hub,BUILD
tracings,210,36,0.0,yes,yes,static-or-hub,BUILD
word trace,210,29,0.24,no,yes,gen-word-tracing,BUILD
word tracing,210,17,0.24,no,yes,gen-word-tracing,BUILD
write my name,210,29,0.0,yes,yes,gen-name-tracing,BUILD
writing name worksheets,210,30,0.31,no,yes,gen-name-tracing,BUILD
3 year old activities printables,210,34,1.01,no,yes,static-or-hub,BUILD
4 year old worksheets,210,49,0.0,no,yes,static-or-hub,LATER-highKD
5 senses worksheets for preschoolers,210,8,0.0,no,yes,static-or-hub,BUILD
activities and worksheets,210,70,0.95,no,yes,static-or-hub,LATER-highKD
activity for pre kindergarten,210,22,0.92,yes,yes,static-or-hub,BUILD
activity pages printable,210,23,1.62,no,yes,static-or-hub,BUILD
activity sheets for kindergarten printable,210,38,1.07,no,yes,static-or-hub,BUILD
activity worksheets for kindergarten,210,42,0.93,no,yes,static-or-hub,LATER-highKD
age 3 beginner worksheets for 3 year olds,210,39,0.87,no,yes,static-or-hub,BUILD
all about me preschool worksheet,210,25,0.46,no,yes,static-or-hub,BUILD
all about me preschool worksheets,210,33,1.02,no,yes,static-or-hub,BUILD
alphabet letter worksheets for preschool,210,38,0.81,no,yes,gen-letter-tracing,BUILD
apple worksheets preschool,210,9,0.0,no,yes,static-or-hub,BUILD
bug worksheets for preschoolers,210,2,0.76,no,yes,static-or-hub,BUILD
children's activity sheet,210,39,0.0,no,yes,static-or-hub,BUILD
circle worksheets for preschoolers,210,9,0.0,yes,yes,static-or-hub,BUILD
coloring worksheets for preschoolers,210,22,0.98,no,yes,static-or-hub,BUILD
community helpers worksheet preschool,210,4,0.0,no,yes,static-or-hub,BUILD
counting worksheets for preschool,210,21,0.71,no,yes,gen-number-tracing,BUILD
cut and paste free printables,210,15,0.32,no,yes,static-or-hub,BUILD
cutting practice worksheets preschool,210,21,0.75,no,yes,static-or-hub,BUILD
daycare worksheets for 2 year olds,210,27,0.99,no,yes,static-or-hub,BUILD
easter worksheet for preschool,210,14,0.61,no,yes,static-or-hub,BUILD
easy kindergarten worksheets,210,50,0.86,no,yes,static-or-hub,LATER-highKD
emotions worksheet preschool,210,14,0.0,no,yes,static-or-hub,BUILD
fall worksheet for preschool,210,2,0.0,no,yes,static-or-hub,BUILD
five senses worksheet preschool,210,8,0.0,no,yes,static-or-hub,BUILD
free activity worksheets for kindergarten,210,51,0.87,no,yes,static-or-hub,LATER-highKD
free alphabet sheets,210,45,0.69,no,yes,gen-letter-tracing,LATER-highKD
free alphabet worksheets,210,34,0.68,no,yes,gen-letter-tracing,BUILD
free cut and paste worksheets pdf,210,14,0.79,no,yes,static-or-hub,BUILD
free pre k homeschool curriculum,210,12,1.85,yes,no,static-or-hub,BUILD
free preschool workbooks,210,38,0.95,yes,no,static-or-hub,BUILD
free preschool worksheet printables,210,43,0.81,no,yes,static-or-hub,LATER-highKD
free printable activities for kids,210,39,0.0,no,yes,static-or-hub,BUILD
free printable children's activities,210,30,1.18,no,no,static-or-hub,BUILD
free printable handouts,210,61,1.15,yes,yes,static-or-hub,LATER-highKD
free printable homeschool curriculum,210,35,1.82,yes,no,static-or-hub,BUILD
free printable preschool pages,210,42,0.81,no,yes,static-or-hub,LATER-highKD
free printable work sheets,210,62,1.06,no,yes,static-or-hub,LATER-highKD
free printable worksheet,210,62,1.06,no,yes,static-or-hub,LATER-highKD
free printable worksheet for kindergarten,210,48,0.99,no,yes,static-or-hub,LATER-highKD
free printable worksheets for students,210,56,0.8,no,yes,static-or-hub,LATER-highKD
free worksheets for 3 year olds,210,47,0.94,no,yes,static-or-hub,LATER-highKD
free worksheets kindergarten,210,50,1.0,no,yes,static-or-hub,LATER-highKD
fun kindergarten worksheets,210,41,0.74,no,yes,static-or-hub,LATER-highKD
fun sheet for kindergarten,210,54,0.93,no,yes,static-or-hub,LATER-highKD
fun worksheet,210,52,0.88,no,yes,static-or-hub,LATER-highKD
g worksheet preschool,210,8,0.95,no,yes,static-or-hub,BUILD
g worksheets preschool,210,8,1.4,no,yes,static-or-hub,BUILD
halloween preschool worksheets,210,16,0.0,no,yes,static-or-hub,BUILD
halloween worksheet preschool,210,18,0.0,no,yes,static-or-hub,BUILD
handouts for kindergarten,210,53,0.91,no,yes,static-or-hub,LATER-highKD
homeschool free worksheets,210,25,1.91,yes,yes,static-or-hub,BUILD
homeschool preschool curriculum free,210,19,1.81,yes,no,static-or-hub,BUILD
homeschool printables,210,22,1.42,no,yes,static-or-hub,BUILD
homework for kids,210,59,0.0,no,yes,static-or-hub,LATER-highKD
homework for preschoolers,210,54,0.92,no,yes,static-or-hub,LATER-highKD
homework pages for kindergarten,210,42,0.97,no,yes,static-or-hub,LATER-highKD
homework worksheets for kindergarten,210,49,0.97,no,yes,static-or-hub,LATER-highKD
k learning worksheets,210,60,1.59,no,yes,static-or-hub,LATER-highKD
k5 learning printable worksheets,210,58,0.88,no,yes,static-or-hub,LATER-highKD
k5learning worksheets,210,34,1.25,no,yes,static-or-hub,BUILD
kids activity pages,210,24,0.0,no,yes,static-or-hub,BUILD
kids learning activities,210,44,0.0,yes,no,static-or-hub,LATER-highKD
kindergarden worksheet,210,29,0.99,no,yes,static-or-hub,BUILD
kindergarten free printable worksheets,210,50,1.05,no,yes,static-or-hub,LATER-highKD
kindergarten handouts,210,57,0.99,no,yes,static-or-hub,LATER-highKD
kindergarten hw,210,51,0.97,no,yes,static-or-hub,LATER-highKD
kindergarten learning worksheets,210,55,1.17,no,yes,static-or-hub,LATER-highKD
kindergarten printables,210,51,1.1,no,yes,static-or-hub,LATER-highKD
kindergarten worksheet printouts,210,53,0.94,no,yes,static-or-hub,LATER-highKD
kindergarten worksheets net,210,54,0.78,no,yes,static-or-hub,LATER-highKD
learning kindergarten,210,48,2.84,yes,no,static-or-hub,LATER-highKD
learning sheets for 3 year olds,210,44,1.09,no,yes,static-or-hub,LATER-highKD
learning worksheets for 2 year olds,210,17,1.18,yes,yes,static-or-hub,BUILD
letter c worksheets for preschoolers,210,14,0.84,no,yes,gen-letter-tracing,BUILD
letter d preschool worksheets,210,18,0.9,no,yes,gen-letter-tracing,BUILD
letter f preschool worksheet,210,5,1.2,no,yes,gen-letter-tracing,BUILD
letter h worksheets for preschoolers,210,11,0.0,no,yes,gen-letter-tracing,BUILD
letter j preschool worksheets,210,9,0.86,no,yes,gen-letter-tracing,BUILD
letter l worksheets preschool,210,8,1.55,no,yes,gen-letter-tracing,BUILD
letter n worksheets for preschoolers,210,18,1.79,no,yes,gen-letter-tracing,BUILD
letter o worksheet preschool,210,10,1.15,no,yes,gen-letter-tracing,BUILD
letter p worksheets preschool,210,11,0.95,no,yes,gen-letter-tracing,BUILD
letter q worksheets for preschool,210,17,0.85,no,yes,gen-letter-tracing,BUILD
letter r worksheets preschool,210,17,1.03,no,yes,gen-letter-tracing,BUILD
letter v worksheets for preschool,210,10,0.0,no,yes,gen-letter-tracing,BUILD
letter x preschool worksheets,210,12,0.92,no,yes,gen-letter-tracing,BUILD
letter y preschool worksheets,210,4,1.01,no,yes,gen-letter-tracing,BUILD
letter y worksheets for preschool,210,6,1.26,no,yes,gen-letter-tracing,BUILD
matching worksheets for preschoolers,210,4,1.1,no,yes,static-or-hub,BUILD
math worksheets for prek,210,27,0.7,no,yes,static-or-hub,BUILD
math worksheets for preschool free,210,27,0.61,yes,yes,static-or-hub,BUILD
math worksheets prek,210,29,0.7,no,yes,static-or-hub,BUILD
number 10 worksheet for preschool,210,15,0.65,no,yes,gen-number-tracing,BUILD
number 2 worksheets for preschoolers,210,18,0.77,yes,yes,gen-number-tracing,BUILD
number 4 worksheet for preschool,210,15,0.0,no,yes,gen-number-tracing,BUILD
number 5 worksheet for preschool,210,21,0.92,no,yes,gen-number-tracing,BUILD
number 5 worksheets for preschool,210,21,0.92,no,yes,gen-number-tracing,BUILD
number 7 worksheets for preschool,210,19,0.0,no,yes,gen-number-tracing,BUILD
number 8 worksheets for preschool,210,23,0.0,no,yes,gen-number-tracing,BUILD
number 9 worksheet preschool,210,12,0.0,no,yes,gen-number-tracing,BUILD
number worksheets preschool,210,13,0.72,no,yes,gen-number-tracing,BUILD
nursery homework sheets,210,50,0.78,no,yes,static-or-hub,LATER-highKD
patterns for preschoolers worksheets,210,15,0.47,no,yes,static-or-hub,BUILD
pdf kids,210,76,0.0,no,yes,static-or-hub,LATER-highKD
pre k free worksheets,210,47,0.86,no,yes,static-or-hub,LATER-highKD
pre k learning activities,210,26,1.74,yes,no,static-or-hub,BUILD
pre k work,210,40,1.5,yes,yes,static-or-hub,BUILD
pre k worksheets matching,210,6,0.9,no,yes,static-or-hub,BUILD
pre k worksheets pdf,210,40,1.11,no,yes,static-or-hub,BUILD
pre k writing worksheets,210,19,0.75,no,yes,static-or-hub,BUILD
pre kinders,210,35,1.54,no,no,static-or-hub,BUILD
prek k worksheets,210,48,0.86,no,yes,static-or-hub,LATER-highKD
preschool activities to print,210,37,0.84,no,yes,static-or-hub,BUILD
preschool adding worksheets,210,10,0.94,no,yes,static-or-hub,BUILD
preschool addition worksheets,210,17,0.94,no,yes,static-or-hub,BUILD
preschool all about me worksheet,210,27,1.02,no,yes,static-or-hub,BUILD
preschool at home curriculum free,210,14,1.68,yes,no,static-or-hub,BUILD
preschool coloring worksheets,210,43,0.98,no,yes,static-or-hub,LATER-highKD
preschool curriculum resources,210,40,0.0,yes,no,static-or-hub,BUILD
preschool cutting skills worksheets,210,16,0.75,no,yes,static-or-hub,BUILD
preschool express,210,23,2.06,no,no,static-or-hub,BUILD
preschool free printable activities,210,36,0.68,no,yes,static-or-hub,BUILD
preschool free worksheets,210,44,0.8,no,yes,static-or-hub,LATER-highKD
preschool homework worksheets,210,48,0.97,no,yes,static-or-hub,LATER-highKD
preschool letter b worksheets,210,13,0.76,no,yes,gen-letter-tracing,BUILD
preschool letter c worksheets,210,13,0.84,no,yes,gen-letter-tracing,BUILD
preschool letter f worksheets,210,12,0.0,no,yes,gen-letter-tracing,BUILD
preschool letter p worksheets,210,8,0.84,no,yes,gen-letter-tracing,BUILD
preschool letter q worksheet,210,6,0.79,no,yes,gen-letter-tracing,BUILD
preschool letter z worksheets,210,11,0.0,no,yes,gen-letter-tracing,BUILD
preschool number 8 worksheets,210,19,0.0,no,yes,gen-number-tracing,BUILD
preschool number worksheets 1 10,210,23,0.0,no,yes,gen-number-tracing,BUILD
preschool number worksheets 1-10 pdf,210,17,0.86,no,no,gen-number-tracing,BUILD
preschool practice worksheets,210,48,1.07,no,yes,static-or-hub,LATER-highKD
preschool printable free,210,41,0.94,no,yes,static-or-hub,LATER-highKD
preschool printable worksheet,210,44,0.96,no,yes,static-or-hub,LATER-highKD
preschool printable worksheets free,210,46,1.01,no,yes,static-or-hub,LATER-highKD
preschool resources,210,21,1.47,no,no,static-or-hub,BUILD
preschool science worksheets,210,20,0.86,no,yes,static-or-hub,BUILD
preschool summer worksheets,210,7,0.84,no,yes,static-or-hub,BUILD
preschool work,210,49,1.52,yes,yes,static-or-hub,LATER-highKD
preschool workbook pages,210,36,1.29,no,yes,static-or-hub,BUILD
preschool worksheets for the letter f,210,2,1.2,no,yes,gen-letter-tracing,BUILD
preschool worksheets math,210,28,0.71,no,yes,static-or-hub,BUILD
preschool worksheets numbers,210,19,0.9,no,yes,gen-number-tracing,BUILD
preschool writing practice sheets,210,11,0.86,no,yes,static-or-hub,BUILD
preschoolmom,210,11,1.22,no,yes,static-or-hub,BUILD
printable activities for kindergartners,210,54,1.04,no,yes,static-or-hub,LATER-highKD
printable homeschool curriculum,210,34,2.32,yes,yes,static-or-hub,BUILD
printable kids activities,210,34,0.0,no,yes,static-or-hub,BUILD
printable learning worksheets for kindergarten,210,51,0.94,no,yes,static-or-hub,LATER-highKD
rectangle worksheet preschool,210,16,0.0,no,yes,static-or-hub,BUILD
rectangle worksheets for preschool,210,10,0.0,no,yes,static-or-hub,BUILD
shape worksheets preschool,210,24,0.82,no,yes,gen-prewriting-lines,BUILD
shapes worksheet for preschool,210,21,0.82,no,yes,gen-prewriting-lines,BUILD
shapes worksheets preschool,210,22,0.82,no,yes,gen-prewriting-lines,BUILD
springtime worksheets for preschoolers,210,16,0.78,no,yes,static-or-hub,BUILD
square worksheet preschool,210,11,0.0,no,yes,static-or-hub,BUILD
square worksheets for preschool,210,9,0.0,no,yes,static-or-hub,BUILD
summer worksheets for preschoolers,210,11,0.84,no,yes,static-or-hub,BUILD
summer worksheets preschool,210,7,0.84,no,yes,static-or-hub,BUILD
teachers pay teachers free printable,210,40,0.35,no,no,static-or-hub,BUILD
thanksgiving worksheets preschool,210,10,0.0,no,yes,static-or-hub,BUILD
triangle preschool worksheet,210,8,0.0,no,yes,static-or-hub,BUILD
valentine's day preschool worksheets,210,15,0.0,no,yes,static-or-hub,BUILD
winter preschool worksheets,210,12,0.0,no,yes,static-or-hub,BUILD
worksheet for kg,210,43,0.86,no,yes,static-or-hub,LATER-highKD
worksheets for 6 year olds,210,63,0.91,no,yes,static-or-hub,LATER-highKD
worksheets for kids pdf free download,210,60,0.0,yes,no,static-or-hub,LATER-highKD
worksheets for prek,210,51,0.86,no,yes,static-or-hub,LATER-highKD
worksheets pdf,210,57,1.23,no,yes,static-or-hub,LATER-highKD
worksheets preschool,210,40,0.92,no,yes,static-or-hub,BUILD
worksheetsfor fun,210,39,0.88,no,yes,static-or-hub,BUILD
abc handwriting printables,210,29,0.7,no,no,gen-letter-tracing,BUILD
abc printables free,210,35,0.81,no,yes,gen-letter-tracing,BUILD
alphabet matching sheets,210,20,0.73,no,yes,gen-letter-tracing,BUILD
alphabet practise sheet,210,24,0.71,no,yes,gen-letter-tracing,BUILD
alphabet workbook pdf,210,12,0.84,no,yes,gen-letter-tracing,BUILD
alphabet workbook printable,210,34,0.75,no,yes,gen-letter-tracing,BUILD
alphabet worksheets pdf,210,25,0.72,no,yes,gen-letter-tracing,BUILD
alphabet writing exercises,210,18,0.56,no,yes,gen-letter-tracing,BUILD
alphabet writing worksheets pdf,210,14,0.73,no,yes,gen-letter-tracing,BUILD
begining letter,210,22,0.0,no,yes,gen-letter-tracing,BUILD
beginning letter sounds worksheets,210,12,0.38,no,yes,gen-letter-tracing,BUILD
free alphabet letters printable,210,30,0.72,no,yes,gen-letter-tracing,BUILD
free letter a printables,210,26,0.72,no,yes,gen-letter-tracing,BUILD
free printable letters pdf,210,27,0.74,no,yes,gen-letter-tracing,BUILD
learn alphabet worksheets,210,23,0.92,no,yes,gen-letter-tracing,BUILD
learning letters for kindergarten,210,15,2.24,yes,yes,gen-letter-tracing,BUILD
learning the letters of the alphabet,210,38,1.94,yes,no,gen-letter-tracing,BUILD
letter a for kindergarten,210,19,1.73,yes,yes,gen-letter-tracing,BUILD
letter a matching worksheets,210,19,0.45,no,yes,gen-letter-tracing,BUILD
letter a practice,210,25,1.04,no,yes,gen-letter-tracing,BUILD
letter a search,210,29,0.0,no,yes,gen-letter-tracing,BUILD
letter a writing practice,210,28,0.75,no,yes,gen-letter-tracing,BUILD
letter activity,210,11,0.4,no,yes,gen-letter-tracing,BUILD
letter activity preschool,210,15,0.65,no,yes,gen-letter-tracing,BUILD
letter i beginning sound worksheets,210,11,0.38,no,yes,gen-letter-tracing,BUILD
letter printouts,210,33,0.87,no,yes,gen-letter-tracing,BUILD
letter s writing worksheets,210,18,0.66,no,yes,gen-letter-tracing,BUILD
letter worksheet for kindergarten,210,33,0.88,no,yes,gen-letter-tracing,BUILD
letter writing worksheets,210,22,0.66,no,yes,gen-letter-tracing,BUILD
letters of the alphabet worksheets,210,31,0.81,no,yes,gen-letter-tracing,BUILD
lowercase alphabet letters worksheets,210,11,0.64,no,yes,gen-letter-tracing,BUILD
preschool alphabet,210,24,1.88,no,yes,gen-letter-tracing,BUILD
printable letter s worksheets,210,15,0.9,no,yes,gen-letter-tracing,BUILD
printable letter worksheet,210,35,0.82,no,yes,gen-letter-tracing,BUILD
printable letter worksheets,210,25,0.82,no,yes,gen-letter-tracing,BUILD
spanish alphabet worksheets,210,13,0.81,no,yes,gen-letter-tracing,BUILD
worksheets writing letters,210,22,0.72,no,yes,gen-letter-tracing,BUILD
write the alphabet,210,45,0.88,yes,yes,gen-letter-tracing,LATER-highKD
writing abc worksheet,210,35,0.76,no,yes,gen-letter-tracing,BUILD
writing alphabet,210,24,0.64,no,yes,gen-letter-tracing,BUILD
abc handwriting practice pages,210,21,0.73,no,no,gen-letter-tracing,BUILD
adult handwriting practice sheets,210,16,0.51,no,yes,gen-name-tracing,BUILD
cirsive letters,210,58,0.0,no,yes,gen-letter-tracing,LATER-highKD
class in cursive,210,10,0.0,yes,yes,gen-cursive-practice,BUILD
create cursive worksheets,210,26,0.0,no,yes,gen-cursive-practice,BUILD
cursive a practice sheet,210,22,0.58,no,yes,gen-cursive-practice,BUILD
cursive abc handwriting,210,65,0.0,no,yes,gen-cursive-practice,LATER-highKD
cursive cursive,210,71,0.01,no,yes,gen-cursive-practice,LATER-highKD
cursive drawer,210,48,0.0,no,no,gen-cursive-practice,LATER-highKD
cursive f worksheet,210,22,0.0,no,yes,gen-cursive-practice,BUILD
cursive handwriting worksheets adults,210,16,0.23,no,yes,gen-cursive-practice,BUILD
cursive journaling,210,25,0.0,no,yes,gen-cursive-practice,BUILD
cursive k worksheet,210,21,0.0,no,yes,gen-cursive-practice,BUILD
cursive letter i worksheet,210,17,0.0,no,yes,gen-cursive-practice,BUILD
cursive letter practice sheet,210,22,0.36,no,yes,gen-cursive-practice,BUILD
cursive letter worksheets,210,14,0.36,no,yes,gen-cursive-practice,BUILD
cursive packet,210,13,0.16,no,yes,gen-cursive-practice,BUILD
cursive paragraphs,210,10,0.0,no,yes,gen-cursive-practice,BUILD
cursive practice for adults,210,19,0.3,no,yes,gen-cursive-practice,BUILD
cursive practice printable worksheets,210,24,0.58,no,no,gen-cursive-practice,BUILD
cursive practice sheets free,210,25,0.53,no,yes,gen-cursive-practice,BUILD
cursive practice writing,210,17,0.41,no,yes,gen-cursive-practice,BUILD
cursive printable sheets,210,24,0.89,no,yes,gen-cursive-practice,BUILD
cursive printable worksheets,210,28,0.71,no,yes,gen-cursive-practice,BUILD
cursive printing sheets,210,24,0.85,no,yes,gen-cursive-practice,BUILD
cursive sheets printable,210,20,0.89,no,yes,gen-cursive-practice,BUILD
cursive to print,210,17,0.8,no,yes,gen-cursive-practice,BUILD
cursive words to practice,210,26,0.35,no,yes,gen-cursive-practice,BUILD
cursive work sheets,210,34,0.54,no,yes,gen-cursive-practice,BUILD
cursive writing first name,210,24,0.0,yes,no,gen-cursive-name,BUILD
cursive writing maker,210,47,0.11,no,no,gen-cursive-practice,LATER-highKD
cursive writing page,210,26,0.57,no,yes,gen-cursive-practice,BUILD
cursive writing paper,210,8,0.17,no,yes,gen-cursive-practice,BUILD
cursive writing practice books,210,7,0.27,no,yes,gen-cursive-practice,BUILD
cursive writing simulator,210,48,0.09,no,yes,gen-cursive-practice,LATER-highKD
cursive writing the,210,48,0.0,yes,yes,gen-cursive-practice,LATER-highKD
cursive writing workbook,210,2,0.3,no,yes,gen-cursive-practice,BUILD
custom cursive,210,28,0.53,no,yes,gen-cursive-practice,BUILD
english cursive writing,210,48,0.0,no,yes,gen-cursive-practice,LATER-highKD
free cursive handwriting practice pages,210,32,0.38,no,yes,gen-cursive-practice,BUILD
free cursive printouts,210,31,0.62,no,yes,gen-cursive-practice,BUILD
free printable cursive pages,210,26,0.57,no,yes,gen-cursive-practice,BUILD
fun in cursive,210,17,0.0,no,yes,gen-cursive-practice,BUILD
handwriting cursive workbook,210,2,0.34,no,yes,gen-cursive-practice,BUILD
handwriting practice cursive,210,23,0.41,no,yes,gen-cursive-practice,BUILD
how do you write your name in cursive,210,38,0.13,no,no,gen-cursive-name,BUILD
how to do cursive letters,210,65,0.0,no,yes,SKIP-explainer,SKIP-AIO-explainer
how to learn to write in cursive,210,26,0.57,yes,yes,SKIP-explainer,SKIP-AIO-explainer
how to teach cursive writing,210,26,0.45,yes,no,SKIP-explainer,SKIP-AIO-explainer
karsu writing,210,53,0.05,no,yes,static-or-hub,LATER-highKD
learn how to write cursive,210,30,0.52,no,yes,SKIP-explainer,SKIP-AIO-explainer
learn to write in cursive,210,31,0.37,yes,yes,SKIP-explainer,SKIP-AIO-explainer
learning cursive practice sheets,210,26,0.56,no,yes,gen-cursive-practice,BUILD
practice cursive online,210,27,1.78,no,no,gen-cursive-practice,BUILD
practicing cursive,210,28,0.71,no,yes,gen-cursive-practice,BUILD
print cursive writing worksheets,210,24,0.79,yes,no,gen-cursive-practice,BUILD
printable cursive,210,26,0.7,no,yes,gen-cursive-practice,BUILD
printable cursive letters,210,19,0.65,no,yes,gen-cursive-practice,BUILD
printable cursive writing pages,210,21,0.53,no,yes,gen-cursive-practice,BUILD
printable cursive writing practice,210,26,0.36,no,yes,gen-cursive-practice,BUILD
printable practice cursive alphabet,210,27,0.0,no,yes,gen-cursive-practice,BUILD
room recess cursive,210,26,0.0,no,yes,gen-cursive-practice,BUILD
scriptive letters,210,44,0.5,no,yes,gen-letter-tracing,LATER-highKD
sentences to practice cursive,210,18,0.0,yes,yes,gen-cursive-practice,BUILD
spell my name in cursive,210,38,0.36,no,no,gen-cursive-practice,BUILD
teach me cursive,210,17,0.0,no,yes,SKIP-explainer,SKIP-AIO-explainer
the in cursive writing,210,54,0.0,no,yes,gen-cursive-practice,LATER-highKD
trace your curisve signature,210,11,0.0,yes,no,static-or-hub,BUILD
write a word in cursive,210,48,0.09,no,yes,gen-cursive-practice,LATER-highKD
writing my name in cursive,210,25,0.2,no,yes,gen-cursive-name,BUILD
zaner bloser handwriting practice pages,210,7,0.0,no,no,gen-name-tracing,BUILD
zaner bloser handwriting practice sheets,210,2,0.0,no,yes,gen-name-tracing,BUILD
connect the dots coloring page,210,15,1.2,no,yes,gen-dot-to-dot,BUILD
connect the dots easy,210,16,0.0,no,yes,gen-dot-to-dot,BUILD
connect the dots printable pdf,210,14,0.0,no,yes,gen-dot-to-dot,BUILD
difficult dot to dot printables free,210,5,0.0,no,yes,gen-dot-to-dot,BUILD
dot 2 dot worksheets,210,19,0.73,no,no,static-or-hub,BUILD
dot a dot art printables free,210,8,0.0,no,yes,static-or-hub,BUILD
dot art coloring pages,210,6,0.31,no,yes,static-or-hub,BUILD
dot art colouring pages,210,8,0.0,no,yes,static-or-hub,BUILD
dot dot coloring pages,210,3,0.69,no,yes,static-or-hub,BUILD
dot dot sheets,210,5,4.72,no,yes,static-or-hub,BUILD
dot to dot activity sheets,210,16,0.73,no,yes,gen-dot-to-dot,BUILD
dot to dot adults,210,26,0.28,no,yes,gen-dot-to-dot,BUILD
dot to dot easy,210,10,0.0,no,yes,gen-dot-to-dot,BUILD
dot to dot joining worksheets,210,14,0.73,no,yes,gen-dot-to-dot,BUILD
dot to dot number worksheets,210,8,0.73,no,yes,gen-dot-to-dot,BUILD
dot to dot to 100,210,14,0.0,no,yes,gen-dot-to-dot,BUILD
dots and numbers,210,12,1.31,no,yes,static-or-hub,BUILD
dotted colouring pages,210,3,0.29,no,yes,static-or-hub,BUILD
extreme dot to dot printables for free,210,5,0.0,no,no,gen-dot-to-dot,BUILD
free difficult dot to dot printables,210,7,0.0,no,yes,gen-dot-to-dot,BUILD
free dot to dot printables 1 1000 pdf,210,12,0.0,yes,no,gen-dot-to-dot,BUILD
free dot to dot printables hard,210,0,0.0,no,yes,gen-dot-to-dot,BUILD
free printable connect the dots,210,23,0.0,no,yes,gen-dot-to-dot,BUILD
free printable connect the dots for adults,210,19,0.0,no,yes,gen-dot-to-dot,BUILD
free printable dot to dot for adults,210,13,0.0,no,yes,gen-dot-to-dot,BUILD
free printable extreme dot to dot,210,3,0.0,no,yes,gen-dot-to-dot,BUILD
hard dot to dot free printables,210,20,0.0,no,yes,gen-dot-to-dot,BUILD
hardest connect the dots,210,18,0.7,yes,yes,gen-dot-to-dot,BUILD
numbered dots,210,15,1.31,no,yes,static-or-hub,BUILD
pokemon connect the dots,210,19,0.0,no,yes,gen-dot-to-dot,BUILD
preschool connect the dots,210,13,0.0,no,yes,gen-dot-to-dot,BUILD
printable adult connect the dots,210,3,0.0,no,yes,gen-dot-to-dot,BUILD
printable dot to dot pages,210,11,0.0,no,yes,gen-dot-to-dot,BUILD
printable extreme connect the dots,210,8,0.0,no,yes,gen-dot-to-dot,BUILD
printable hard connect the dots,210,5,0.0,no,yes,gen-dot-to-dot,BUILD
ultimate dot to dot printable,210,5,0.0,no,yes,gen-dot-to-dot,BUILD
abc traceable worksheets,170,23,1.1,no,yes,gen-letter-tracing,BUILD
abc tracing printable,170,12,0.83,no,yes,gen-letter-tracing,BUILD
alphabet handwriting pages,170,18,0.73,no,yes,gen-letter-tracing,BUILD
alphabet handwriting sheets,170,29,0.7,no,yes,gen-letter-tracing,BUILD
alphabet letters to print and trace,170,29,0.86,no,no,gen-letter-tracing,BUILD
alphabet penmanship practice,170,26,0.76,no,yes,gen-letter-tracing,BUILD
alphabet trace page,170,14,0.0,no,yes,gen-letter-tracing,BUILD
alphabet tracing for preschoolers,170,24,0.68,no,yes,gen-letter-tracing,BUILD
alphabet tracing pages free,170,16,0.73,no,yes,gen-letter-tracing,BUILD
alphabet tracing practice,170,23,0.87,no,yes,gen-letter-tracing,BUILD
alphabet tracing printable,170,13,0.86,no,yes,gen-letter-tracing,BUILD
alphabet tracing worksheets for kindergarten,170,23,1.22,no,yes,gen-letter-tracing,BUILD
big letters to trace,170,16,0.66,no,yes,gen-letter-tracing,BUILD
big traceable letters,170,9,0.66,no,yes,gen-letter-tracing,BUILD
children's tracing sheets,170,16,1.0,no,yes,static-or-hub,BUILD
create printables com,170,37,0.0,no,no,static-or-hub,BUILD
create trace name worksheet,170,16,0.37,no,no,gen-name-tracing,BUILD
create your own activity sheets,170,51,0.65,no,yes,static-or-hub,LATER-highKD
create your own cursive worksheets,170,17,0.78,no,yes,gen-cursive-practice,BUILD
create your own handwriting worksheet,170,29,0.0,no,yes,gen-name-tracing,BUILD
create your own tracing sheets,170,35,0.55,no,yes,static-or-hub,BUILD
cursive alphabet tracing worksheets,170,15,0.48,no,yes,gen-cursive-practice,BUILD
custom handwriting worksheets,170,18,0.25,no,yes,gen-name-tracing,BUILD
custom name tracing,170,24,0.16,no,yes,gen-name-tracing,BUILD
custom traceable worksheets,170,23,0.22,no,no,gen-name-tracing,BUILD
cute handwriting practice sheets for adults,170,20,0.0,yes,yes,gen-name-tracing,BUILD
dotted letters to trace,170,18,0.41,no,yes,gen-letter-tracing,BUILD
dotted name tracing,170,17,0.23,no,yes,gen-name-tracing,BUILD
easy tracing,170,16,0.0,no,yes,static-or-hub,BUILD
easy tracing pictures,170,23,0.0,no,yes,static-or-hub,BUILD
editable name tracing sheets,170,31,0.25,no,yes,gen-name-tracing,BUILD
esl handwriting wizard,170,7,0.0,no,no,gen-name-tracing,BUILD
free handwriting creator,170,28,0.0,no,no,gen-name-tracing,BUILD
free handwriting practice,170,26,0.42,yes,yes,gen-name-tracing,BUILD
free handwriting practice sheets printable,170,29,0.72,no,yes,gen-name-tracing,BUILD
free handwriting sheets to print,170,29,0.69,no,no,gen-name-tracing,BUILD
free handwriting worksheet generator,170,16,0.87,no,no,gen-name-tracing,BUILD
free handwriting worksheet maker,170,21,0.42,no,no,gen-name-tracing,BUILD
free name tracer,170,26,0.33,no,no,gen-name-tracing,BUILD
free practice name writing worksheets,170,25,0.25,no,yes,gen-name-tracing,BUILD
free practice writing worksheets,170,35,0.74,no,yes,static-or-hub,BUILD
free preschool tracing pages,170,21,0.9,no,yes,static-or-hub,BUILD
free printable handwriting sheets,170,28,0.69,no,yes,gen-name-tracing,BUILD
free printable name,170,24,0.35,no,yes,gen-name-tracing,BUILD
free printable name tracing sheets,170,18,0.33,no,yes,gen-name-tracing,BUILD
free printable traceable abc worksheets,170,18,0.73,no,yes,gen-letter-tracing,BUILD
free printable traceable name worksheets,170,28,0.2,no,yes,gen-name-tracing,BUILD
free printable tracing preschool worksheets,170,30,0.79,no,yes,static-or-hub,BUILD
free tracing alphabet letters,170,12,0.62,no,no,gen-letter-tracing,BUILD
free tracing sheets for preschoolers,170,20,0.88,no,yes,static-or-hub,BUILD
free writing sheets,170,35,0.88,no,yes,static-or-hub,BUILD
hand writing practice worksheets,170,31,0.73,no,yes,static-or-hub,BUILD
handwriting fonts on canva,170,38,0.0,no,yes,gen-name-tracing,BUILD
handwriting generator worksheets,170,18,0.93,no,no,gen-name-tracing,BUILD
handwriting improvement sheets,170,40,0.62,no,yes,gen-name-tracing,BUILD
handwriting lines printable,170,27,0.29,no,yes,gen-prewriting-lines,BUILD
handwriting paper free printable,170,23,0.22,no,yes,gen-name-tracing,BUILD
handwriting paper printable pdf free,170,21,0.0,no,yes,gen-name-tracing,BUILD
handwriting papers,170,29,0.19,no,yes,gen-name-tracing,BUILD
handwriting print,170,22,1.54,no,yes,gen-name-tracing,BUILD
handwriting tracing,170,31,0.0,no,yes,gen-name-tracing,BUILD
handwriting tracing pages,170,36,0.78,no,yes,gen-name-tracing,BUILD
handwriting worksheets printables,170,29,0.57,no,no,gen-name-tracing,BUILD
handwritten fonts canva,170,30,1.23,no,yes,static-or-hub,BUILD
improve handwriting worksheets,170,20,0.81,no,yes,gen-name-tracing,BUILD
kindergarten penmanship worksheets,170,25,0.55,no,yes,static-or-hub,BUILD
letter a handwriting practice sheets,170,26,0.72,no,yes,gen-letter-tracing,BUILD
letter a tracing for preschool,170,23,0.68,no,yes,gen-letter-tracing,BUILD
letter c tracing sheets,170,14,0.0,no,yes,gen-letter-tracing,BUILD
letter formation practice worksheets,170,12,0.32,no,yes,gen-letter-tracing,BUILD
letter formation sheets,170,15,0.47,no,yes,gen-letter-tracing,BUILD
letter handwriting practice,170,35,0.71,no,yes,gen-letter-tracing,BUILD
letter k tracing sheet,170,8,0.0,no,yes,gen-letter-tracing,BUILD
letter k tracing sheets,170,6,0.0,no,yes,gen-letter-tracing,BUILD
letter n tracing worksheet,170,18,0.0,no,yes,gen-letter-tracing,BUILD
letter p tracing worksheets,170,14,0.0,no,yes,gen-letter-tracing,BUILD
letter s tracing sheet,170,11,0.82,no,yes,gen-letter-tracing,BUILD
letter t tracing page,170,17,0.0,no,yes,gen-letter-tracing,BUILD
letter t tracing sheet,170,23,0.0,no,yes,gen-letter-tracing,BUILD
letter t tracing worksheet,170,23,0.0,no,yes,gen-letter-tracing,BUILD
letter tracing printouts,170,16,0.86,no,yes,gen-letter-tracing,BUILD
letter tracing sheets printable,170,15,0.86,no,yes,gen-letter-tracing,BUILD
letters tracing worksheets,170,20,0.89,no,yes,gen-letter-tracing,BUILD
lower case tracing,170,16,0.85,no,yes,static-or-hub,BUILD
lowercase tracing letters,170,18,0.29,no,yes,gen-letter-tracing,BUILD
make your own handwriting worksheets,170,18,0.0,no,yes,gen-name-tracing,BUILD
make your own traceable name worksheets,170,22,0.36,no,no,gen-name-tracing,BUILD
make your own traceable worksheets,170,34,0.36,no,yes,gen-name-tracing,BUILD
make your own writing worksheets,170,21,0.0,no,yes,static-or-hub,BUILD
name practice preschool,170,9,0.16,no,no,gen-name-tracing,BUILD
name practice worksheet generator,170,23,0.33,no,yes,gen-name-tracing,BUILD
name sheet,170,26,7.82,no,yes,static-or-hub,BUILD
name trace practice,170,18,0.41,no,yes,gen-name-tracing,BUILD
name tracers free,170,11,0.81,no,no,gen-name-tracing,BUILD
name tracing printable free,170,34,0.33,no,yes,gen-name-tracing,BUILD
name writing practice worksheets,170,27,0.31,no,yes,gen-name-tracing,BUILD
number 5 tracing worksheets,170,20,0.0,no,yes,gen-number-tracing,BUILD
number trace for preschool,170,15,0.64,no,yes,gen-number-tracing,BUILD
number tracing worksheets for preschoolers,170,16,1.06,no,yes,gen-number-tracing,BUILD
numbers tracing worksheet,170,20,0.76,no,yes,gen-number-tracing,BUILD
penmanship worksheet,170,36,0.73,no,yes,static-or-hub,BUILD
penmanship worksheets free,170,41,0.74,no,yes,static-or-hub,LATER-highKD
practice name writing free,170,32,0.19,no,yes,gen-name-tracing,BUILD
practice sheet,170,61,1.26,no,yes,gen-name-tracing,LATER-highKD
practice tracing letters,170,22,1.04,no,yes,gen-letter-tracing,BUILD
practice writing lines,170,31,0.0,no,yes,gen-prewriting-lines,BUILD
practice writing paper,170,32,0.43,no,yes,static-or-hub,BUILD
pre kindergarten tracing worksheets,170,14,1.03,no,yes,static-or-hub,BUILD
preschool line tracing worksheets,170,13,0.78,no,yes,gen-prewriting-lines,BUILD
preschool name tracing sheets,170,15,0.53,no,no,gen-name-tracing,BUILD
preschool tracing worksheets numbers,170,14,1.06,no,yes,gen-number-tracing,BUILD
preschool tracing worksheets pdf,170,14,0.7,no,yes,static-or-hub,BUILD
preschool worksheets tracing,170,17,0.96,no,yes,static-or-hub,BUILD
printable name writing practice,170,25,0.25,no,yes,gen-name-tracing,BUILD
printable words,170,23,1.07,no,yes,static-or-hub,BUILD
printable writing worksheets,170,36,1.07,no,yes,static-or-hub,BUILD
s tracing worksheet,170,15,0.0,no,yes,static-or-hub,BUILD
square tracing worksheet,170,12,0.0,no,yes,static-or-hub,BUILD
trace alphabet letters worksheets free,170,21,0.73,no,yes,gen-letter-tracing,BUILD
trace and write,170,19,0.41,yes,yes,static-or-hub,BUILD
trace and write the alphabet,170,28,0.63,no,yes,gen-letter-tracing,BUILD
trace generator,170,14,0.0,no,yes,static-or-hub,BUILD
trace letter,170,19,0.75,no,yes,gen-letter-tracing,BUILD
trace letter b worksheet,170,15,0.84,no,yes,gen-letter-tracing,BUILD
trace letter i,170,13,0.89,no,yes,gen-letter-tracing,BUILD
trace letters for preschool,170,26,0.9,no,yes,gen-letter-tracing,BUILD
trace the letter a kindergarten,170,20,0.96,no,yes,gen-letter-tracing,BUILD
trace the line,170,21,0.5,no,yes,gen-prewriting-lines,BUILD
trace the words worksheets,170,12,0.73,no,yes,gen-word-tracing,BUILD
trace words,170,15,0.0,no,yes,gen-word-tracing,BUILD
trace words worksheet,170,36,0.69,no,yes,gen-word-tracing,BUILD
trace worksheets,170,37,0.89,no,yes,static-or-hub,BUILD
traceable cursive writing sheets,170,30,0.0,no,no,gen-cursive-practice,BUILD
traceable name worksheets for preschool,170,16,0.26,no,no,gen-name-tracing,BUILD
traceable names,170,18,0.0,no,yes,gen-name-tracing,BUILD
traceable words worksheets,170,24,0.69,no,yes,gen-word-tracing,BUILD
traceable worksheet generator,170,37,0.55,no,no,gen-name-tracing,BUILD
tracing a,170,20,0.0,no,yes,static-or-hub,BUILD
tracing for kids,170,24,0.0,no,yes,static-or-hub,BUILD
tracing for kindergarten,170,21,0.68,no,yes,static-or-hub,BUILD
tracing for preschool,170,17,0.75,no,yes,static-or-hub,BUILD
tracing letter s,170,9,0.0,no,yes,gen-letter-tracing,BUILD
tracing letters a-z free printable,170,15,0.0,no,no,gen-letter-tracing,BUILD
tracing numbers free worksheets,170,24,0.79,no,yes,gen-number-tracing,BUILD
tracing practice worksheets,170,31,0.95,no,yes,static-or-hub,BUILD
tracing sheets for 3 year olds,170,20,1.09,no,yes,static-or-hub,BUILD
tracing templates,170,29,0.47,no,yes,static-or-hub,BUILD
tracing the letter d worksheets,170,15,0.65,no,yes,gen-letter-tracing,BUILD
tracing the letter i,170,10,0.89,no,yes,gen-letter-tracing,BUILD
tracing worksheets for preschool pdf,170,13,0.86,no,yes,static-or-hub,BUILD
triangle tracing worksheet,170,2,0.0,no,yes,static-or-hub,BUILD
write your name worksheet,170,29,0.29,no,yes,gen-name-tracing,BUILD
writing practice sheets printable,170,27,0.67,no,yes,static-or-hub,BUILD
writing sheet,170,39,0.83,no,yes,static-or-hub,BUILD
writing template for kids,170,32,0.0,no,yes,static-or-hub,BUILD
writing your name worksheets,170,30,0.29,no,yes,gen-name-tracing,BUILD
5 senses for preschool worksheets,170,8,0.0,no,yes,static-or-hub,BUILD
a worksheets for preschoolers,170,17,0.86,no,yes,static-or-hub,BUILD
abc mouse math worksheets,170,23,0.0,no,yes,gen-letter-tracing,BUILD
abcmouse for free,170,40,1.42,yes,no,static-or-hub,BUILD
activity for kindergarten,170,17,0.93,yes,yes,static-or-hub,BUILD
activity sheets for 4 year olds,170,38,0.86,no,yes,static-or-hub,BUILD
activity sheets for 6 year olds,170,34,1.06,no,yes,static-or-hub,BUILD
activity worksheets for 4 year olds,170,50,0.99,no,yes,static-or-hub,LATER-highKD
activity worksheets for 6 year olds,170,59,1.05,no,yes,static-or-hub,LATER-highKD
all about me worksheets for preschoolers,170,32,0.46,no,yes,static-or-hub,BUILD
all about mom free printable,170,12,0.0,no,yes,static-or-hub,BUILD
camping worksheets for preschoolers,170,5,0.0,no,yes,static-or-hub,BUILD
color by number worksheets for preschool,170,9,0.0,no,yes,gen-number-tracing,BUILD
community helper worksheets for preschool,170,4,0.51,no,yes,static-or-hub,BUILD
community helpers preschool worksheets,170,7,0.0,no,yes,static-or-hub,BUILD
counting worksheet preschool,170,15,0.74,no,yes,gen-number-tracing,BUILD
cut and paste kindergarten worksheets,170,14,0.44,no,yes,static-or-hub,BUILD
cut and paste worksheets for preschoolers,170,14,0.8,no,yes,static-or-hub,BUILD
dog worksheets,170,5,0.0,no,yes,static-or-hub,BUILD
easter preschool worksheets,170,21,0.61,no,yes,static-or-hub,BUILD
easy worksheets for kindergarten,170,45,0.86,no,yes,static-or-hub,LATER-highKD
english worksheets for kindergarten,170,29,0.81,no,yes,static-or-hub,BUILD
for preschoolers,170,38,0.0,no,yes,static-or-hub,BUILD
free activity sheets for 2nd graders,170,30,0.93,no,yes,static-or-hub,BUILD
free activity sheets for kids,170,25,0.0,no,yes,static-or-hub,BUILD
free educational worksheets,170,60,1.02,no,yes,static-or-hub,LATER-highKD
free homeschooling worksheets,170,28,1.88,no,yes,static-or-hub,BUILD
free kindergarten worksheets pdf,170,33,0.89,no,yes,static-or-hub,BUILD
free lesson plans for preschool,170,30,1.37,yes,yes,static-or-hub,BUILD
free pre k curriculum,170,19,1.54,yes,no,static-or-hub,BUILD
free pre k workbooks,170,34,0.86,no,yes,static-or-hub,BUILD
free prek curriculum,170,13,1.67,yes,no,static-or-hub,BUILD
free preschool activity sheets,170,45,0.95,no,yes,static-or-hub,LATER-highKD
free preschool pages,170,43,0.8,no,yes,static-or-hub,LATER-highKD
free preschool printable worksheets,170,38,0.81,no,yes,static-or-hub,BUILD
free preschool worksheets age 2 3,170,36,0.97,no,yes,static-or-hub,BUILD
free preschool worksheets age 4-5 pdf,170,48,0.93,no,no,gen-number-tracing,LATER-highKD
free printable a worksheets for preschoolers,170,27,1.01,no,no,static-or-hub,BUILD
free printable preschool curriculum,170,27,1.11,no,yes,static-or-hub,BUILD
free printable preschool learning worksheets,170,39,0.81,no,yes,static-or-hub,BUILD
free printable sheets for kindergarten,170,48,0.99,no,yes,static-or-hub,LATER-highKD
free printable student worksheets,170,61,0.8,no,yes,static-or-hub,LATER-highKD
free teacher pay teacher worksheets,170,44,0.3,no,yes,static-or-hub,LATER-highKD
free worksheet for nursery,170,,0.8,no,yes,static-or-hub,LATER-highKD
free worksheet printouts,170,65,1.09,no,yes,static-or-hub,LATER-highKD
fun activity sheets,170,25,0.0,no,yes,static-or-hub,BUILD
fun activity worksheets,170,42,2.0,no,yes,static-or-hub,LATER-highKD
fun with mama,170,20,0.0,no,yes,static-or-hub,BUILD
fun worksheets for preschool,170,39,0.9,no,yes,static-or-hub,BUILD
h worksheets preschool,170,8,0.0,no,yes,static-or-hub,BUILD
homeschool worksheets free,170,26,1.88,no,yes,static-or-hub,BUILD
homeschooling worksheets free,170,24,1.91,no,yes,static-or-hub,BUILD
homework papers,170,67,0.0,no,yes,static-or-hub,LATER-highKD
insect worksheets for preschool,170,6,0.76,no,yes,static-or-hub,BUILD
k 5 printable worksheets,170,71,0.92,no,yes,static-or-hub,LATER-highKD
k activities,170,24,0.0,yes,yes,static-or-hub,BUILD
kids games sheets,170,32,0.0,no,yes,static-or-hub,BUILD
kids homework sheets,170,63,0.0,no,yes,static-or-hub,LATER-highKD
kids printable worksheets,170,62,0.0,no,yes,static-or-hub,LATER-highKD
kidsparkz,170,30,1.54,no,no,static-or-hub,BUILD
kindergarden work sheets,170,42,0.91,no,yes,static-or-hub,LATER-highKD
kindergartenworksheets net,170,55,0.78,no,yes,static-or-hub,LATER-highKD
learning for kindergarten,170,31,2.64,yes,yes,static-or-hub,BUILD
learning pages for 2 year olds,170,13,0.95,no,yes,static-or-hub,BUILD
learning pages for 4 year olds,170,50,1.32,no,yes,static-or-hub,LATER-highKD
learning sheets for 2 year olds,170,10,1.18,no,yes,static-or-hub,BUILD
learning sheets for kindergarten,170,49,1.13,no,yes,static-or-hub,LATER-highKD
learning worksheets for 4 year olds,170,49,1.21,no,yes,static-or-hub,LATER-highKD
letter c worksheet preschool,170,13,0.84,no,yes,gen-letter-tracing,BUILD
letter g preschool worksheets,170,15,1.34,no,yes,gen-letter-tracing,BUILD
letter g worksheet preschool,170,13,0.95,no,yes,gen-letter-tracing,BUILD
letter i worksheets for preschoolers,170,17,0.81,no,yes,gen-letter-tracing,BUILD
letter k worksheets for preschoolers,170,1,0.97,no,yes,gen-letter-tracing,BUILD
letter l preschool worksheets,170,16,1.55,no,yes,gen-letter-tracing,BUILD
letter o preschool worksheets,170,14,1.15,no,yes,gen-letter-tracing,BUILD
letter r worksheet preschool,170,8,0.87,no,yes,gen-letter-tracing,BUILD
letter s worksheets for preschoolers,170,12,0.74,no,yes,gen-letter-tracing,BUILD
letter z preschool worksheets,170,11,0.79,no,yes,gen-letter-tracing,BUILD
math for pre k worksheets,170,27,0.7,no,yes,static-or-hub,BUILD
math preschool printables,170,26,0.71,no,yes,static-or-hub,BUILD
mathematics for preschool worksheet,170,25,0.71,no,yes,static-or-hub,BUILD
mommy and me preschool,170,18,2.3,no,no,static-or-hub,BUILD
number 1 worksheets preschool,170,15,1.29,no,yes,gen-number-tracing,BUILD
number 11 worksheet preschool,170,8,0.0,no,yes,gen-number-tracing,BUILD
number 15 worksheet preschool,170,3,0.0,no,yes,gen-number-tracing,BUILD
number 15 worksheets for preschool,170,7,0.0,no,yes,gen-number-tracing,BUILD
number 5 worksheet preschool,170,21,0.92,no,yes,gen-number-tracing,BUILD
number 5 worksheets for preschoolers,170,17,0.92,no,yes,gen-number-tracing,BUILD
number 6 worksheet preschool,170,19,0.0,no,yes,gen-number-tracing,BUILD
numeracy worksheet for preschool,170,32,0.71,no,yes,static-or-hub,BUILD
nursery activities printable,170,42,1.0,no,yes,static-or-hub,LATER-highKD
ocean worksheets for preschool,170,15,0.0,no,yes,static-or-hub,BUILD
oval worksheet for preschool,170,13,0.0,no,yes,static-or-hub,BUILD
oval worksheets for preschool,170,13,0.0,no,yes,static-or-hub,BUILD
pinterest worksheets,170,29,1.15,no,yes,static-or-hub,BUILD
pre k 3 worksheets,170,44,0.96,no,yes,static-or-hub,LATER-highKD
pre k homework sheets,170,43,1.01,no,yes,static-or-hub,LATER-highKD
pre k printables,170,36,0.96,no,yes,static-or-hub,BUILD
pre k worksheets pdf free download,170,43,0.88,no,yes,static-or-hub,LATER-highKD
pre k worksheets printable,170,45,0.96,no,yes,static-or-hub,LATER-highKD
prek worksheets free printable,170,41,1.02,no,yes,static-or-hub,LATER-highKD
preschool bug worksheets,170,2,0.62,no,yes,static-or-hub,BUILD
preschool coloring worksheets free printables,170,34,0.6,no,yes,static-or-hub,BUILD
preschool curriculum pdf free,170,14,2.18,yes,yes,static-or-hub,BUILD
preschool cut and paste worksheets,170,12,0.8,no,yes,static-or-hub,BUILD
preschool educational worksheets,170,48,0.92,no,yes,static-or-hub,LATER-highKD
preschool free,170,38,2.66,no,no,static-or-hub,BUILD
preschool homework pages,170,43,0.97,no,yes,static-or-hub,LATER-highKD
preschool ideas,170,23,0.29,yes,yes,static-or-hub,BUILD
preschool letter s worksheets,170,19,0.74,no,yes,gen-letter-tracing,BUILD
preschool maths activities worksheets,170,27,0.71,no,yes,static-or-hub,BUILD
preschool number 6 worksheets,170,19,0.0,no,yes,gen-number-tracing,BUILD
preschool oval worksheet,170,13,0.0,no,yes,static-or-hub,BUILD
preschool preschool printables,170,31,1.11,no,no,static-or-hub,BUILD
preschool printouts,170,39,0.96,no,yes,static-or-hub,BUILD
preschool shapes worksheets for kindergarten,170,21,0.0,no,yes,gen-prewriting-lines,BUILD
preschool worksheets community helpers,170,7,0.51,no,yes,static-or-hub,BUILD
preschool worksheets mathematics,170,24,0.71,no,yes,static-or-hub,BUILD
preschool worksheets printable free,170,42,1.03,no,yes,static-or-hub,LATER-highKD
preschool worksheets printables,170,45,1.17,no,yes,static-or-hub,LATER-highKD
printable fun activity sheets,170,39,1.19,no,yes,static-or-hub,BUILD
printable homework sheets,170,61,0.94,no,yes,static-or-hub,LATER-highKD
printable kindergarten activities,170,50,0.91,no,yes,static-or-hub,LATER-highKD
printable preschool activity,170,28,0.94,no,yes,static-or-hub,BUILD
printable preschool learning,170,38,0.96,no,yes,static-or-hub,BUILD
printable preschool lessons,170,50,0.84,no,yes,static-or-hub,LATER-highKD
printable worksheets for 4 year olds,170,51,1.09,no,yes,static-or-hub,LATER-highKD
printable worksheets for three year olds,170,28,0.94,no,yes,static-or-hub,BUILD
printing activities for kindergarten,170,51,0.91,no,yes,static-or-hub,LATER-highKD
rectangle preschool worksheet,170,13,0.0,no,yes,static-or-hub,BUILD
rhyming worksheet for preschool,170,13,0.38,no,yes,static-or-hub,BUILD
this and that worksheet for kg,170,16,0.0,no,yes,static-or-hub,BUILD
tk worksheet,170,44,0.66,no,yes,static-or-hub,LATER-highKD
tlsbooks,170,17,1.13,no,yes,static-or-hub,BUILD
toddler activity sheets,170,15,0.0,no,yes,static-or-hub,BUILD
toddler worksheets age 2,170,23,0.0,no,yes,static-or-hub,BUILD
transportation worksheet preschool,170,12,0.31,no,yes,static-or-hub,BUILD
transportation worksheets for preschool,170,9,0.0,no,yes,static-or-hub,BUILD
triangle worksheets for preschool,170,5,0.0,no,yes,static-or-hub,BUILD
valentine preschool worksheets,170,,0.0,no,yes,static-or-hub,LATER-highKD
valentine worksheets for preschool,170,11,0.0,no,yes,static-or-hub,BUILD
valentine worksheets for preschoolers,170,11,0.0,no,yes,static-or-hub,BUILD
valentine worksheets preschool,170,15,0.0,no,yes,static-or-hub,BUILD
valentines preschool worksheets,170,7,0.0,no,yes,static-or-hub,BUILD
vpk worksheets,170,44,1.12,no,yes,static-or-hub,LATER-highKD
worksheet for 3 year old pdf free download,170,44,0.0,no,yes,static-or-hub,LATER-highKD
worksheet for kindergarten printable,170,44,0.94,no,yes,static-or-hub,LATER-highKD
worksheet for preschool mathematics,170,20,0.71,no,yes,static-or-hub,BUILD
worksheets for 2 year olds pdf free download,170,40,0.81,no,yes,static-or-hub,BUILD
worksheets pdf free download,170,64,0.91,no,yes,static-or-hub,LATER-highKD
worksheets printable free,170,50,0.93,no,yes,static-or-hub,LATER-highKD
wunderkiddy,170,28,0.6,no,no,static-or-hub,BUILD
123kidsfun,170,34,0.82,no,yes,static-or-hub,BUILD
abc activities for kindergarten,170,18,0.71,yes,yes,gen-letter-tracing,BUILD
abc handwriting practice sheets,170,23,0.7,no,yes,gen-letter-tracing,BUILD
abc learning activities,170,19,0.88,yes,no,gen-letter-tracing,BUILD
abc practice,170,50,1.83,no,yes,gen-letter-tracing,LATER-highKD
abc to print free,170,36,0.83,no,yes,gen-letter-tracing,BUILD
abc worksheet kindergarten,170,24,1.03,no,yes,gen-letter-tracing,BUILD
abc writing practice sheets pdf,170,13,1.23,no,yes,gen-letter-tracing,BUILD
alphabet a worksheet,170,27,0.85,no,yes,gen-letter-tracing,BUILD
alphabet activities for kindergarten,170,10,0.71,yes,yes,gen-letter-tracing,BUILD
alphabet activities preschool,170,14,0.67,yes,yes,gen-letter-tracing,BUILD
alphabet activities worksheets,170,35,0.65,no,yes,gen-letter-tracing,BUILD
alphabet activity pages,170,20,0.4,no,yes,gen-letter-tracing,BUILD
alphabet free printable,170,36,0.64,no,yes,gen-letter-tracing,BUILD
alphabet letter b worksheet,170,19,0.91,no,yes,gen-letter-tracing,BUILD
alphabet letter cut and paste worksheets,170,8,0.69,no,yes,gen-letter-tracing,BUILD
alphabet letter find worksheets,170,30,0.81,no,yes,gen-letter-tracing,BUILD
alphabet letter matching worksheets,170,11,0.45,no,yes,gen-letter-tracing,BUILD
alphabet letters to print free,170,24,0.88,no,yes,gen-letter-tracing,BUILD
alphabet letters worksheets free,170,38,0.63,no,yes,gen-letter-tracing,BUILD
alphabet paper,170,19,0.0,no,yes,gen-letter-tracing,BUILD
alphabet practice printables,170,29,0.79,no,yes,gen-letter-tracing,BUILD
alphabet printout,170,39,0.74,no,yes,gen-letter-tracing,BUILD
alphabet recognition worksheets,170,29,0.52,no,yes,gen-letter-tracing,BUILD
alphabet sheet pdf,170,27,0.96,no,yes,gen-letter-tracing,BUILD
alphabet sheet printable,170,26,0.75,no,yes,gen-letter-tracing,BUILD
alphabet to print free,170,26,0.49,no,yes,gen-letter-tracing,BUILD
alphabet tracing pdf,170,17,0.59,no,yes,gen-letter-tracing,BUILD
alphabets worksheet,170,32,0.71,no,yes,static-or-hub,BUILD
arabic alphabet practice worksheets,170,13,1.28,no,yes,gen-letter-tracing,BUILD
block alphabet printables,170,28,0.41,no,yes,gen-letter-tracing,BUILD
cut and paste alphabet letters,170,1,0.0,no,yes,gen-letter-tracing,BUILD
cut and paste alphabet worksheets,170,7,0.67,no,yes,gen-letter-tracing,BUILD
esl alphabet,170,17,0.0,no,yes,gen-letter-tracing,BUILD
exercises for the alphabet,170,14,0.0,yes,yes,gen-letter-tracing,BUILD
find a letter worksheet,170,17,0.7,no,yes,gen-letter-tracing,BUILD
find letter a worksheet,170,11,0.7,no,yes,gen-letter-tracing,BUILD
find the letter a worksheet,170,17,0.81,no,yes,gen-letter-tracing,BUILD
find the letter alphabet worksheets,170,27,0.7,no,yes,gen-letter-tracing,BUILD
free printable abc letters,170,27,0.9,no,yes,gen-letter-tracing,BUILD
free printable uppercase and lowercase letters worksheets pdf,170,18,0.94,no,yes,gen-letter-tracing,BUILD
hangul alphabet worksheet,170,8,0.67,no,yes,gen-letter-tracing,BUILD
how to write the alphabet,170,39,0.56,yes,yes,gen-letter-tracing,BUILD
kindergarten beginning sounds worksheets,170,10,0.31,no,yes,static-or-hub,BUILD
kindergarten letter i worksheets,170,22,1.09,no,yes,gen-letter-tracing,BUILD
learning to write alphabet letters,170,28,0.89,no,yes,gen-letter-tracing,BUILD
learning to write letter,170,23,0.87,no,yes,gen-letter-tracing,BUILD
letter a print,170,24,1.39,no,yes,gen-letter-tracing,BUILD
letter a work sheets,170,14,0.88,no,yes,gen-letter-tracing,BUILD
letter find worksheets,170,19,0.81,no,yes,gen-letter-tracing,BUILD
letter for kids,170,39,0.0,no,yes,gen-letter-tracing,BUILD
letter kk worksheet,170,12,0.98,no,yes,gen-letter-tracing,BUILD
letter match worksheet,170,25,0.45,no,yes,gen-letter-tracing,BUILD
letter printable,170,30,2.31,no,yes,gen-letter-tracing,BUILD
letter recognition printables,170,23,0.66,no,yes,gen-letter-tracing,BUILD
letter sheets,170,26,0.94,no,yes,gen-letter-tracing,BUILD
letters a to z worksheets,170,29,0.39,no,yes,gen-letter-tracing,BUILD
letters and alphabet,170,61,0.44,yes,no,gen-letter-tracing,LATER-highKD
matching alphabet letters,170,25,0.41,no,yes,gen-letter-tracing,BUILD
practice alphabet writing,170,27,0.55,no,yes,gen-letter-tracing,BUILD
print abc,170,38,1.1,no,yes,gen-letter-tracing,BUILD
printable abc sheets,170,33,0.84,no,yes,gen-letter-tracing,BUILD
printable alphabet templates,170,28,0.44,no,yes,gen-letter-tracing,BUILD
printable cursive alphabet worksheet,170,31,0.55,no,yes,gen-cursive-practice,BUILD
printable letters for preschoolers,170,42,0.74,no,yes,gen-letter-tracing,LATER-highKD
trace and write alphabet center,170,3,0.41,no,yes,gen-letter-tracing,BUILD
worksheet alphabet,170,34,0.71,no,yes,gen-letter-tracing,BUILD
write alphabet,170,39,0.88,no,yes,gen-letter-tracing,BUILD
writing alphabet letters,170,31,0.0,no,yes,gen-letter-tracing,BUILD
writing the alphabet,170,48,0.88,no,yes,gen-letter-tracing,LATER-highKD
writing the alphabet worksheet,170,21,0.76,no,yes,gen-letter-tracing,BUILD
5th grade handwriting,170,7,0.59,no,yes,gen-name-tracing,BUILD
create a cursive handwriting worksheet,170,20,0.0,no,yes,gen-cursive-practice,BUILD
create cursive writing worksheets,170,36,0.0,yes,yes,gen-cursive-practice,BUILD
curcive writing,170,53,0.0,no,yes,static-or-hub,LATER-highKD
cursice letters,170,69,0.0,no,yes,gen-letter-tracing,LATER-highKD
cursive alphabet free printable,170,31,0.6,no,yes,gen-cursive-practice,BUILD
cursive alphabet printable free,170,39,0.71,no,yes,gen-cursive-practice,BUILD
cursive example,170,59,0.0,no,yes,gen-cursive-practice,LATER-highKD
cursive for beginners,170,31,0.35,no,yes,gen-cursive-practice,BUILD
cursive handwriting booklet,170,16,0.32,no,yes,gen-cursive-practice,BUILD
cursive handwriting english,170,47,0.0,no,yes,gen-cursive-practice,LATER-highKD
cursive handwriting paragraph practice,170,12,0.0,no,yes,gen-cursive-practice,BUILD
cursive handwriting practice for adults,170,30,0.4,no,yes,gen-cursive-practice,BUILD
cursive handwriting tracing sheets,170,32,0.0,no,yes,gen-cursive-practice,BUILD
cursive laphabet,170,43,0.46,yes,yes,gen-cursive-practice,LATER-highKD
cursive letter a worksheet,170,22,0.57,no,yes,gen-cursive-practice,BUILD
cursive letters easy,170,51,0.0,no,yes,gen-cursive-practice,LATER-highKD
cursive letters tracing sheets,170,29,0.94,no,yes,gen-cursive-practice,BUILD
cursive notes,170,38,0.0,no,yes,gen-cursive-practice,BUILD
cursive pages,170,24,0.0,no,yes,gen-cursive-practice,BUILD
cursive paragraph practice,170,17,0.0,no,yes,gen-cursive-practice,BUILD
cursive practice pages,170,27,0.18,no,yes,gen-cursive-practice,BUILD
cursive practice worksheets free,170,28,0.48,no,yes,gen-cursive-practice,BUILD
cursive q worksheet,170,17,0.0,no,yes,gen-cursive-practice,BUILD
cursive sentences practice,170,22,0.26,no,yes,gen-cursive-practice,BUILD
cursive sheet generator,170,30,0.0,no,yes,gen-cursive-practice,BUILD
cursive sheet maker,170,17,0.0,no,no,gen-cursive-practice,BUILD
cursive sheets to print,170,23,0.64,no,yes,gen-cursive-practice,BUILD
cursive teaching,170,27,0.49,no,yes,gen-cursive-practice,BUILD
cursive templates,170,22,0.59,no,yes,gen-cursive-practice,BUILD
cursive work,170,44,0.0,no,yes,gen-cursive-practice,LATER-highKD
cursive worksheets generator,170,24,0.0,no,yes,gen-cursive-practice,BUILD
cursive writing practice online,170,37,1.55,no,no,gen-cursive-practice,BUILD
cursive writing sentences,170,21,0.0,no,yes,gen-cursive-practice,BUILD
cursive writing sentences worksheets,170,17,0.0,no,yes,gen-cursive-practice,BUILD
cursive writng,170,56,0.0,yes,yes,gen-cursive-practice,LATER-highKD
draw in cursive,170,41,0.0,no,yes,gen-cursive-practice,LATER-highKD
examples of cursive handwriting,170,20,0.68,yes,yes,gen-cursive-practice,BUILD
free cursive handwriting practice sheets,170,26,0.38,no,yes,gen-cursive-practice,BUILD
free cursive printable alphabet,170,28,0.0,no,no,gen-cursive-practice,BUILD
handwriting english cursive,170,42,0.0,no,yes,gen-cursive-practice,LATER-highKD
handwritingpractice.net,170,21,0.0,no,no,static-or-hub,BUILD
how do i write my name in cursive,170,28,0.23,yes,yes,gen-cursive-name,BUILD
how to practice cursive,170,23,0.35,yes,yes,SKIP-explainer,SKIP-AIO-explainer
how to right your name in cursive,170,14,0.13,yes,no,SKIP-explainer,SKIP-AIO-explainer
how to spell your name in cursive,170,14,0.13,no,yes,SKIP-explainer,SKIP-AIO-explainer
how to write the cursive,170,50,0.63,yes,yes,SKIP-explainer,SKIP-AIO-explainer
how to write words in cursive,170,55,0.0,no,yes,SKIP-explainer,SKIP-AIO-explainer
i write in cursive,170,54,0.0,yes,yes,gen-cursive-practice,LATER-highKD
list cursive,170,50,0.0,no,yes,gen-cursive-practice,LATER-highKD
make your own cursive worksheets,170,24,0.78,no,yes,gen-cursive-practice,BUILD
pictures in cursive,170,13,0.0,yes,yes,gen-cursive-practice,BUILD
practice cursive pages,170,,0.58,no,yes,gen-cursive-practice,LATER-highKD
practice sentences for cursive,170,19,0.26,yes,yes,gen-cursive-practice,BUILD
print cursive handwriting,170,20,0.82,yes,yes,gen-cursive-practice,BUILD
printable cursive chart,170,24,0.0,no,yes,gen-cursive-practice,BUILD
printable letters cursive,170,13,0.62,no,yes,gen-cursive-practice,BUILD
simplified cursive,170,39,0.0,no,yes,gen-cursive-practice,BUILD
spelling cursive,170,56,0.0,no,yes,gen-cursive-practice,LATER-highKD
trace cursive letters worksheet,170,37,0.94,no,yes,gen-cursive-practice,BUILD
traceable cursive,170,47,0.28,no,yes,gen-cursive-practice,LATER-highKD
video on cursive writing,170,47,0.0,no,no,gen-cursive-practice,LATER-highKD
words cursive,170,11,0.09,no,yes,gen-cursive-practice,BUILD
words to write in cursive,170,36,0.0,yes,yes,gen-cursive-practice,BUILD
work in cursive,170,39,0.0,no,yes,gen-cursive-practice,BUILD
writing cursive alphabet,170,52,0.41,no,yes,gen-cursive-practice,LATER-highKD
writing english cursive,170,52,0.0,no,yes,gen-cursive-practice,LATER-highKD
writing in cursive worksheets,170,25,0.57,no,yes,gen-cursive-practice,BUILD
writing letters in cursive,170,62,0.27,no,yes,gen-cursive-practice,LATER-highKD
adult dot to dot printable,170,20,0.0,no,yes,gen-dot-to-dot,BUILD
animal connect the dots,170,7,0.0,no,yes,gen-dot-to-dot,BUILD
challenging dot to dot printables,170,5,0.0,no,yes,gen-dot-to-dot,BUILD
children's connect the dots printables,170,13,0.97,no,yes,gen-dot-to-dot,BUILD
coloring connect the dots,170,15,1.2,no,yes,gen-dot-to-dot,BUILD
connect a dot,170,,0.58,yes,yes,static-or-hub,LATER-highKD
connect dot to dot printables,170,16,1.22,no,yes,gen-dot-to-dot,BUILD
connect dots pictures,170,19,0.0,no,yes,static-or-hub,BUILD
connect the dot puzzle,170,44,0.79,no,yes,static-or-hub,LATER-highKD
connect the dots 100,170,20,0.0,no,yes,gen-dot-to-dot,BUILD
connect the dots for adults printable,170,9,0.0,no,yes,gen-dot-to-dot,BUILD
connect the dots kindergarten,170,9,1.27,no,yes,gen-dot-to-dot,BUILD
connect the dots numbers,170,8,0.2,no,yes,gen-dot-to-dot,BUILD
connect the dots pdf,170,13,0.0,no,yes,gen-dot-to-dot,BUILD
connect the dots puzzles,170,29,0.79,no,yes,gen-dot-to-dot,BUILD
connect the dots to print,170,12,1.04,no,yes,gen-dot-to-dot,BUILD
create connect the dots,170,13,0.0,no,yes,gen-dot-to-dot,BUILD
dot a dot art printables,170,18,1.14,no,yes,static-or-hub,BUILD
dot color pages,170,8,0.51,no,yes,static-or-hub,BUILD
dot day printables,170,7,0.0,no,yes,static-or-hub,BUILD
dot printable,170,6,5.94,no,yes,static-or-hub,BUILD
dot puzzles,170,25,0.74,no,yes,static-or-hub,BUILD
dot sheet,170,22,4.72,no,yes,static-or-hub,BUILD
dot to dot clipart,170,19,0.0,no,yes,gen-dot-to-dot,BUILD
dot to dot free printables hard,170,5,0.0,no,yes,gen-dot-to-dot,BUILD
dot to dot images,170,9,0.0,no,yes,gen-dot-to-dot,BUILD
dot to dot kindergarten,170,9,0.0,no,yes,gen-dot-to-dot,BUILD
dot to dot numbers,170,12,0.58,no,yes,gen-dot-to-dot,BUILD
dot to dot paint printables,170,9,0.0,no,yes,gen-dot-to-dot,BUILD
dot to dot printables 1-100,170,10,0.0,no,no,gen-dot-to-dot,BUILD
dot to dot printables pdf,170,19,0.0,no,yes,gen-dot-to-dot,BUILD
dot to dot puzzle,170,30,0.41,no,yes,gen-dot-to-dot,BUILD
dot to dot up to 100,170,13,0.0,no,yes,gen-dot-to-dot,BUILD
dot to dot worksheet,170,7,0.88,no,yes,gen-dot-to-dot,BUILD
dots pictures,170,4,0.4,no,yes,static-or-hub,BUILD
easy dot to dot printables,170,15,0.0,no,yes,gen-dot-to-dot,BUILD
extreme connect the dots free printable,170,9,0.0,no,yes,gen-dot-to-dot,BUILD
extreme dot to dot free,170,3,0.0,no,yes,gen-dot-to-dot,BUILD
extreme dot to dot pdf,170,3,0.0,no,no,gen-dot-to-dot,BUILD
free dot to dot pages,170,15,0.7,no,yes,gen-dot-to-dot,BUILD
free printable dot to dot puzzles,170,20,0.0,no,yes,gen-dot-to-dot,BUILD
free printable hard dot to dot,170,1,0.0,no,yes,gen-dot-to-dot,BUILD
free printable mystery color by number,170,18,0.0,no,yes,static-or-hub,BUILD
giant dot to dot printables,170,18,0.0,no,no,gen-dot-to-dot,BUILD
hard connect the dots printable,170,0,0.0,no,yes,gen-dot-to-dot,BUILD
hard dot to dots,170,9,0.0,no,yes,gen-dot-to-dot,BUILD
hidden mystery color by number printables,170,11,0.0,no,yes,static-or-hub,BUILD
join the dots worksheet,170,10,1.22,no,yes,static-or-hub,BUILD
medium dot to dot printables,170,19,0.0,no,yes,gen-dot-to-dot,BUILD
mystery color by number printable,170,18,0.0,no,yes,static-or-hub,BUILD
mystery color by number printables,170,20,0.0,no,yes,static-or-hub,BUILD
simple dot to dot printables,170,15,0.0,no,yes,gen-dot-to-dot,BUILD
abc tracing worksheets for kindergarten,140,22,0.0,no,yes,gen-letter-tracing,BUILD
aesthetic printable neat handwriting practice sheets,140,23,0.0,no,yes,gen-name-tracing,BUILD
alphabet printables tracing,140,20,0.89,no,yes,gen-letter-tracing,BUILD
alphabet tracing for kindergarten,140,23,0.96,no,yes,gen-letter-tracing,BUILD
alphabet tracing worksheet free,140,23,0.73,no,yes,gen-letter-tracing,BUILD
alphabet tracing worksheets a-z,140,13,0.74,no,no,gen-letter-tracing,BUILD
alphabets tracing worksheets,140,23,0.74,no,yes,static-or-hub,BUILD
amazing handwriting worksheets,140,34,0.0,no,yes,gen-name-tracing,BUILD
beginning tracing worksheets,140,17,0.0,no,yes,static-or-hub,BUILD
blank handwriting practice sheets,140,11,0.0,no,yes,gen-name-tracing,BUILD
blank writing practice sheets,140,20,0.8,no,yes,static-or-hub,BUILD
christmas tracing worksheet,140,9,0.0,no,yes,static-or-hub,BUILD
christmas tracing worksheets,140,11,0.0,no,yes,static-or-hub,BUILD
create handwriting worksheets free,140,27,0.42,no,yes,gen-name-tracing,BUILD
create your own traceable worksheets,140,34,0.3,no,no,gen-name-tracing,BUILD
create your own tracing worksheets,140,34,0.55,no,yes,static-or-hub,BUILD
createprintables com,140,35,0.0,no,yes,static-or-hub,BUILD
cursive letter tracing worksheets,140,32,0.48,no,yes,gen-cursive-practice,BUILD
cursive letters tracing worksheets,140,33,0.79,no,yes,gen-cursive-practice,BUILD
custom handwriting sheets,140,25,0.25,no,no,gen-name-tracing,BUILD
custom tracing sheets,140,29,0.37,no,yes,static-or-hub,BUILD
dotted alphabet letters to trace,140,21,0.41,no,no,gen-letter-tracing,BUILD
editable worksheet,140,28,0.22,no,no,static-or-hub,BUILD
fall tracing worksheets,140,2,0.0,no,yes,static-or-hub,BUILD
free alphabet letters to trace,140,32,0.62,no,no,gen-letter-tracing,BUILD
free alphabet tracing pages,140,15,0.58,no,yes,gen-letter-tracing,BUILD
free editable name tracing sheets,140,24,0.11,no,yes,gen-name-tracing,BUILD
free handwriting paper,140,23,0.08,no,yes,gen-name-tracing,BUILD
free handwriting sheet maker,140,27,0.58,no,no,gen-name-tracing,BUILD
free handwriting sheets cursive,140,35,0.38,no,no,gen-cursive-practice,BUILD
free letter a tracing worksheets,140,23,0.77,no,yes,gen-letter-tracing,BUILD
free name printing,140,34,0.0,no,yes,static-or-hub,BUILD
free name tracing template,140,20,0.32,no,yes,gen-name-tracing,BUILD
free name tracing worksheet,140,13,0.33,no,yes,gen-name-tracing,BUILD
free name writing worksheets,140,25,0.22,no,yes,gen-name-tracing,BUILD
free printable alphabet letter tracing worksheets,140,25,0.87,no,yes,gen-letter-tracing,BUILD
free printable alphabet tracing sheets,140,26,0.73,no,yes,gen-letter-tracing,BUILD
free printable practice handwriting sheets,140,29,0.55,no,yes,gen-name-tracing,BUILD
free printable tracing letter a worksheets,140,17,0.87,no,yes,gen-letter-tracing,BUILD
free tracing alphabet worksheets,140,18,0.58,no,yes,gen-letter-tracing,BUILD
free writing template,140,22,0.9,no,yes,static-or-hub,BUILD
fun tracing worksheets,140,16,0.0,no,yes,static-or-hub,BUILD
handwriting chart,140,16,0.0,no,yes,gen-name-tracing,BUILD
handwriting font canva,140,34,1.23,no,yes,gen-name-tracing,BUILD
handwriting free printable preschool worksheets tracing letters,140,24,0.0,no,yes,gen-letter-tracing,BUILD
handwriting lines to print,140,25,0.29,no,yes,gen-prewriting-lines,BUILD
handwriting name printables,140,24,0.25,no,no,gen-name-tracing,BUILD
handwriting pages to print,140,20,0.67,no,yes,gen-name-tracing,BUILD
handwriting practice generator,140,28,0.0,no,no,gen-name-tracing,BUILD
handwriting practice net,140,23,0.0,no,yes,gen-name-tracing,BUILD
handwriting practice pdf,140,25,0.0,no,yes,gen-name-tracing,BUILD
handwriting practice printouts,140,33,0.5,no,no,gen-name-tracing,BUILD
handwriting practice sheets free,140,28,0.8,no,yes,gen-name-tracing,BUILD
handwriting practice sheets free printable,140,26,0.72,no,yes,gen-name-tracing,BUILD
handwriting practice sheets to print,140,24,0.67,no,yes,gen-name-tracing,BUILD
handwriting practise worksheets,140,38,0.5,no,no,gen-name-tracing,BUILD
handwriting printable paper,140,21,0.28,no,yes,gen-name-tracing,BUILD
handwriting worksheets for kids,140,33,0.0,no,yes,gen-name-tracing,BUILD
heart tracing worksheet,140,6,0.0,no,yes,static-or-hub,BUILD
k letter tracing,140,10,0.0,no,yes,gen-letter-tracing,BUILD
kindergarten name tracing generator,140,11,0.0,no,no,gen-name-tracing,BUILD
kindergarten tracing,140,24,0.68,no,yes,static-or-hub,BUILD
learn to write sheets,140,36,0.89,no,yes,static-or-hub,BUILD
letter a and b tracing,140,13,0.0,no,yes,gen-letter-tracing,BUILD
letter a tracing preschool,140,16,0.68,no,yes,gen-letter-tracing,BUILD
letter a tracing worksheets pdf,140,13,1.05,no,yes,gen-letter-tracing,BUILD
letter abc tracing,140,31,1.17,no,yes,gen-letter-tracing,BUILD
letter d tracing worksheet,140,6,0.0,no,yes,gen-letter-tracing,BUILD
letter e tracing worksheet,140,14,0.0,no,yes,gen-letter-tracing,BUILD
letter f tracing worksheet,140,7,0.0,no,yes,gen-letter-tracing,BUILD
letter handwriting practice sheets,140,29,0.72,no,yes,gen-letter-tracing,BUILD
letter l tracing worksheets,140,11,0.0,no,yes,gen-letter-tracing,BUILD
letter o tracing worksheets,140,10,0.0,no,yes,gen-letter-tracing,BUILD
letter p tracing worksheet,140,10,0.0,no,yes,gen-letter-tracing,BUILD
letter r tracing sheet,140,10,0.0,no,yes,gen-letter-tracing,BUILD
letter r tracing worksheets,140,10,0.0,no,yes,gen-letter-tracing,BUILD
letter s tracing worksheets preschool,140,16,1.02,no,yes,gen-letter-tracing,BUILD
letter traces,140,23,0.75,no,yes,gen-letter-tracing,BUILD
letter tracing sheet,140,22,1.03,no,yes,gen-letter-tracing,BUILD
letter v tracing worksheets,140,7,0.0,no,yes,gen-letter-tracing,BUILD
letter y tracing worksheets,140,5,0.0,no,yes,gen-letter-tracing,BUILD
letter z tracing worksheets,140,19,0.0,no,yes,gen-letter-tracing,BUILD
letters for tracing kindergarten,140,15,0.94,no,yes,gen-letter-tracing,BUILD
letters tracing sheet,140,24,0.82,no,yes,gen-letter-tracing,BUILD
line tracing for preschool,140,13,0.82,no,yes,gen-prewriting-lines,BUILD
lines for writing practice,140,32,0.0,no,yes,gen-prewriting-lines,BUILD
lines worksheet,140,11,0.0,no,yes,gen-prewriting-lines,BUILD
lowercase a tracing sheet,140,9,1.23,no,yes,static-or-hub,BUILD
make your own activity sheet,140,47,0.65,yes,yes,static-or-hub,LATER-highKD
make your own handwriting practice worksheets,140,16,0.0,no,no,gen-name-tracing,BUILD
make your own tracing sheets,140,35,0.55,no,yes,static-or-hub,BUILD
name handwriting practice,140,23,0.21,no,yes,gen-name-tracing,BUILD
name handwriting practice sheets,140,24,0.25,no,yes,gen-name-tracing,BUILD
name practice sheet generator,140,23,0.23,no,no,gen-name-tracing,BUILD
name sheets for preschool,140,25,0.41,no,yes,static-or-hub,BUILD
name trace printable free,140,18,0.33,no,yes,gen-name-tracing,BUILD
name tracers,140,10,0.38,no,yes,gen-name-tracing,BUILD
name tracing for preschoolers,140,29,0.29,no,yes,gen-name-tracing,BUILD
name tracing generator with lines,140,25,0.62,no,yes,gen-name-tracing,BUILD
name tracing paper,140,24,0.33,no,yes,gen-name-tracing,BUILD
name tracing template free,140,14,0.32,no,yes,gen-name-tracing,BUILD
name tracing with lines,140,17,0.33,no,yes,gen-name-tracing,BUILD
name tracing worksheets pdf,140,9,0.82,no,yes,gen-name-tracing,BUILD
name writing generator,140,11,0.0,no,yes,gen-name-tracing,BUILD
name writing sheets,140,29,0.16,no,yes,gen-name-tracing,BUILD
number 6 tracing worksheets,140,10,0.0,no,yes,gen-number-tracing,BUILD
number 8 tracing worksheets,140,18,0.0,no,yes,gen-number-tracing,BUILD
number tracing worksheets for kindergarten,140,19,0.67,no,yes,gen-number-tracing,BUILD
number tracing worksheets free,140,20,0.57,no,yes,gen-number-tracing,BUILD
penmanship practice for kids,140,33,0.0,no,yes,static-or-hub,BUILD
penmanship practice sheets for adults,140,17,0.51,no,no,static-or-hub,BUILD
penmanship writing worksheets,140,39,0.57,no,yes,static-or-hub,BUILD
personalized name tracing sheets,140,20,0.32,no,no,gen-name-tracing,BUILD
personalized tracing worksheets,140,19,0.4,no,no,static-or-hub,BUILD
practice penmanship printables,140,44,0.46,no,no,static-or-hub,LATER-highKD
practice sheets for handwriting,140,41,0.48,no,yes,gen-name-tracing,LATER-highKD
practice signature worksheet,140,18,0.0,no,yes,static-or-hub,BUILD
practice writing names,140,27,0.23,no,yes,gen-name-tracing,BUILD
practice writing pages,140,34,0.57,no,yes,static-or-hub,BUILD
pre handwriting practice sheets,140,4,0.85,no,yes,gen-name-tracing,BUILD
pre k letter tracing,140,22,0.9,no,yes,gen-letter-tracing,BUILD
pre k tracing lines,140,8,0.97,no,yes,gen-prewriting-lines,BUILD
preschool name worksheets,140,15,0.43,no,yes,static-or-hub,BUILD
preschool number tracing pages,140,13,0.75,no,yes,gen-number-tracing,BUILD
preschool tracing activities,140,24,1.34,no,yes,static-or-hub,BUILD
print handwriting practice sheets,140,21,0.87,no,yes,gen-name-tracing,BUILD
print out letters to trace,140,27,0.86,no,yes,gen-letter-tracing,BUILD
print tracing worksheets,140,43,1.01,no,yes,static-or-hub,LATER-highKD
printable handwriting pages,140,31,0.67,no,yes,gen-name-tracing,BUILD
printable handwriting practice worksheets,140,38,0.69,no,yes,gen-name-tracing,BUILD
printable handwriting sheets free,140,31,0.78,no,yes,gen-name-tracing,BUILD
printable names free,140,16,0.0,no,yes,gen-name-tracing,BUILD
printable traceable alphabet letters,140,20,0.95,no,yes,gen-letter-tracing,BUILD
printable tracing sheets,140,20,1.01,no,yes,static-or-hub,BUILD
printing practice,140,22,0.5,no,yes,static-or-hub,BUILD
printing practice sheets,140,11,0.56,no,yes,static-or-hub,BUILD
printing practice worksheets,140,28,0.41,no,yes,static-or-hub,BUILD
signature practice sheets,140,23,0.0,no,yes,static-or-hub,BUILD
square tracing worksheets,140,5,0.0,no,yes,static-or-hub,BUILD
trace alphabet letters,140,23,0.89,no,yes,gen-letter-tracing,BUILD
trace letter worksheet,140,30,1.03,no,yes,gen-letter-tracing,BUILD
trace lettering,140,13,0.0,no,yes,static-or-hub,BUILD
trace name template,140,28,0.43,no,yes,gen-name-tracing,BUILD
trace sentences,140,19,0.45,no,yes,static-or-hub,BUILD
trace the letter i,140,21,0.77,no,yes,gen-letter-tracing,BUILD
traceable alphabet worksheets printable,140,22,0.71,no,no,gen-letter-tracing,BUILD
traceable worksheet maker,140,45,0.37,no,yes,gen-name-tracing,LATER-highKD
tracing 1 20 worksheets,140,13,1.26,no,yes,static-or-hub,BUILD
tracing big letters,140,9,0.66,no,yes,gen-letter-tracing,BUILD
tracing children's names,140,17,0.2,no,no,gen-name-tracing,BUILD
tracing for kg,140,23,0.88,no,yes,static-or-hub,BUILD
tracing letter a worksheets,140,17,0.82,no,yes,gen-letter-tracing,BUILD
tracing letter b worksheet,140,19,0.81,no,yes,gen-letter-tracing,BUILD
tracing letter g worksheets,140,7,0.76,no,yes,gen-letter-tracing,BUILD
tracing letter h worksheets,140,13,0.0,no,yes,gen-letter-tracing,BUILD
tracing letter l worksheets,140,5,0.0,no,yes,gen-letter-tracing,BUILD
tracing letters for preschool,140,18,0.9,no,yes,gen-letter-tracing,BUILD
tracing letters printables,140,21,0.86,no,yes,gen-letter-tracing,BUILD
tracing letters s,140,12,0.0,no,yes,gen-letter-tracing,BUILD
tracing line worksheets,140,9,0.7,no,yes,gen-prewriting-lines,BUILD
tracing lines preschool,140,15,0.94,no,yes,gen-prewriting-lines,BUILD
tracing lines worksheets for nursery,140,11,0.78,no,yes,gen-prewriting-lines,BUILD
tracing lowercase alphabet,140,12,0.57,no,yes,gen-letter-tracing,BUILD
tracing lowercase alphabet letters,140,10,0.85,no,yes,gen-letter-tracing,BUILD
tracing name printable,140,25,0.33,no,yes,gen-name-tracing,BUILD
tracing of letters,140,13,0.57,no,yes,gen-letter-tracing,BUILD
tracing page,140,31,0.88,no,yes,static-or-hub,BUILD
tracing practice sheets,140,36,0.9,no,yes,static-or-hub,BUILD
tracing pre k worksheets,140,21,0.88,no,yes,static-or-hub,BUILD
tracing printables,140,23,0.0,no,yes,static-or-hub,BUILD
tracing shapes free worksheets,140,19,0.61,no,yes,gen-prewriting-lines,BUILD
tracing sheets for kindergarten,140,24,0.74,no,yes,static-or-hub,BUILD
tracing sheets for preschoolers,140,17,0.96,no,yes,static-or-hub,BUILD
tracing the letter t worksheet,140,14,0.0,no,yes,gen-letter-tracing,BUILD
tracing the number 5 worksheet,140,15,0.0,no,yes,gen-number-tracing,BUILD
tracing worksheets make your own,140,36,0.55,no,no,static-or-hub,BUILD
tracing worksheets pdf,140,16,0.66,no,yes,static-or-hub,BUILD
tracingletters,140,30,0.0,no,yes,static-or-hub,BUILD
unscramble tracing,140,12,0.0,no,no,static-or-hub,BUILD
writing alphabet letters worksheets,140,19,0.89,no,yes,gen-letter-tracing,BUILD
writing letters practice sheets,140,22,0.72,no,yes,gen-letter-tracing,BUILD
writing practice worksheets free,140,29,0.6,no,yes,static-or-hub,BUILD
writing practise worksheets,140,36,0.82,yes,yes,static-or-hub,BUILD
writing sheets for kids,140,34,0.0,no,yes,static-or-hub,BUILD
www createprintables com name tracing,140,24,0.72,no,no,gen-name-tracing,BUILD
1 10 number worksheets for preschool,140,18,0.89,no,yes,gen-number-tracing,BUILD
3 year old curriculum pdf free,140,12,0.0,yes,no,static-or-hub,BUILD
a and an worksheets for preschool,140,24,1.04,no,yes,static-or-hub,BUILD
abby the pup,140,16,0.58,no,yes,static-or-hub,BUILD
abc cut and paste worksheets,140,10,0.64,no,yes,gen-letter-tracing,BUILD
abc mouse worksheets,140,29,1.72,no,yes,gen-letter-tracing,BUILD
abc preschool worksheets,140,43,0.88,no,yes,gen-letter-tracing,LATER-highKD
abc worksheets for preschool,140,40,1.02,no,yes,gen-letter-tracing,BUILD
abc worksheets free,140,36,0.69,no,yes,gen-letter-tracing,BUILD
activities pages,140,33,2.01,no,yes,static-or-hub,BUILD
activity pages for middle schoolers,140,8,0.94,no,yes,static-or-hub,BUILD
activity worksheets for kids,140,64,0.0,no,yes,static-or-hub,LATER-highKD
activity worksheets for nursery,140,32,1.0,no,yes,static-or-hub,BUILD
adding worksheets preschool,140,12,0.94,no,yes,static-or-hub,BUILD
addition for preschool worksheets,140,12,0.94,no,yes,static-or-hub,BUILD
alphabet print out for preschool,140,36,1.25,no,yes,gen-letter-tracing,BUILD
alphabet worksheet for preschoolers,140,24,1.02,no,yes,gen-letter-tracing,BUILD
blue worksheets preschool,140,1,0.0,no,yes,static-or-hub,BUILD
children's worksheets preschool,140,46,1.0,no,yes,static-or-hub,LATER-highKD
classroom worksheets,140,66,1.05,no,yes,static-or-hub,LATER-highKD
color blue preschool worksheets,140,3,0.0,no,yes,static-or-hub,BUILD
color blue worksheets for preschool,140,7,0.0,no,yes,static-or-hub,BUILD
color green worksheets for preschoolers,140,5,1.36,no,yes,static-or-hub,BUILD
color green worksheets preschool,140,7,1.36,no,yes,static-or-hub,BUILD
color orange preschool worksheets,140,12,0.0,no,yes,static-or-hub,BUILD
color orange worksheets for preschool,140,8,0.0,no,yes,static-or-hub,BUILD
color orange worksheets preschool,140,7,0.0,no,yes,static-or-hub,BUILD
colors worksheet preschool,140,22,0.98,no,yes,static-or-hub,BUILD
daycare worksheets,140,42,0.98,no,yes,static-or-hub,LATER-highKD
dinosaur worksheet preschool,140,3,0.86,no,yes,static-or-hub,BUILD
dr seuss worksheets preschool,140,24,0.29,no,yes,static-or-hub,BUILD
easter worksheets for preschool,140,18,0.61,no,yes,static-or-hub,BUILD
easykids,140,30,0.0,no,yes,static-or-hub,BUILD
edu workpage,140,54,0.0,yes,no,static-or-hub,LATER-highKD
educational worksheets for kindergarten,140,54,1.13,no,yes,static-or-hub,LATER-highKD
elementary activity worksheets,140,65,0.95,yes,yes,static-or-hub,LATER-highKD
elementary school worksheets,140,59,0.0,no,yes,static-or-hub,LATER-highKD
farm worksheets for preschool,140,8,0.68,no,yes,static-or-hub,BUILD
farm worksheets for preschoolers,140,6,0.68,no,yes,static-or-hub,BUILD
farm worksheets preschool,140,1,0.68,no,yes,static-or-hub,BUILD
flower worksheets for preschool,140,1,0.0,no,yes,static-or-hub,BUILD
free abc printouts,140,29,0.83,no,yes,gen-letter-tracing,BUILD
free abc worksheets for kindergarten,140,37,0.69,no,yes,gen-letter-tracing,BUILD
free educational activities for 3 year olds at home,140,18,0.89,yes,no,static-or-hub,BUILD
free elementary worksheets,140,61,1.08,no,yes,static-or-hub,LATER-highKD
free homeschool curriculum for preschool,140,12,1.81,yes,no,static-or-hub,BUILD
free homeschool printable,140,22,1.81,yes,yes,static-or-hub,BUILD
free homeschool worksheets printable,140,21,1.64,no,yes,static-or-hub,BUILD
free kindergarten worksheets to print,140,48,1.01,no,yes,static-or-hub,LATER-highKD
free pre kindergarten printables,140,37,0.86,no,no,static-or-hub,BUILD
free preschool alphabet worksheets,140,23,0.76,no,yes,gen-letter-tracing,BUILD
free preschool math worksheets,140,27,0.58,no,yes,static-or-hub,BUILD
free preschool worksheets age 3-4 pdf download,140,45,0.0,yes,no,gen-number-tracing,LATER-highKD
free printable all about me worksheet preschool,140,31,0.0,no,yes,static-or-hub,BUILD
free printable games for kids,140,12,0.0,yes,yes,static-or-hub,BUILD
free printable preschool letter a worksheets,140,24,1.04,no,yes,gen-letter-tracing,BUILD
free printable preschool math worksheets,140,28,0.54,no,yes,static-or-hub,BUILD
free printable school worksheets,140,62,0.0,no,yes,static-or-hub,LATER-highKD
free printable worksheets for 2 year olds,140,28,0.83,no,yes,static-or-hub,BUILD
free printable worksheets for k 12,140,58,1.01,no,no,static-or-hub,LATER-highKD
free printable worksheets for prek,140,37,0.95,no,yes,static-or-hub,BUILD
free printable worksheets for three year olds,140,37,1.06,no,yes,static-or-hub,BUILD
free printable worksheets for two year olds,140,18,0.87,no,yes,static-or-hub,BUILD
free printable worksheets preschool,140,41,1.01,no,yes,static-or-hub,LATER-highKD
free printables for math,140,61,0.81,no,yes,static-or-hub,LATER-highKD
free printables worksheets,140,61,0.93,no,yes,static-or-hub,LATER-highKD
free printouts for preschoolers,140,34,0.94,no,yes,static-or-hub,BUILD
free tpt worksheets,140,23,0.34,no,no,static-or-hub,BUILD
free worksheet printables,140,61,1.15,no,yes,static-or-hub,LATER-highKD
free worksheets for pre k,140,48,0.86,no,yes,static-or-hub,LATER-highKD
freeworksheets,140,73,0.9,no,yes,static-or-hub,LATER-highKD
friends worksheet for preschool,140,15,0.0,no,yes,static-or-hub,BUILD
fun activities to do with kindergarten,140,16,0.6,yes,no,static-or-hub,BUILD
fun activities to print,140,24,1.73,no,yes,static-or-hub,BUILD
h worksheet preschool,140,11,0.0,no,yes,static-or-hub,BUILD
h worksheets for preschool,140,7,0.78,no,yes,static-or-hub,BUILD
halloween worksheet for preschool,140,16,0.0,no,yes,static-or-hub,BUILD
handwriting worksheets for pre-k,140,12,0.77,no,no,gen-name-tracing,BUILD
homeschool activity sheets,140,28,1.84,yes,yes,static-or-hub,BUILD
homeschool work sheets,140,26,1.84,no,yes,static-or-hub,BUILD
homework for 3 year olds,140,22,0.97,no,yes,static-or-hub,BUILD
homework for 4 year olds,140,39,1.09,no,yes,static-or-hub,BUILD
homework for three year olds,140,27,1.06,no,yes,static-or-hub,BUILD
homework worksheets,140,64,0.84,no,yes,static-or-hub,LATER-highKD
j worksheet for preschool,140,12,0.86,no,yes,static-or-hub,BUILD
k12 free worksheets,140,57,1.37,no,no,static-or-hub,LATER-highKD
k5 free worksheets,140,61,0.86,no,yes,static-or-hub,LATER-highKD
k5 learning kindergarten,140,17,1.83,no,yes,static-or-hub,BUILD
k5 learning kindergarten math worksheets,140,51,0.0,no,yes,static-or-hub,LATER-highKD
kids worksheets free,140,64,0.0,no,yes,static-or-hub,LATER-highKD
kindergarten activities printable,140,58,0.89,no,yes,static-or-hub,LATER-highKD
kindergarten activity worksheets pdf,140,27,0.94,no,yes,static-or-hub,BUILD
kindergarten english worksheets pdf,140,26,1.0,no,yes,static-or-hub,BUILD
kindergarten free,140,17,3.0,no,yes,static-or-hub,BUILD
kindergarten free worksheets pdf,140,51,0.93,no,yes,static-or-hub,LATER-highKD
kindergarten homeschool worksheets,140,28,1.76,no,yes,static-or-hub,BUILD
kindergarten printable sheets,140,50,1.07,no,yes,static-or-hub,LATER-highKD
kindergarten readiness worksheets,140,15,1.18,no,yes,static-or-hub,BUILD
kindergarten school work,140,49,1.25,no,yes,static-or-hub,LATER-highKD
kindergarten works,140,32,1.26,no,yes,static-or-hub,BUILD
kindy activity,140,26,1.07,no,yes,static-or-hub,BUILD
learning printables for 4 year olds,140,48,1.32,no,yes,static-or-hub,LATER-highKD
learning worksheet for kindergarten,140,50,1.13,no,yes,static-or-hub,LATER-highKD
letter a worksheets for preschoolers,140,16,0.81,no,yes,gen-letter-tracing,BUILD
letter d worksheets for preschoolers,140,19,0.9,no,yes,gen-letter-tracing,BUILD
letter d worksheets preschool,140,17,0.83,no,yes,gen-letter-tracing,BUILD
letter e preschool worksheets,140,16,0.92,no,yes,gen-letter-tracing,BUILD
letter e worksheets preschool,140,18,0.74,no,yes,gen-letter-tracing,BUILD
letter f preschool worksheets,140,14,0.74,no,yes,gen-letter-tracing,BUILD
letter k preschool worksheet,140,3,1.29,no,yes,gen-letter-tracing,BUILD
letter l worksheet for preschool,140,10,0.87,no,yes,gen-letter-tracing,BUILD
letter l worksheet preschool,140,13,0.87,no,yes,gen-letter-tracing,BUILD
letter m printables preschool,140,14,0.74,no,yes,gen-letter-tracing,BUILD
letter n preschool worksheets,140,15,1.79,no,yes,gen-letter-tracing,BUILD
letter o preschool worksheet,140,13,0.96,no,yes,gen-letter-tracing,BUILD
letter q worksheet preschool,140,10,0.85,no,yes,gen-letter-tracing,BUILD
letter r preschool worksheets,140,9,1.03,no,yes,gen-letter-tracing,BUILD
letter r worksheets for preschool,140,6,1.03,no,yes,gen-letter-tracing,BUILD
letter t worksheets for preschool,140,14,0.94,no,yes,gen-letter-tracing,BUILD
letter w worksheets for preschoolers,140,13,0.0,no,yes,gen-letter-tracing,BUILD
letter x worksheet preschool,140,14,0.92,no,yes,gen-letter-tracing,BUILD
letter z worksheets for preschoolers,140,4,0.0,no,yes,gen-letter-tracing,BUILD
matching worksheets preschool,140,13,0.9,no,yes,static-or-hub,BUILD
math sheets to print out,140,64,0.82,no,yes,static-or-hub,LATER-highKD
number 1 worksheets for preschoolers,140,16,0.0,no,yes,gen-number-tracing,BUILD
number 10 worksheets for preschool,140,10,0.0,no,yes,gen-number-tracing,BUILD
number 13 worksheet for preschool,140,13,0.0,no,yes,gen-number-tracing,BUILD
number 13 worksheet preschool,140,11,0.0,no,yes,gen-number-tracing,BUILD
number 13 worksheets for preschoolers,140,8,0.0,no,yes,gen-number-tracing,BUILD
number 14 worksheet for preschool,140,7,0.0,no,yes,gen-number-tracing,BUILD
number 14 worksheets for preschool,140,5,0.0,no,yes,gen-number-tracing,BUILD
number 15 preschool worksheet,140,8,0.0,no,yes,gen-number-tracing,BUILD
number 15 worksheet for preschool,140,13,0.0,no,yes,gen-number-tracing,BUILD
number 2 preschool worksheet,140,18,0.0,no,yes,gen-number-tracing,BUILD
number 4 worksheet preschool,140,11,0.0,no,yes,gen-number-tracing,BUILD
number 4 worksheets for preschoolers,140,11,0.0,no,yes,gen-number-tracing,BUILD
number 7 preschool worksheets,140,19,0.0,no,yes,gen-number-tracing,BUILD
nursery worksheets pdf,140,27,0.8,no,yes,static-or-hub,BUILD
opposite worksheets for preschoolers,140,13,0.0,no,yes,static-or-hub,BUILD
opposites worksheet preschool,140,15,0.42,no,yes,static-or-hub,BUILD
orange worksheet for preschool,140,12,0.0,no,yes,static-or-hub,BUILD
practice writing pages for preschool,140,33,0.77,no,yes,static-or-hub,BUILD
pre k alphabet worksheets,140,29,0.83,no,yes,gen-letter-tracing,BUILD
pre k letter sheets,140,29,0.78,no,yes,gen-letter-tracing,BUILD
pre k printable fun,140,34,1.23,no,yes,static-or-hub,BUILD
pre k printable worksheets free,140,40,0.84,no,yes,static-or-hub,BUILD
pre k worksheets alphabet,140,37,0.83,no,yes,gen-letter-tracing,BUILD
pre k worksheets printable free,140,50,1.07,no,yes,static-or-hub,LATER-highKD
pre kg learning activities,140,23,1.74,yes,yes,static-or-hub,BUILD
pre kindergarten reading worksheets,140,22,1.19,no,yes,static-or-hub,BUILD
pre reading worksheets for preschoolers,140,19,1.13,no,yes,static-or-hub,BUILD
pre school worksheets,140,46,0.0,no,yes,static-or-hub,LATER-highKD
pre-k activities,140,23,0.99,yes,no,static-or-hub,BUILD
prek worksheets pdf,140,45,1.22,no,yes,static-or-hub,LATER-highKD
prek writing worksheets,140,22,0.78,no,yes,static-or-hub,BUILD
preschool abc printables,140,42,1.25,no,yes,gen-letter-tracing,LATER-highKD
preschool activities printable,140,35,1.0,no,yes,static-or-hub,BUILD
preschool activity sheets pdf,140,44,0.95,no,yes,static-or-hub,LATER-highKD
preschool alphabet printables,140,36,0.74,no,yes,gen-letter-tracing,BUILD
preschool ela worksheets,140,22,0.81,no,yes,static-or-hub,BUILD
preschool free worksheet,140,42,0.8,no,yes,static-or-hub,LATER-highKD
preschool learning activity sheets,140,47,0.9,no,yes,static-or-hub,LATER-highKD
preschool learning materials,140,26,1.27,no,yes,static-or-hub,BUILD
preschool letter l worksheets,140,13,0.87,no,yes,gen-letter-tracing,BUILD
preschool letter u worksheets,140,12,1.22,no,yes,gen-letter-tracing,BUILD
preschool letter v worksheets,140,2,0.0,no,yes,gen-letter-tracing,BUILD
preschool letter worksheets free,140,38,0.71,no,yes,gen-letter-tracing,BUILD
preschool math worksheets pdf free download,140,27,0.76,no,yes,static-or-hub,BUILD
preschool number 14 worksheet,140,2,0.0,no,yes,gen-number-tracing,BUILD
preschool numbers worksheet,140,22,0.9,no,yes,gen-number-tracing,BUILD
preschool rhyming worksheets,140,18,0.38,no,yes,static-or-hub,BUILD
preschool star worksheet,140,4,0.0,no,yes,static-or-hub,BUILD
preschool winter worksheets,140,8,0.0,no,yes,static-or-hub,BUILD
preschool worksheets christmas,140,5,0.0,no,yes,static-or-hub,BUILD
preschool worksheets letter l,140,8,0.78,no,yes,gen-letter-tracing,BUILD
preschool worksheets letter m,140,13,0.74,no,yes,gen-letter-tracing,BUILD
preschool worksheets number 2,140,12,0.0,no,yes,gen-number-tracing,BUILD
preschool worksheets on animals,140,11,1.14,no,yes,static-or-hub,BUILD
preschool writing practice printables,140,23,0.81,no,yes,static-or-hub,BUILD
preschool writing worksheets pdf,140,24,0.0,no,yes,static-or-hub,BUILD
preschooler preschool coloring worksheets,140,19,0.0,no,yes,static-or-hub,BUILD
printable activities for 4 year olds,140,39,0.77,no,yes,static-or-hub,BUILD
printable fun activity pages,140,33,1.19,no,yes,static-or-hub,BUILD
printable learning pages for kindergarten,140,50,0.94,no,yes,static-or-hub,LATER-highKD
printable preschool curriculum,140,20,1.77,yes,yes,static-or-hub,BUILD
printable preschool learning activities,140,35,1.0,yes,yes,static-or-hub,BUILD
printable resources,140,50,2.94,yes,yes,static-or-hub,LATER-highKD
printable sheets for preschoolers,140,50,1.03,no,yes,static-or-hub,LATER-highKD
printable toddler worksheets,140,51,0.0,no,yes,static-or-hub,LATER-highKD
printable worksheets for kindergarten free,140,44,0.89,no,yes,static-or-hub,LATER-highKD
printable worksheets for kindergarteners,140,50,1.15,no,yes,static-or-hub,LATER-highKD
printables abc,140,28,0.85,no,yes,gen-letter-tracing,BUILD
printables for preschool,140,39,0.96,yes,yes,static-or-hub,BUILD
printouts for kindergarten worksheets,140,35,0.94,no,no,static-or-hub,BUILD
printouts for preschoolers,140,40,1.09,no,yes,static-or-hub,BUILD
pumpkin preschool worksheets,140,2,0.0,no,yes,static-or-hub,BUILD
pumpkin worksheets for preschool,140,2,0.0,no,yes,static-or-hub,BUILD
school work sheets,140,61,0.0,no,yes,static-or-hub,LATER-highKD
shapes worksheet preschool,140,24,0.73,no,yes,gen-prewriting-lines,BUILD
simple worksheets for kindergarten,140,47,0.71,no,yes,static-or-hub,LATER-highKD
space worksheets for preschool,140,10,1.07,no,yes,static-or-hub,BUILD
space worksheets preschool,140,11,1.07,no,yes,static-or-hub,BUILD
square worksheets for preschoolers,140,7,0.0,yes,yes,static-or-hub,BUILD
st patrick's day worksheet preschool,140,,0.0,no,no,static-or-hub,LATER-highKD
st patrick's day worksheets preschool,140,10,0.0,no,yes,static-or-hub,BUILD
star preschool worksheet,140,13,0.0,no,yes,static-or-hub,BUILD
star worksheets for preschoolers,140,19,0.0,no,yes,static-or-hub,BUILD
turkey worksheets for preschool,140,2,0.0,no,yes,static-or-hub,BUILD
turkey worksheets preschool,140,5,0.0,no,yes,static-or-hub,BUILD
with worksheets,140,24,0.0,yes,yes,static-or-hub,BUILD
work for kindergarten,140,39,1.66,no,yes,static-or-hub,BUILD
work sheet for kg,140,54,0.86,no,yes,static-or-hub,LATER-highKD
worksheet pdf,140,58,1.05,no,yes,static-or-hub,LATER-highKD
worksheet word,140,53,2.08,no,yes,static-or-hub,LATER-highKD
worksheets a,140,20,0.0,no,yes,static-or-hub,BUILD
worksheets and activities,140,54,1.23,no,yes,static-or-hub,LATER-highKD
worksheets for 3 year olds pdf free download,140,41,0.89,no,yes,static-or-hub,LATER-highKD
worksheets for 4 year olds pdf,140,45,1.0,no,yes,static-or-hub,LATER-highKD
worksheets for 4 yr olds,140,39,0.99,no,yes,static-or-hub,BUILD
worksheets for kg,140,48,0.86,no,yes,static-or-hub,LATER-highKD
worksheets for kindergarten free printables,140,48,0.99,no,yes,static-or-hub,LATER-highKD
worksheets for kindergartners,140,46,0.96,no,yes,static-or-hub,LATER-highKD
worksheets for toddlers,140,41,0.0,no,yes,static-or-hub,LATER-highKD
worksheets free,140,62,0.7,no,yes,static-or-hub,LATER-highKD
worksheets free printable,140,61,0.93,no,yes,static-or-hub,LATER-highKD
writing printables for preschool,140,7,0.86,no,yes,static-or-hub,BUILD
a printables,140,14,0.0,no,yes,static-or-hub,BUILD
abc handwriting worksheets,140,15,0.73,no,yes,gen-letter-tracing,BUILD
abc matching worksheets,140,18,0.73,no,yes,gen-letter-tracing,BUILD
abc worksheet for kindergarten,140,29,1.03,no,yes,gen-letter-tracing,BUILD
abc write worksheet,140,23,0.67,no,yes,gen-letter-tracing,BUILD
abcd worksheet,140,20,0.92,no,yes,static-or-hub,BUILD
abcmouse letter,140,37,0.0,no,yes,gen-letter-tracing,BUILD
abcs printable,140,34,3.81,no,yes,gen-letter-tracing,BUILD
alphabet activity sheets,140,24,0.4,no,yes,gen-letter-tracing,BUILD
alphabet cursive worksheets,140,35,0.0,no,yes,gen-cursive-practice,BUILD
alphabet for kg,140,23,1.67,no,yes,gen-letter-tracing,BUILD
alphabet free printables,140,27,0.71,no,yes,gen-letter-tracing,BUILD
alphabet in pdf,140,12,0.0,no,yes,gen-letter-tracing,BUILD
alphabet letter formation worksheets,140,11,0.47,no,yes,gen-letter-tracing,BUILD
alphabet letter k,140,24,0.0,no,yes,gen-letter-tracing,BUILD
alphabet letter writing,140,22,0.0,no,yes,gen-letter-tracing,BUILD
alphabet letters a-z,140,53,0.0,yes,no,gen-letter-tracing,LATER-highKD
alphabet letters practice sheets,140,34,0.89,no,yes,gen-letter-tracing,BUILD
alphabet letters worksheets,140,19,0.53,no,yes,gen-letter-tracing,BUILD
alphabet page,140,32,0.42,no,yes,gen-letter-tracing,BUILD
alphabet printing worksheets,140,23,0.75,no,yes,gen-letter-tracing,BUILD
alphabet review worksheets,140,25,0.19,no,yes,gen-letter-tracing,BUILD
alphabet worksheets printable free,140,34,0.75,no,yes,gen-letter-tracing,BUILD
alphabet writing printables,140,45,0.67,no,yes,gen-letter-tracing,LATER-highKD
alphabet writing sheet,140,22,0.76,no,yes,gen-letter-tracing,BUILD
alphabets letter,140,60,0.44,yes,no,gen-letter-tracing,LATER-highKD
begining sound worksheet,140,9,0.38,no,yes,static-or-hub,BUILD
beginner alphabet worksheets,140,16,0.0,no,yes,gen-letter-tracing,BUILD
beginning sounds worksheets kindergarten,140,10,0.45,no,yes,static-or-hub,BUILD
block letter a printable,140,21,0.41,no,yes,gen-letter-tracing,BUILD
cut and paste letter worksheets,140,5,0.75,no,yes,gen-letter-tracing,BUILD
easy letters,140,33,1.47,no,yes,gen-letter-tracing,BUILD
free kindergarten letter worksheets,140,29,0.69,no,yes,gen-letter-tracing,BUILD
free letter a worksheets,140,21,0.79,no,yes,gen-letter-tracing,BUILD
free letters to print alphabet,140,30,0.88,yes,no,gen-letter-tracing,BUILD
free printable alphabet letter templates,140,26,0.9,no,yes,gen-letter-tracing,BUILD
free printable alphabet letters worksheets,140,37,0.71,no,yes,gen-letter-tracing,BUILD
free printable alphabets letters,140,30,0.62,no,yes,gen-letter-tracing,BUILD
free printable printable alphabet,140,33,0.0,no,yes,gen-letter-tracing,BUILD
free printables letters of the alphabet,140,26,0.88,no,no,gen-letter-tracing,BUILD
fun alphabet letters,140,42,0.0,yes,yes,gen-letter-tracing,LATER-highKD
kindergarten alphabet,140,19,0.86,no,yes,gen-letter-tracing,BUILD
kindergarten letter,140,18,1.36,no,yes,gen-letter-tracing,BUILD
kindergarten letter practice,140,23,1.31,no,yes,gen-letter-tracing,BUILD
kindergarten letter printables,140,34,1.09,no,yes,gen-letter-tracing,BUILD
kindergarten worksheets letter b,140,14,0.0,no,yes,gen-letter-tracing,BUILD
learning alphabet letters worksheets,140,35,0.92,no,yes,gen-letter-tracing,BUILD
letter a activities for kindergarten,140,8,0.48,no,yes,gen-letter-tracing,BUILD
letter a for preschool,140,25,0.99,no,yes,gen-letter-tracing,BUILD
letter a recognition worksheets,140,26,0.66,no,yes,gen-letter-tracing,BUILD
letter cut and paste worksheets,140,3,0.75,no,yes,gen-letter-tracing,BUILD
letter kindergarten,140,23,1.73,no,yes,gen-letter-tracing,BUILD
letter kk worksheets,140,10,0.98,no,yes,gen-letter-tracing,BUILD
letter review worksheets,140,33,0.44,no,yes,gen-letter-tracing,BUILD
letter s writing practice,140,6,0.75,no,yes,gen-letter-tracing,BUILD
letter worksheet kindergarten,140,27,0.88,no,yes,gen-letter-tracing,BUILD
letters for prek,140,17,1.1,yes,yes,gen-letter-tracing,BUILD
letters letters,140,61,0.0,no,yes,gen-letter-tracing,LATER-highKD
letters of abc,140,81,1.16,yes,yes,gen-letter-tracing,LATER-highKD
letters of the alphabet printables free,140,23,0.49,no,yes,gen-letter-tracing,BUILD
letters ofthe alphabet printable,140,28,0.99,no,yes,gen-letter-tracing,BUILD
letters to print out,140,30,0.91,no,yes,gen-letter-tracing,BUILD
matching letters worksheet,140,12,0.5,no,yes,gen-letter-tracing,BUILD
pdf alphabet,140,21,0.0,no,yes,gen-letter-tracing,BUILD
practice writing alphabet,140,34,0.55,no,yes,gen-letter-tracing,BUILD
practice writing letters worksheet,140,20,0.63,no,yes,gen-letter-tracing,BUILD
preschool alphabet activities,140,13,0.67,yes,yes,gen-letter-tracing,BUILD
preschool alphabet letters,140,41,1.36,no,yes,gen-letter-tracing,LATER-highKD
printable abc alphabet,140,27,0.0,no,yes,gen-letter-tracing,BUILD
printable abc's,140,27,1.17,no,yes,gen-letter-tracing,BUILD
printable letter f,140,10,0.0,no,yes,gen-letter-tracing,BUILD
printable letters m,140,14,0.0,no,yes,gen-letter-tracing,BUILD
review letters worksheets,140,12,0.39,no,yes,gen-letter-tracing,BUILD
the letter a worksheets,140,17,0.7,no,yes,gen-letter-tracing,BUILD
worksheet letter,140,25,0.81,no,yes,gen-letter-tracing,BUILD
worksheets on letters,140,36,1.09,no,yes,gen-letter-tracing,BUILD
writing abc letters,140,20,0.0,no,yes,gen-letter-tracing,BUILD
writing abc worksheets,140,32,0.67,no,yes,gen-letter-tracing,BUILD
writing letters of the alphabet,140,37,0.0,yes,yes,gen-letter-tracing,BUILD
a to z cursive writing worksheets pdf free download,140,2,0.0,no,yes,gen-cursive-practice,BUILD
beginning cursive,140,15,0.46,no,yes,gen-cursive-practice,BUILD
beginning cursive writing,140,35,0.41,yes,yes,gen-cursive-practice,BUILD
calligraphy cursive writing alphabet,140,41,0.0,no,yes,gen-cursive-practice,LATER-highKD
create cursive worksheets free,140,19,0.0,no,no,gen-cursive-practice,BUILD
cursive alphabet trace,140,16,0.5,no,yes,gen-cursive-practice,BUILD
cursive alphabet tracing sheet,140,21,0.79,no,yes,gen-cursive-practice,BUILD
cursive chart printable,140,32,0.0,no,yes,gen-cursive-practice,BUILD
cursive exercises,140,25,0.0,no,yes,gen-cursive-practice,BUILD
cursive helper,140,32,1.0,no,yes,gen-cursive-practice,BUILD
cursive language,140,57,0.0,yes,yes,gen-cursive-practice,LATER-highKD
cursive learn,140,28,0.62,no,yes,SKIP-explainer,SKIP-AIO-explainer
cursive learning pages,140,19,0.56,no,yes,gen-cursive-practice,BUILD
cursive lessons,140,22,0.52,no,yes,gen-cursive-practice,BUILD
cursive letter guide,140,24,0.0,no,yes,gen-cursive-practice,BUILD
cursive letter sheet,140,28,0.0,no,yes,gen-cursive-practice,BUILD
cursive letter tracing sheets,140,26,0.48,no,yes,gen-cursive-practice,BUILD
cursive letters print,140,22,0.72,no,yes,gen-cursive-practice,BUILD
cursive maker online,140,50,0.0,yes,no,gen-cursive-practice,LATER-highKD
cursive name practice sheets,140,16,0.0,no,yes,gen-cursive-name,BUILD
cursive practice name,140,9,0.0,no,yes,gen-cursive-name,BUILD
cursive practice sheets printable,140,30,0.58,no,yes,gen-cursive-practice,BUILD
cursive sentences worksheets,140,23,0.28,no,yes,gen-cursive-practice,BUILD
cursive sheets for kids,140,26,0.0,no,yes,gen-cursive-practice,BUILD
cursive simple,140,61,0.0,no,yes,gen-cursive-practice,LATER-highKD
cursive trace sheets,140,20,0.52,no,yes,gen-cursive-practice,BUILD
cursive will,140,34,0.0,no,yes,gen-cursive-practice,BUILD
cursive words writing,140,51,0.09,no,yes,gen-cursive-practice,LATER-highKD
cursive worksheets for adults,140,25,0.68,no,yes,gen-cursive-practice,BUILD
cursive write,140,56,0.0,no,yes,gen-cursive-practice,LATER-highKD
cursive writing drawing,140,24,0.0,no,yes,gen-cursive-practice,BUILD
cursive writing for beginners,140,28,0.41,no,yes,gen-cursive-practice,BUILD
cursive writing generator free,140,37,0.65,no,no,gen-cursive-practice,BUILD
cursive writing images,140,31,0.0,no,yes,gen-cursive-practice,BUILD
cursive writing my name,140,26,0.36,no,no,gen-cursive-name,BUILD
cursive writing paragraph,140,22,0.0,no,yes,gen-cursive-practice,BUILD
cursive writing paragraph practice,140,19,0.0,no,yes,gen-cursive-practice,BUILD
cursive writing pictures,140,27,0.0,no,yes,gen-cursive-practice,BUILD
cursive writing practice for adults,140,24,0.4,no,yes,gen-cursive-practice,BUILD
cursive writing practice for beginners,140,42,0.0,no,yes,gen-cursive-practice,LATER-highKD
cursive writing practice sheets free,140,34,0.38,no,yes,gen-cursive-practice,BUILD
cursive writing practise worksheets,140,27,0.39,no,no,gen-cursive-practice,BUILD
cursive writing printables free,140,27,0.4,no,yes,gen-cursive-practice,BUILD
cursive writing sentences worksheets pdf,140,10,0.0,no,yes,gen-cursive-practice,BUILD
cursive writing sheet,140,12,0.38,no,yes,gen-cursive-practice,BUILD
cursive writing sheets free,140,25,0.38,no,yes,gen-cursive-practice,BUILD
easy cursive writing,140,57,0.0,no,yes,gen-cursive-practice,LATER-highKD
examples of cursive writing,140,42,0.39,yes,yes,gen-cursive-practice,LATER-highKD
exercises to improve handwriting pdf,140,17,0.38,yes,yes,gen-name-tracing,BUILD
for cursive,140,60,0.0,no,yes,gen-cursive-practice,LATER-highKD
free cursive worksheet generator,140,32,0.72,no,yes,gen-cursive-practice,BUILD
free cursive writing practice sheets,140,23,0.4,no,yes,gen-cursive-practice,BUILD
free handwriting practice sheets for adults,140,20,0.37,no,no,gen-name-tracing,BUILD
free printable penmanship paper,140,24,0.19,no,yes,static-or-hub,BUILD
handwriting alphabet cursive,140,40,0.0,no,yes,gen-cursive-practice,BUILD
handwriting cursive letter,140,66,0.0,no,yes,gen-cursive-practice,LATER-highKD
handwriting cursive writing,140,41,0.0,no,yes,gen-cursive-practice,LATER-highKD
handwriting paper for elementary,140,16,0.19,no,no,gen-name-tracing,BUILD
handwriting practice book pdf free download,140,8,0.0,yes,yes,gen-name-tracing,BUILD
handwriting practice cursive adults,140,17,0.4,no,yes,gen-cursive-practice,BUILD
handwriting to cursive,140,57,0.8,no,yes,gen-cursive-practice,LATER-highKD
handwriting worksheet creator free,140,21,0.58,no,no,gen-name-tracing,BUILD
handwritten cursive letters,140,51,0.0,no,yes,gen-cursive-practice,LATER-highKD
handwritten cursive writing,140,38,0.0,no,yes,gen-cursive-practice,BUILD
how do you write cursive,140,66,0.63,yes,yes,gen-cursive-practice,LATER-highKD
how to develop your own cursive style,140,23,0.0,yes,no,SKIP-explainer,SKIP-AIO-explainer
how to draw a cursive,140,15,0.0,no,yes,SKIP-explainer,SKIP-AIO-explainer
how to write cursive names,140,14,0.0,yes,yes,SKIP-explainer,SKIP-AIO-explainer
how to write the in cursive,140,47,0.94,yes,yes,SKIP-explainer,SKIP-AIO-explainer
how to write the word in cursive,140,52,0.0,no,yes,SKIP-explainer,SKIP-AIO-explainer
how write cursive,140,40,0.94,no,yes,gen-cursive-practice,BUILD
how you write in cursive,140,59,0.0,yes,yes,gen-cursive-practice,LATER-highKD
lined paper for cursive practice,140,17,0.0,no,yes,gen-cursive-practice,BUILD
make cursive worksheets,140,20,0.0,no,yes,gen-cursive-practice,BUILD
make your own cursive handwriting worksheets,140,24,0.0,yes,no,gen-cursive-practice,BUILD
making in cursive,140,47,0.0,yes,yes,gen-cursive-practice,LATER-highKD
miller in cursive,140,24,0.0,no,yes,gen-cursive-practice,BUILD
names handwriting,140,24,0.0,no,yes,gen-name-tracing,BUILD
names written in cursive,140,50,0.09,no,yes,gen-cursive-name,LATER-highKD
neat cursive handwriting,140,24,0.0,no,yes,gen-cursive-practice,BUILD
number handwriting sheets,140,25,0.69,no,yes,gen-number-tracing,BUILD
online cursive font generator,140,49,0.0,no,no,gen-cursive-practice,LATER-highKD
online cursive generator,140,46,0.0,no,no,gen-cursive-practice,LATER-highKD
online cursive practice,140,19,1.55,no,no,gen-cursive-practice,BUILD
open in cursive,140,26,0.0,no,yes,gen-cursive-practice,BUILD
penmanship cursive alphabet,140,49,0.0,no,yes,gen-cursive-practice,LATER-highKD
pictures cursive writing,140,24,0.0,no,no,gen-cursive-practice,BUILD
practice cursive letters,140,19,0.38,no,yes,gen-cursive-practice,BUILD
practice cursive printables,140,31,0.58,no,yes,gen-cursive-practice,BUILD
practice words in cursive,140,25,0.0,no,yes,gen-cursive-practice,BUILD
print cursive worksheets,140,26,0.89,no,yes,gen-cursive-practice,BUILD
printable cursive alphabet letters,140,22,0.83,no,yes,gen-cursive-practice,BUILD
printable cursive pages,140,29,0.64,no,yes,gen-cursive-practice,BUILD
printable cursive practice sheets free,140,26,0.57,no,yes,gen-cursive-practice,BUILD
printable cursive worksheets free,140,30,0.57,no,yes,gen-cursive-practice,BUILD
q cursive worksheet,140,16,0.0,no,no,gen-cursive-practice,BUILD
script name,140,55,0.0,yes,yes,static-or-hub,LATER-highKD
sentences in cursive worksheets,140,33,0.28,no,yes,gen-cursive-practice,BUILD
uk cursive,140,23,0.0,yes,no,gen-cursive-practice,BUILD
word writing in cursive,140,47,0.05,no,yes,gen-cursive-practice,LATER-highKD
write a name in cursive,140,50,0.09,no,no,gen-cursive-name,LATER-highKD
write cursive handwriting,140,40,0.0,yes,yes,gen-cursive-practice,BUILD
write cursive words,140,54,0.09,no,yes,gen-cursive-practice,LATER-highKD
write in script,140,45,0.0,no,yes,static-or-hub,LATER-highKD
writing cursive handwriting,140,41,0.0,yes,yes,gen-cursive-practice,LATER-highKD
writing cursive practice,140,17,0.41,no,yes,gen-cursive-practice,BUILD
zaner-bloser cursive,140,8,1.57,no,no,gen-cursive-practice,BUILD
adult dot to dot,140,14,0.33,no,yes,gen-dot-to-dot,BUILD
advanced connect the dots printable,140,9,0.0,no,yes,gen-dot-to-dot,BUILD
animal dot to dot,140,10,0.0,no,yes,gen-dot-to-dot,BUILD
challenging dot to dot free printables,140,11,0.0,no,yes,gen-dot-to-dot,BUILD
children's dot to dot books,140,4,0.28,no,no,gen-dot-to-dot,BUILD
children's dot to dot puzzles,140,14,0.0,no,no,gen-dot-to-dot,BUILD
connect a dot worksheets,140,11,1.04,no,yes,static-or-hub,BUILD
connect by numbers,140,8,0.0,no,yes,static-or-hub,BUILD
connect dot,140,31,0.58,yes,yes,static-or-hub,BUILD
connect the dots 1 10,140,7,0.0,no,yes,gen-dot-to-dot,BUILD
connect the dots hard printable,140,12,0.0,no,yes,gen-dot-to-dot,BUILD
connect the dots numbers worksheets,140,7,0.66,no,yes,gen-dot-to-dot,BUILD
connect the dots printable 1 100,140,8,0.0,no,yes,gen-dot-to-dot,BUILD
connect the dots sheets printable,140,13,1.22,no,yes,gen-dot-to-dot,BUILD
connect thedots,140,29,0.67,yes,yes,static-or-hub,BUILD
do a dot activity sheets,140,11,0.0,no,yes,static-or-hub,BUILD
do a dot printables free,140,9,0.0,no,yes,static-or-hub,BUILD
dot activity sheets,140,7,0.66,no,yes,static-or-hub,BUILD
dot art worksheets,140,2,0.0,no,yes,static-or-hub,BUILD
dot pages,140,5,0.0,no,yes,static-or-hub,BUILD
dot to dot 1 10,140,3,0.0,no,yes,gen-dot-to-dot,BUILD
dot to dot 1 100,140,12,0.0,no,yes,gen-dot-to-dot,BUILD
dot to dot 100,140,16,0.0,no,yes,gen-dot-to-dot,BUILD
dot to dot 100 printable,140,9,0.0,no,yes,gen-dot-to-dot,BUILD
dot to dot adults printable,140,9,0.0,no,yes,gen-dot-to-dot,BUILD
dot to dot childrens printables,140,16,0.97,no,yes,gen-dot-to-dot,BUILD
dot to dot hard printable,140,5,0.0,no,yes,gen-dot-to-dot,BUILD
dot to dot maker,140,0,0.38,no,yes,gen-dot-to-dot,BUILD
dot to dot pics,140,12,0.0,no,yes,gen-dot-to-dot,BUILD
dot to dot printable for adults,140,9,0.0,no,yes,gen-dot-to-dot,BUILD
dot to dot printable pdf,140,24,0.0,no,yes,gen-dot-to-dot,BUILD
dot to dot printables 1 100,140,12,0.0,no,yes,gen-dot-to-dot,BUILD
dot to dot printables 1 200,140,18,0.0,no,yes,gen-dot-to-dot,BUILD
dot to dot worksheets 1 100,140,9,0.0,no,yes,gen-dot-to-dot,BUILD
dot to dot worksheets 1-20 pdf,140,10,0.92,no,no,gen-dot-to-dot,BUILD
dots 1-10,140,13,0.0,no,no,static-or-hub,BUILD
dots on a page,140,11,0.0,no,yes,static-or-hub,BUILD
dots printable game,140,15,0.0,no,yes,static-or-hub,BUILD
dots to dots,140,28,0.0,yes,yes,static-or-hub,BUILD
drawing dot to dot,140,11,0.0,no,yes,gen-dot-to-dot,BUILD
easy dot to dot worksheets,140,17,0.0,no,yes,gen-dot-to-dot,BUILD
extreme color by number printables,140,18,0.0,no,no,static-or-hub,BUILD
extremely hard connect the dots,140,12,0.2,no,yes,gen-dot-to-dot,BUILD
free dot paint printables,140,15,0.0,no,yes,static-or-hub,BUILD
free dot painting printables,140,9,0.0,no,yes,static-or-hub,BUILD
free dot to dots,140,19,0.64,no,yes,gen-dot-to-dot,BUILD
free extreme dot to dot printables,140,12,0.0,no,yes,gen-dot-to-dot,BUILD
free hard dot to dot printables,140,11,0.0,no,yes,gen-dot-to-dot,BUILD
free print dot to dot,140,16,0.0,no,yes,gen-dot-to-dot,BUILD
free printable connect the dots hard,140,3,0.0,no,yes,gen-dot-to-dot,BUILD
free printable dot to dot hard,140,5,0.0,no,yes,gen-dot-to-dot,BUILD
hard dot to dot printables free,140,7,0.0,no,yes,gen-dot-to-dot,BUILD
join the dots,140,12,0.0,no,yes,static-or-hub,BUILD
joining the dots worksheet,140,6,1.22,no,yes,static-or-hub,BUILD
minecraft connect the dots,140,4,0.0,no,yes,gen-dot-to-dot,BUILD
number connect the dots,140,8,0.0,no,yes,gen-dot-to-dot,BUILD
preschool dot to dot,140,8,1.01,no,yes,gen-dot-to-dot,BUILD
print connect the dots,140,15,1.04,no,yes,gen-dot-to-dot,BUILD
print dot to dot,140,17,0.0,no,yes,gen-dot-to-dot,BUILD
printable do a dot,140,1,0.0,no,yes,static-or-hub,BUILD
printable dot art,140,4,1.14,no,yes,static-or-hub,BUILD
printable dot game,140,19,0.0,no,yes,static-or-hub,BUILD
printable extreme dot to dot,140,7,0.0,no,yes,gen-dot-to-dot,BUILD
a trace worksheet,110,17,0.0,no,yes,static-or-hub,BUILD
a tracing,110,20,0.0,yes,yes,static-or-hub,BUILD
a tracing worksheet,110,14,1.27,no,yes,static-or-hub,BUILD
abc trace letters,110,25,1.17,no,yes,gen-letter-tracing,BUILD
abc trace sheet,110,18,1.09,no,yes,gen-letter-tracing,BUILD
abc tracing pages,110,10,0.0,no,yes,gen-letter-tracing,BUILD
abc tracing printouts,110,20,0.89,no,yes,gen-letter-tracing,BUILD
abc tracing sheet printable,110,16,0.89,no,yes,gen-letter-tracing,BUILD
abcmouse printables,110,31,2.17,no,yes,static-or-hub,BUILD
adult handwriting sheets,110,16,0.51,no,yes,gen-name-tracing,BUILD
alphabet letter tracing templates,110,17,0.59,no,no,gen-letter-tracing,BUILD
alphabet letter tracing worksheets free,110,17,0.58,no,yes,gen-letter-tracing,BUILD
alphabet letters for preschoolers to trace,110,19,0.9,no,no,gen-letter-tracing,BUILD
alphabet tracing free printable,110,17,0.67,no,yes,gen-letter-tracing,BUILD
alphabet tracing worksheets kindergarten,110,15,1.02,no,yes,gen-letter-tracing,BUILD
animal tracing worksheets,110,6,0.0,no,yes,static-or-hub,BUILD
b tracing worksheet,110,19,0.0,no,yes,static-or-hub,BUILD
blank handwriting pages,110,19,0.93,no,yes,gen-name-tracing,BUILD
blank handwriting paper,110,31,0.0,no,yes,gen-name-tracing,BUILD
blank practice writing sheets,110,19,0.64,no,yes,static-or-hub,BUILD
calligraphy tracing worksheets,110,24,0.33,no,yes,static-or-hub,BUILD
canva handwriting worksheets,110,28,0.0,no,yes,gen-name-tracing,BUILD
copying letters,110,18,0.0,no,yes,gen-letter-tracing,BUILD
creatables,110,42,7.31,no,yes,static-or-hub,LATER-highKD
create tracing sheets,110,37,0.45,no,no,static-or-hub,BUILD
create tracing worksheet,110,35,0.37,no,yes,static-or-hub,BUILD
create your own handwriting pages,110,26,0.0,no,no,gen-name-tracing,BUILD
create your own handwriting sheets,110,29,0.0,no,no,gen-name-tracing,BUILD
cursive handwriting name practice,110,17,0.0,yes,no,gen-cursive-name,BUILD
cursive handwriting tracing worksheets,110,26,0.0,no,yes,gen-cursive-practice,BUILD
cursive name worksheets,110,9,0.0,no,yes,gen-cursive-practice,BUILD
custom name printable,110,22,0.62,no,yes,gen-name-tracing,BUILD
custom traceable names,110,16,0.39,no,yes,gen-name-tracing,BUILD
days of the week tracing worksheets,110,6,0.58,no,yes,static-or-hub,BUILD
downloadable free printable handwriting paper,110,27,0.0,no,yes,gen-name-tracing,BUILD
draw and write template,110,12,0.23,no,yes,static-or-hub,BUILD
editable handwriting worksheets,110,19,0.0,no,yes,gen-name-tracing,BUILD
editable tracing worksheets,110,36,0.35,no,yes,static-or-hub,BUILD
font practice handwriting,110,22,0.0,no,yes,gen-name-tracing,BUILD
free editable blank name tracing worksheets,110,25,0.0,no,yes,gen-name-tracing,BUILD
free handwriting practice pages,110,32,0.35,no,yes,gen-name-tracing,BUILD
free handwriting printables,110,36,0.43,no,yes,gen-name-tracing,BUILD
free name handwriting worksheets,110,17,0.44,no,yes,gen-name-tracing,BUILD
free name trace printable,110,28,0.31,no,yes,gen-name-tracing,BUILD
free name tracers,110,25,0.38,no,no,gen-name-tracing,BUILD
free name tracing worksheets for preschool pdf free,110,14,0.79,no,yes,gen-name-tracing,BUILD
free printable alphabet tracing worksheet,110,17,0.73,no,yes,gen-letter-tracing,BUILD
free printable handwriting,110,32,0.6,no,yes,gen-name-tracing,BUILD
free printable handwriting worksheets for kindergarten,110,21,0.71,no,yes,gen-name-tracing,BUILD
free printable tracing worksheets for preschool,110,23,0.78,no,yes,static-or-hub,BUILD
free traceable name templates,110,31,0.29,no,yes,gen-name-tracing,BUILD
free tracing printables,110,38,0.6,no,yes,static-or-hub,BUILD
free tracing worksheets for preschoolers,110,11,0.79,no,no,static-or-hub,BUILD
halloween tracing worksheets,110,4,0.0,no,yes,static-or-hub,BUILD
hand writing worksheets,110,41,0.79,no,no,static-or-hub,LATER-highKD
handwriting cheat sheet,110,11,0.0,no,yes,gen-name-tracing,BUILD
handwriting letters worksheets,110,26,0.72,no,yes,gen-letter-tracing,BUILD
handwriting name creator,110,23,0.0,no,no,gen-name-tracing,BUILD
handwriting name maker,110,16,0.0,no,no,gen-name-tracing,BUILD
handwriting names,110,25,0.0,yes,yes,gen-name-tracing,BUILD
handwriting pages free,110,27,0.74,no,yes,gen-name-tracing,BUILD
handwriting paper print,110,19,0.28,no,yes,gen-name-tracing,BUILD
handwriting paper to print free,110,21,0.22,no,no,gen-name-tracing,BUILD
handwriting pdf,110,25,1.43,no,yes,gen-name-tracing,BUILD
handwriting practice free worksheets,110,34,0.6,no,yes,gen-name-tracing,BUILD
handwriting practice sheets adults,110,18,0.55,no,yes,gen-name-tracing,BUILD
handwriting practice sheets print,110,29,0.87,no,yes,gen-name-tracing,BUILD
handwriting practise pdf,110,10,0.0,no,yes,gen-name-tracing,BUILD
handwriting print styles,110,23,0.0,yes,yes,gen-name-tracing,BUILD
handwriting sheet music,110,18,0.0,no,yes,gen-name-tracing,BUILD
handwriting sheets for kids,110,26,0.0,no,yes,gen-name-tracing,BUILD
handwriting site,110,61,0.0,no,no,gen-name-tracing,LATER-highKD
handwriting worksheets for preschool,110,4,0.77,no,yes,gen-name-tracing,BUILD
handwriting worksheets practice,110,27,0.5,no,no,gen-name-tracing,BUILD
handwritten canva fonts,110,38,0.0,no,yes,static-or-hub,BUILD
handwritten chart,110,11,0.0,no,yes,static-or-hub,BUILD
improve penmanship worksheet,110,36,0.81,no,no,static-or-hub,BUILD
kindergarten handwriting pages,110,26,0.58,no,yes,gen-name-tracing,BUILD
kindergarten name practice,110,7,0.15,no,yes,gen-name-tracing,BUILD
l tracing,110,6,0.0,no,yes,static-or-hub,BUILD
large letter tracing,110,11,0.66,no,yes,gen-letter-tracing,BUILD
learning to write name,110,16,0.29,no,yes,gen-name-tracing,BUILD
letter a tracing printable,110,15,0.86,no,yes,gen-letter-tracing,BUILD
letter and number tracing,110,16,0.87,no,yes,gen-number-tracing,BUILD
letter and number tracing sheets,110,23,0.77,no,yes,gen-number-tracing,BUILD
letter c trace,110,15,0.0,no,yes,gen-letter-tracing,BUILD
letter k worksheet preschool,110,9,0.97,no,yes,gen-letter-tracing,BUILD
letter number tracing,110,17,0.69,no,yes,gen-number-tracing,BUILD
letter q tracing worksheet,110,16,0.0,no,yes,gen-letter-tracing,BUILD
letter r tracing worksheet,110,11,0.0,no,yes,gen-letter-tracing,BUILD
letter t tracing worksheets,110,18,0.0,no,yes,gen-letter-tracing,BUILD
letter tracing for preschool,110,12,0.94,no,yes,gen-letter-tracing,BUILD
letter tracing i,110,7,0.0,no,yes,gen-letter-tracing,BUILD
letter tracing k,110,10,0.0,no,yes,gen-letter-tracing,BUILD
letter tracing lowercase,110,13,0.51,no,yes,gen-letter-tracing,BUILD
letter tracing practice,110,10,0.82,no,yes,gen-letter-tracing,BUILD
letter tracing preschool,110,25,0.68,no,yes,gen-letter-tracing,BUILD
letter u tracing worksheets,110,14,0.0,no,yes,gen-letter-tracing,BUILD
letter x tracing worksheets,110,10,0.0,no,yes,gen-letter-tracing,BUILD
letters traceable,110,21,0.75,no,yes,gen-letter-tracing,BUILD
line practice worksheets,110,11,0.0,no,yes,gen-prewriting-lines,BUILD
line tracing preschool,110,7,0.94,no,yes,gen-prewriting-lines,BUILD
lowercase a tracing worksheet,110,7,0.73,no,yes,static-or-hub,BUILD
lowercase tracing,110,15,0.85,no,yes,static-or-hub,BUILD
m tracing worksheet,110,7,0.0,no,yes,static-or-hub,BUILD
make handwriting worksheets,110,24,0.93,no,yes,gen-name-tracing,BUILD
make tracing worksheets,110,26,0.37,no,yes,static-or-hub,BUILD
make tracing worksheets free,110,31,0.56,no,yes,static-or-hub,BUILD
make your own handwriting pages,110,18,0.0,no,no,gen-name-tracing,BUILD
make your own handwriting sheets,110,26,0.0,no,no,gen-name-tracing,BUILD
make your own name tracing worksheets,110,18,0.55,no,yes,gen-name-tracing,BUILD
make your own printable,110,36,1.72,no,yes,static-or-hub,BUILD
name generator worksheet,110,24,0.18,no,yes,static-or-hub,BUILD
name paper,110,6,0.0,no,yes,static-or-hub,BUILD
name printable tracing,110,23,0.33,no,yes,gen-name-tracing,BUILD
name sheets,110,20,7.82,no,yes,static-or-hub,BUILD
name template printable,110,27,0.0,no,yes,gen-name-tracing,BUILD
name trace generator with lines,110,13,0.0,no,no,gen-name-tracing,BUILD
name tracing sheet generator,110,14,0.4,no,yes,gen-name-tracing,BUILD
name worksheets for preschool,110,11,0.43,no,yes,static-or-hub,BUILD
number 1 tracing worksheets,110,16,0.98,no,yes,gen-number-tracing,BUILD
number 2 tracing worksheet,110,15,0.0,no,yes,gen-number-tracing,BUILD
number 3 tracing worksheet,110,18,1.8,no,yes,gen-number-tracing,BUILD
number 3 tracing worksheets,110,19,0.0,no,yes,gen-number-tracing,BUILD
number 4 tracing worksheets,110,18,0.0,no,yes,gen-number-tracing,BUILD
number 5 tracing worksheet,110,16,0.0,no,yes,gen-number-tracing,BUILD
number 8 tracing worksheet,110,18,0.0,no,yes,gen-number-tracing,BUILD
number and letter tracing,110,17,0.87,no,yes,gen-number-tracing,BUILD
number handwriting worksheets for kindergarten,110,19,0.58,yes,no,gen-number-tracing,BUILD
number tracing worksheets pdf free download,110,23,0.0,no,yes,gen-number-tracing,BUILD
number tracing worksheets preschool,110,23,1.06,no,yes,gen-number-tracing,BUILD
nursery writing worksheets pdf,110,32,1.05,no,yes,static-or-hub,BUILD
online letter tracing,110,14,1.27,no,no,gen-letter-tracing,BUILD
penmanship paper,110,12,0.43,no,yes,static-or-hub,BUILD
penmanship worksheets for kindergarten,110,13,0.58,no,yes,static-or-hub,BUILD
personalized handwriting sheets,110,21,0.25,no,no,gen-name-tracing,BUILD
personalized handwriting worksheets,110,12,0.25,no,no,gen-name-tracing,BUILD
personalized tracing sheets,110,24,0.22,no,yes,static-or-hub,BUILD
practice handwriting sheets for kindergarten,110,22,0.58,no,yes,gen-name-tracing,BUILD
practice letter tracing,110,17,0.87,no,yes,gen-letter-tracing,BUILD
practice sheets to improve handwriting,110,23,0.62,no,yes,gen-name-tracing,BUILD
practice tracing alphabet letters,110,15,0.87,no,yes,gen-letter-tracing,BUILD
practice tracing sheets,110,25,0.95,no,yes,static-or-hub,BUILD
practice writing sheet,110,39,0.5,no,yes,static-or-hub,BUILD
preschool name practice sheets,110,15,0.41,no,yes,gen-name-tracing,BUILD
preschool name tracing worksheets,110,24,0.26,no,yes,gen-name-tracing,BUILD
preschool name writing,110,11,0.12,no,yes,gen-name-tracing,BUILD
preschool tracing pages,110,27,1.07,no,yes,static-or-hub,BUILD
preschool worksheets tracing lines,110,13,0.78,no,yes,gen-prewriting-lines,BUILD
print names,110,12,0.36,no,yes,static-or-hub,BUILD
print your name,110,17,0.0,yes,yes,static-or-hub,BUILD
printable alphabet tracing pages,110,16,0.71,no,yes,gen-letter-tracing,BUILD
printable blank writing pages,110,30,0.0,no,yes,static-or-hub,BUILD
printable letter trace,110,21,0.86,no,yes,gen-letter-tracing,BUILD
printable letters of the alphabet for tracing,110,20,0.86,no,no,gen-letter-tracing,BUILD
printable name practice worksheets,110,31,0.4,no,yes,gen-name-tracing,BUILD
printable name sheets,110,24,0.27,no,yes,gen-name-tracing,BUILD
printable name tracing free,110,12,0.38,no,yes,gen-name-tracing,BUILD
printable name tracing pages,110,25,0.34,no,no,gen-name-tracing,BUILD
printing practice printables,110,23,0.51,no,no,static-or-hub,BUILD
s letter tracing,110,13,0.0,no,yes,gen-letter-tracing,BUILD
s trace worksheet,110,13,0.0,no,yes,static-or-hub,BUILD
script practice worksheets,110,33,0.44,no,yes,static-or-hub,BUILD
script writing practice worksheets,110,28,0.59,no,yes,static-or-hub,BUILD
shapes tracing worksheets for preschoolers,110,16,0.0,no,yes,gen-prewriting-lines,BUILD
shapes tracing worksheets pdf free download,110,9,0.0,no,yes,gen-prewriting-lines,BUILD
sight words tracing worksheets,110,13,0.91,no,yes,gen-word-tracing,BUILD
signature tracing,110,20,1.39,no,yes,static-or-hub,BUILD
thanksgiving tracing worksheets,110,1,0.0,no,yes,static-or-hub,BUILD
trace alphabet az,110,16,0.0,no,yes,gen-letter-tracing,BUILD
trace and color worksheets,110,10,1.0,no,yes,static-or-hub,BUILD
trace letter a printable,110,11,0.91,no,yes,gen-letter-tracing,BUILD
trace letter k worksheet,110,7,0.0,no,yes,gen-letter-tracing,BUILD
trace lowercase alphabet,110,10,0.57,no,yes,gen-letter-tracing,BUILD
trace the letters of the alphabet,110,28,0.89,no,yes,gen-letter-tracing,BUILD
trace the lines worksheets for preschoolers,110,16,0.78,no,yes,gen-prewriting-lines,BUILD
trace to the beat,110,18,0.0,no,yes,static-or-hub,BUILD
trace words generator,110,12,0.28,no,yes,gen-word-tracing,BUILD
traceable alphabet pdf,110,17,1.17,no,yes,gen-letter-tracing,BUILD
traceable alphabet worksheet,110,20,0.89,no,yes,gen-letter-tracing,BUILD
traceable letter s,110,11,0.0,no,yes,gen-letter-tracing,BUILD
traceable letters pdf,110,13,1.21,no,yes,gen-letter-tracing,BUILD
traceable letters worksheets for preschool,110,19,1.02,no,yes,gen-letter-tracing,BUILD
traceable lines for preschool,110,8,0.82,no,yes,gen-prewriting-lines,BUILD
traceable shapes for preschoolers,110,30,1.53,no,yes,gen-prewriting-lines,BUILD
traceing,110,21,1.56,yes,yes,static-or-hub,BUILD
tracer pages,110,28,0.0,no,yes,static-or-hub,BUILD
tracing activity,110,17,0.46,no,yes,static-or-hub,BUILD
tracing alphabet letter,110,25,0.89,no,yes,gen-letter-tracing,BUILD
tracing alphabet letters for kindergarten,110,11,0.63,no,yes,gen-letter-tracing,BUILD
tracing alphabet printable,110,21,0.86,no,yes,gen-letter-tracing,BUILD
tracing cursive letters worksheets,110,,0.94,no,no,gen-cursive-practice,LATER-highKD
tracing for toddlers,110,30,0.0,no,yes,static-or-hub,BUILD
tracing guide,110,2,0.0,yes,yes,static-or-hub,BUILD
tracing ideas,110,9,0.0,yes,yes,static-or-hub,BUILD
tracing k,110,6,0.0,no,yes,static-or-hub,BUILD
tracing letter i,110,15,0.75,no,yes,gen-letter-tracing,BUILD
tracing letter printable,110,14,0.86,no,yes,gen-letter-tracing,BUILD
tracing letters online,110,20,1.37,no,no,gen-letter-tracing,BUILD
tracing letters worksheets free,110,18,0.83,no,yes,gen-letter-tracing,BUILD
tracing lines for preschool,110,10,0.82,no,yes,gen-prewriting-lines,BUILD
tracing lines worksheets pdf,110,10,0.0,no,yes,gen-prewriting-lines,BUILD
tracing lowercase letters,110,18,0.51,no,yes,gen-letter-tracing,BUILD
tracing name worksheet,110,34,0.37,no,yes,gen-name-tracing,BUILD
tracing numbers and letters,110,30,0.69,no,yes,gen-number-tracing,BUILD
tracing numbers and letters worksheets,110,19,0.71,no,yes,gen-number-tracing,BUILD
tracing numbers worksheets for kindergarten,110,16,0.67,no,yes,gen-number-tracing,BUILD
tracing numbers worksheets printable,110,25,0.89,no,yes,gen-number-tracing,BUILD
tracing of lines,110,8,0.5,no,yes,gen-prewriting-lines,BUILD
tracing pages for kids,110,9,0.0,no,yes,static-or-hub,BUILD
tracing paper for kindergarten,110,10,0.74,no,yes,static-or-hub,BUILD
tracing shapes worksheets pdf,110,9,0.0,no,yes,gen-prewriting-lines,BUILD
tracing sheets for pre k,110,24,0.9,no,yes,static-or-hub,BUILD
tracing sheets for preschool,110,15,1.02,no,yes,static-or-hub,BUILD
tracing the letter a worksheets,110,16,1.03,no,yes,gen-letter-tracing,BUILD
tracing the letter c worksheets,110,15,0.0,no,yes,gen-letter-tracing,BUILD
tracing the letter k,110,7,0.0,no,yes,gen-letter-tracing,BUILD
tracing worksheets free printable,110,19,0.84,no,yes,static-or-hub,BUILD
tracing worksheets name,110,23,0.37,no,yes,gen-name-tracing,BUILD
track the letter,110,22,1.7,yes,yes,gen-letter-tracing,BUILD
word tracer,110,15,0.0,no,yes,gen-word-tracing,BUILD
word tracer generator,110,20,0.29,no,no,gen-word-tracing,BUILD
writing in print,110,24,0.0,yes,yes,static-or-hub,BUILD
writing lines practice,110,27,0.0,no,yes,gen-prewriting-lines,BUILD
writing names,110,25,0.5,yes,yes,gen-name-tracing,BUILD
writing practice font,110,21,0.0,no,yes,static-or-hub,BUILD
writing practice lines,110,30,0.0,no,yes,gen-prewriting-lines,BUILD
writing practice sheets pdf,110,24,0.67,no,yes,static-or-hub,BUILD
writing practice tool,110,34,0.0,no,no,static-or-hub,BUILD
writing sheets free,110,37,0.6,no,yes,static-or-hub,BUILD
5 year olds worksheets,110,44,0.95,no,yes,static-or-hub,LATER-highKD
a worksheets for preschool,110,22,0.86,no,yes,static-or-hub,BUILD
abc activity sheets for preschoolers,110,35,0.88,no,yes,gen-letter-tracing,BUILD
abc free printable,110,28,0.81,no,yes,gen-letter-tracing,BUILD
abc sheets for preschool,110,41,1.32,no,yes,gen-letter-tracing,LATER-highKD
abc worksheets for pre k,110,40,0.83,no,yes,gen-letter-tracing,BUILD
abcmouse .com,110,56,0.98,no,no,static-or-hub,LATER-highKD
activities for kindergarten at home,110,16,0.73,yes,no,static-or-hub,BUILD
activity pages kindergarten,110,52,0.93,no,yes,static-or-hub,LATER-highKD
activity papers,110,54,1.29,no,yes,static-or-hub,LATER-highKD
activity printables,110,32,1.06,no,yes,static-or-hub,BUILD
activity sheets for 2 year olds,110,15,0.96,no,yes,static-or-hub,BUILD
addition for preschool worksheet,110,9,0.94,no,yes,static-or-hub,BUILD
addition worksheets for preschool,110,17,0.94,no,yes,static-or-hub,BUILD
alphabet recognition worksheets for preschool,110,26,0.71,no,yes,gen-letter-tracing,BUILD
animal worksheets for preschoolers,110,13,1.22,no,yes,static-or-hub,BUILD
beginner worksheets for 2 year olds,110,11,0.0,no,yes,static-or-hub,BUILD
bug preschool worksheets,110,1,0.62,no,yes,static-or-hub,BUILD
bug worksheets preschool,110,2,0.62,no,yes,static-or-hub,BUILD
bugs worksheet for preschool,110,1,0.76,no,yes,static-or-hub,BUILD
butterfly worksheet preschool,110,3,0.44,no,yes,static-or-hub,BUILD
childrens printable activities,110,32,1.13,no,yes,static-or-hub,BUILD
circle worksheets for preschool,110,7,0.0,no,yes,static-or-hub,BUILD
circle worksheets preschool,110,8,0.0,yes,yes,static-or-hub,BUILD
color brown worksheets for preschool,110,3,0.0,no,yes,static-or-hub,BUILD
color red worksheet for preschool,110,16,0.0,no,yes,static-or-hub,BUILD
color red worksheets for preschool,110,15,0.0,no,yes,static-or-hub,BUILD
colors worksheet for preschool,110,19,1.13,no,yes,static-or-hub,BUILD
creche worksheets,110,51,0.98,no,yes,static-or-hub,LATER-highKD
cutting worksheets for preschoolers,110,15,0.58,no,yes,static-or-hub,BUILD
daycare worksheets for 3 year olds,110,31,0.0,no,yes,static-or-hub,BUILD
diamond preschool worksheets,110,12,0.0,no,yes,static-or-hub,BUILD
diamond worksheet for preschool,110,7,0.0,no,yes,static-or-hub,BUILD
diamond worksheet preschool,110,9,0.0,no,yes,static-or-hub,BUILD
diamond worksheets for preschoolers,110,8,0.0,no,yes,static-or-hub,BUILD
dinosaur preschool worksheets,110,8,0.86,no,yes,static-or-hub,BUILD
dinosaur worksheet for preschool,110,8,1.49,no,yes,static-or-hub,BUILD
dinosaur worksheets for preschool,110,1,0.86,no,yes,static-or-hub,BUILD
dr seuss worksheets for preschool,110,24,0.29,no,yes,static-or-hub,BUILD
e worksheets for preschool,110,15,1.27,no,yes,static-or-hub,BUILD
early childhood daycare worksheets for 2 year olds,110,26,1.07,no,yes,static-or-hub,BUILD
educational printables,110,57,1.35,yes,yes,static-or-hub,LATER-highKD
english activities for preschoolers,110,31,0.0,no,yes,static-or-hub,BUILD
f worksheets for preschool,110,10,0.0,no,yes,static-or-hub,BUILD
farm animals preschool worksheets,110,10,0.0,no,yes,static-or-hub,BUILD
farm animals worksheets for preschoolers,110,12,0.0,no,yes,static-or-hub,BUILD
feelings worksheet preschool,110,12,0.92,no,yes,static-or-hub,BUILD
flower preschool worksheets,110,7,0.0,no,yes,static-or-hub,BUILD
flower worksheet for preschool,110,4,0.0,no,yes,static-or-hub,BUILD
free activity pages for kids,110,30,0.0,no,yes,static-or-hub,BUILD
free alphabet worksheets kindergarten,110,41,0.55,no,yes,gen-letter-tracing,LATER-highKD
free christmas worksheets for preschoolers,110,22,0.57,no,yes,static-or-hub,BUILD
free educational activities for 2 year olds at home,110,34,0.73,yes,no,static-or-hub,BUILD
free educational activities for kindergarten,110,21,1.76,yes,no,static-or-hub,BUILD
free educational sheets,110,60,1.02,yes,yes,static-or-hub,LATER-highKD
free kindergarten alphabet worksheets,110,33,0.69,no,yes,gen-letter-tracing,BUILD
free letter worksheets for preschool,110,30,0.78,no,yes,gen-letter-tracing,BUILD
free pdf kindergarten worksheets,110,42,0.93,no,yes,static-or-hub,LATER-highKD
free pre k work sheets,110,38,0.86,no,yes,static-or-hub,BUILD
free pre kindergarten curriculum,110,19,1.54,yes,no,static-or-hub,BUILD
free preschool curriculum for 3 year olds,110,13,1.11,yes,no,static-or-hub,BUILD
free preschool curriculum pdf,110,8,1.1,yes,no,static-or-hub,BUILD
free preschool worksheets age 3 4 pdf download,110,43,0.0,yes,no,static-or-hub,LATER-highKD
free preschool worksheets age 5 6 pdf,110,47,1.0,no,yes,static-or-hub,LATER-highKD
free printable activities,110,30,1.16,yes,yes,static-or-hub,BUILD
free printable activities for 2 year olds,110,13,0.88,no,yes,static-or-hub,BUILD
free printable activities for 3 year olds,110,25,0.87,no,yes,static-or-hub,BUILD
free printable activity sheets for kids,110,40,0.0,no,yes,static-or-hub,BUILD
free printable for preschoolers,110,38,0.68,no,yes,static-or-hub,BUILD
free printable kindergarten worksheet,110,50,0.89,no,yes,static-or-hub,LATER-highKD
free printable pdf pre k worksheets,110,42,0.92,no,yes,static-or-hub,LATER-highKD
free printable pre-k,110,37,0.86,no,no,static-or-hub,BUILD
free printable prek worksheet,110,40,0.92,no,yes,static-or-hub,BUILD
free printable preschool activities,110,35,0.89,yes,yes,static-or-hub,BUILD
free printable preschool activity worksheets,110,40,1.03,no,yes,static-or-hub,BUILD
free printable preschool preschool worksheets,110,38,0.65,no,no,static-or-hub,BUILD
free printable preschool worksheets math,110,29,0.54,no,yes,static-or-hub,BUILD
free printable worksheets for 3 year olds,110,45,1.06,no,yes,static-or-hub,LATER-highKD
free printable worksheets for 8th graders,110,20,1.05,no,yes,static-or-hub,BUILD
free printables for pre-k,110,29,0.86,no,no,static-or-hub,BUILD
free printables pre k,110,35,0.86,no,yes,static-or-hub,BUILD
free printables preschool,110,35,0.8,no,yes,static-or-hub,BUILD
free worksheet for kindergarten,110,47,0.93,no,yes,static-or-hub,LATER-highKD
free worksheets for middle schoolers,110,31,0.91,no,yes,static-or-hub,BUILD
fun activities worksheets,110,51,1.4,no,yes,static-or-hub,LATER-highKD
fun printable worksheets for adults,110,34,0.0,no,yes,static-or-hub,BUILD
fun worksheets for adults,110,5,0.0,no,yes,static-or-hub,BUILD
green worksheets for preschool,110,8,1.36,no,yes,static-or-hub,BUILD
hexagon worksheet for preschool,110,8,0.0,no,yes,static-or-hub,BUILD
hexagon worksheets for preschool,110,13,0.0,no,yes,static-or-hub,BUILD
homeschool kindergarten worksheets,110,25,1.58,no,yes,static-or-hub,BUILD
homework for prek,110,48,1.1,no,yes,static-or-hub,LATER-highKD
homework pages,110,63,1.07,no,yes,static-or-hub,LATER-highKD
insect worksheets preschool,110,8,0.62,no,yes,static-or-hub,BUILD
kg worksheets,110,40,1.17,no,yes,static-or-hub,BUILD
kids printables,110,43,0.0,no,yes,static-or-hub,LATER-highKD
kidzone worksheets,110,9,0.92,no,yes,static-or-hub,BUILD
kindergarden activity,110,22,1.07,yes,yes,static-or-hub,BUILD
kindergarten activity,110,15,0.78,yes,yes,static-or-hub,BUILD
kindergarten english,110,40,1.23,yes,yes,static-or-hub,BUILD
kindergarten free worksheets printable,110,44,0.99,no,yes,static-or-hub,LATER-highKD
kindergarten readiness printables,110,21,1.17,no,yes,static-or-hub,BUILD
kindergarten ready worksheets,110,14,1.17,no,yes,static-or-hub,BUILD
kindergarten workbook pdf,110,16,1.06,no,yes,static-or-hub,BUILD
kindergarten worksheets easy,110,50,0.93,no,yes,static-or-hub,LATER-highKD
kindergarten worksheets ela,110,26,0.79,no,yes,static-or-hub,BUILD
kindergarten worksheets free printable pdf,110,43,1.26,no,yes,static-or-hub,LATER-highKD
learning activity sheets for 3 year olds,110,42,1.09,no,yes,static-or-hub,LATER-highKD
learning activity sheets for 4 year olds,110,47,1.32,no,no,static-or-hub,LATER-highKD
learning printables for 3 year olds,110,36,1.09,no,yes,static-or-hub,BUILD
learning worksheets for kindergarten,110,46,1.25,no,yes,static-or-hub,LATER-highKD
letter a recognition worksheets for preschoolers,110,22,0.69,no,no,gen-letter-tracing,BUILD
letter b worksheet preschool,110,13,1.09,no,yes,gen-letter-tracing,BUILD
letter h preschool worksheet,110,15,0.78,no,yes,gen-letter-tracing,BUILD
letter k worksheets preschool,110,10,0.76,no,yes,gen-letter-tracing,BUILD
letter m preschool worksheets,110,10,0.98,no,yes,gen-letter-tracing,BUILD
letter m worksheet preschool,110,11,0.74,no,yes,gen-letter-tracing,BUILD
letter o worksheets preschool,110,7,0.88,no,yes,gen-letter-tracing,BUILD
letter p preschool worksheets,110,16,0.95,no,yes,gen-letter-tracing,BUILD
letter q preschool worksheets,110,4,0.85,no,yes,gen-letter-tracing,BUILD
letter r worksheets for preschoolers,110,10,1.03,no,yes,gen-letter-tracing,BUILD
letter review worksheets for preschool,110,22,0.37,no,yes,gen-letter-tracing,BUILD
letter t worksheet for preschool,110,14,0.0,no,yes,gen-letter-tracing,BUILD
letter u worksheets for preschoolers,110,9,1.22,no,yes,gen-letter-tracing,BUILD
letter y worksheet preschool,110,5,1.26,no,yes,gen-letter-tracing,BUILD
letter y worksheets preschool,110,3,1.26,no,yes,gen-letter-tracing,BUILD
mickey mouse worksheets,110,6,0.0,no,yes,static-or-hub,BUILD
number 11 worksheet for preschool,110,5,0.0,no,yes,gen-number-tracing,BUILD
number 14 worksheet preschool,110,5,0.0,no,yes,gen-number-tracing,BUILD
number 2 worksheet preschool,110,13,0.0,no,yes,gen-number-tracing,BUILD
number 2 worksheets preschool,110,15,0.0,no,yes,gen-number-tracing,BUILD
number 3 worksheet for preschool,110,9,0.0,no,yes,gen-number-tracing,BUILD
number 3 worksheets for preschoolers,110,2,0.0,no,yes,gen-number-tracing,BUILD
number 4 worksheets preschool,110,14,0.0,no,yes,gen-number-tracing,BUILD
number 5 preschool worksheet,110,20,1.07,no,yes,gen-number-tracing,BUILD
number 6 worksheets preschool,110,14,0.0,no,yes,gen-number-tracing,BUILD
number 7 worksheet for preschool,110,21,0.0,no,yes,gen-number-tracing,BUILD
number 8 worksheet preschool,110,17,1.15,no,yes,gen-number-tracing,BUILD
number worksheets for pre k,110,10,0.87,no,yes,gen-number-tracing,BUILD
number worksheets for preschool 1 10,110,22,0.0,no,yes,gen-number-tracing,BUILD
nursery activities for 4 year olds,110,23,1.01,yes,no,static-or-hub,BUILD
nursery reading worksheets,110,26,1.18,no,yes,static-or-hub,BUILD
ocean worksheets preschool,110,13,0.0,no,yes,static-or-hub,BUILD
opposites preschool worksheets,110,13,0.0,no,yes,static-or-hub,BUILD
orange worksheets preschool,110,12,0.0,no,yes,static-or-hub,BUILD
patterns worksheet preschool,110,15,0.47,no,yes,static-or-hub,BUILD
practice worksheet,110,71,1.06,no,yes,static-or-hub,LATER-highKD
pre k activities printables,110,38,0.93,no,yes,static-or-hub,BUILD
pre k cut and paste worksheets,110,15,0.4,no,yes,static-or-hub,BUILD
pre k printable,110,40,1.02,no,yes,static-or-hub,BUILD
pre k summer worksheets,110,7,0.0,no,yes,static-or-hub,BUILD
pre k worksheets cut and paste,110,14,0.0,no,yes,static-or-hub,BUILD
pre k worksheets for reading,110,13,1.19,no,no,static-or-hub,BUILD
pre kindergarten printables,110,48,1.02,no,no,static-or-hub,LATER-highKD
pre-k pages,110,52,1.24,no,no,static-or-hub,LATER-highKD
pre-k worksheets free printable,110,41,1.02,no,no,static-or-hub,LATER-highKD
prek 4 worksheets,110,37,0.88,no,yes,static-or-hub,BUILD
prek activity sheets,110,46,0.86,no,yes,static-or-hub,LATER-highKD
preschool 5 senses worksheets,110,9,0.0,no,yes,static-or-hub,BUILD
preschool activities printables,110,32,0.84,no,yes,static-or-hub,BUILD
preschool activities worksheets pdf,110,45,0.95,no,yes,static-or-hub,LATER-highKD
preschool dinosaur worksheets,110,4,1.49,no,yes,static-or-hub,BUILD
preschool earth day worksheet,110,11,0.44,no,yes,static-or-hub,BUILD
preschool english worksheets,110,45,1.08,no,yes,static-or-hub,LATER-highKD
preschool farm animal worksheets,110,10,0.0,no,yes,static-or-hub,BUILD
preschool language arts worksheets,110,12,0.81,no,yes,static-or-hub,BUILD
preschool letter e worksheet,110,11,0.74,no,yes,gen-letter-tracing,BUILD
preschool letter j worksheets,110,15,0.98,no,yes,gen-letter-tracing,BUILD
preschool letter k worksheets,110,10,0.97,no,yes,gen-letter-tracing,BUILD
preschool letter o worksheets,110,11,1.15,no,yes,gen-letter-tracing,BUILD
preschool letter recognition worksheets,110,28,0.69,no,yes,gen-letter-tracing,BUILD
preschool letter t worksheets,110,16,0.0,no,yes,gen-letter-tracing,BUILD
preschool letter y worksheets,110,2,1.26,no,yes,gen-letter-tracing,BUILD
preschool matching worksheet,110,8,0.9,no,yes,static-or-hub,BUILD
preschool math worksheets free,110,28,0.58,no,yes,static-or-hub,BUILD
preschool november worksheets,110,1,0.0,no,yes,static-or-hub,BUILD
preschool number 7 worksheet,110,16,0.0,no,yes,gen-number-tracing,BUILD
preschool numbers worksheets,110,19,0.9,no,yes,gen-number-tracing,BUILD
preschool pages,110,53,1.0,no,yes,static-or-hub,LATER-highKD
preschool pattern worksheet,110,18,0.47,no,yes,static-or-hub,BUILD
preschool printables free,110,37,0.94,no,yes,static-or-hub,BUILD
preschool solar system worksheets for kindergarten,110,16,0.0,no,yes,static-or-hub,BUILD
preschool w worksheet,110,13,0.92,no,yes,static-or-hub,BUILD
preschool worksheet free printable,110,40,0.88,no,yes,static-or-hub,BUILD
preschool worksheets bugs,110,2,0.62,no,yes,static-or-hub,BUILD
preschool worksheets color by number,110,11,0.0,no,yes,gen-number-tracing,BUILD
preschool worksheets letter q,110,15,0.85,no,yes,gen-letter-tracing,BUILD
preschool worksheets letters free,110,22,0.78,no,no,gen-letter-tracing,BUILD
preschool worksheets weather,110,17,0.5,no,yes,static-or-hub,BUILD
preschool writing practice,110,12,0.89,no,yes,static-or-hub,BUILD
preschool writing practice worksheets,110,12,0.86,no,yes,static-or-hub,BUILD
print kids,110,40,1.78,no,yes,static-or-hub,BUILD
printable activities for 10 year olds pdf,110,18,1.81,no,yes,static-or-hub,BUILD
printable activities for 5 year olds,110,25,0.94,no,yes,static-or-hub,BUILD
printable activities for preschoolers,110,48,0.84,no,yes,static-or-hub,LATER-highKD
printable activities sheets,110,57,1.05,no,yes,static-or-hub,LATER-highKD
printable activity sheets for kids,110,14,0.0,no,yes,static-or-hub,BUILD
printable childrens worksheets,110,60,1.13,no,yes,static-or-hub,LATER-highKD
printable educational resources,110,40,0.0,no,yes,static-or-hub,BUILD
printable learning worksheets,110,67,1.35,no,yes,static-or-hub,LATER-highKD
printable preschool math worksheets,110,28,0.68,no,yes,static-or-hub,BUILD
printable school worksheets,110,59,0.0,no,yes,static-or-hub,LATER-highKD
printable workbook,110,51,3.47,no,yes,static-or-hub,LATER-highKD
printables for preschoolers,110,38,1.11,no,yes,static-or-hub,BUILD
rainbow worksheet preschool,110,1,0.0,no,yes,static-or-hub,BUILD
recycling worksheets for preschool,110,10,0.85,no,yes,static-or-hub,BUILD
rhyming words worksheet preschool,110,9,0.32,no,yes,static-or-hub,BUILD
scholastic activity sheets,110,36,1.76,no,yes,static-or-hub,BUILD
scholastic free printables,110,29,1.66,no,yes,static-or-hub,BUILD
scholastic pre kindergarten workbook,110,18,0.39,no,yes,static-or-hub,BUILD
seek and find free printables,110,20,0.0,no,yes,static-or-hub,BUILD
shapes preschool worksheet,110,24,0.82,no,yes,gen-prewriting-lines,BUILD
sorting worksheets for preschool,110,16,0.53,no,yes,static-or-hub,BUILD
spanish worksheets for preschool,110,13,0.8,no,yes,static-or-hub,BUILD
spring preschool worksheets,110,13,0.73,no,yes,static-or-hub,BUILD
springtime preschool worksheets,110,11,0.73,no,yes,static-or-hub,BUILD
thanksgiving worksheet preschool,110,18,0.0,no,yes,static-or-hub,BUILD
toddler printable worksheets,110,50,0.0,no,yes,static-or-hub,LATER-highKD
toddler worksheets age 3,110,39,0.0,no,yes,static-or-hub,BUILD
transportation worksheets for preschoolers,110,0,0.31,no,yes,static-or-hub,BUILD
triangle worksheet for preschool,110,4,0.0,no,yes,static-or-hub,BUILD
w worksheet preschool,110,15,0.0,no,yes,static-or-hub,BUILD
w worksheets for preschool,110,10,0.0,no,yes,static-or-hub,BUILD
weather worksheets for preschoolers,110,17,0.5,no,yes,static-or-hub,BUILD
weather worksheets preschool,110,17,0.5,no,yes,static-or-hub,BUILD
winter worksheet preschool,110,11,0.0,no,yes,static-or-hub,BUILD
winter worksheets for preschoolers,110,7,0.0,no,yes,static-or-hub,BUILD
winter worksheets preschool,110,10,0.0,no,yes,static-or-hub,BUILD
work for pre k,110,23,1.5,no,yes,static-or-hub,BUILD
work sheets for 3 year olds,110,17,0.84,no,yes,static-or-hub,BUILD
workbook pages for preschoolers,110,43,1.07,no,yes,static-or-hub,LATER-highKD
worksheet for 3 year old,110,43,0.0,no,yes,static-or-hub,LATER-highKD
worksheet for prek,110,44,0.86,no,yes,static-or-hub,LATER-highKD
worksheet for tk,110,41,0.61,no,yes,static-or-hub,LATER-highKD
worksheet games,110,24,0.0,no,yes,static-or-hub,BUILD
worksheet prek,110,46,0.86,no,yes,static-or-hub,LATER-highKD
worksheetfun tracing,110,12,0.0,no,yes,static-or-hub,BUILD
worksheets 4 kids,110,57,0.0,no,yes,static-or-hub,LATER-highKD
worksheets for 1 year olds,110,40,1.03,yes,yes,static-or-hub,BUILD
worksheets for 3 year olds free,110,47,1.1,no,yes,static-or-hub,LATER-highKD
worksheets for autistic preschoolers,110,5,1.28,no,yes,static-or-hub,BUILD
worksheets for kindergarten readiness,110,13,1.05,no,no,static-or-hub,BUILD
worksheets for preschool free,110,49,0.95,no,yes,static-or-hub,LATER-highKD
worksheets fun,110,67,0.99,no,yes,static-or-hub,LATER-highKD
writing pages for preschoolers,110,23,0.81,no,yes,static-or-hub,BUILD
writing practice sheets for preschoolers,110,10,0.86,no,yes,static-or-hub,BUILD
writing practice worksheets preschool,110,23,0.81,no,yes,static-or-hub,BUILD
writing worksheets for preschoolers,110,27,0.85,no,yes,static-or-hub,BUILD
writing worksheets preschool,110,27,0.77,no,yes,static-or-hub,BUILD
zoo worksheets for preschool,110,6,0.0,no,yes,static-or-hub,BUILD
a b c worksheet,110,24,0.93,no,yes,static-or-hub,BUILD
a letter worksheets,110,20,1.09,no,yes,gen-letter-tracing,BUILD
abc activity worksheets,110,25,0.4,no,yes,gen-letter-tracing,BUILD
abc handwriting practice worksheets,110,5,0.7,no,yes,gen-letter-tracing,BUILD
abc letter printouts,110,27,1.0,no,yes,gen-letter-tracing,BUILD
abc print outs,110,25,1.36,no,yes,gen-letter-tracing,BUILD
abc printable letters,110,26,0.99,no,yes,gen-letter-tracing,BUILD
abc sheets,110,23,0.61,no,yes,gen-letter-tracing,BUILD
abc template printable,110,28,0.65,no,yes,gen-letter-tracing,BUILD
abc worksheet printable,110,41,1.03,no,yes,gen-letter-tracing,LATER-highKD
abc worksheets printable,110,36,0.84,no,yes,gen-letter-tracing,BUILD
abcs printables,110,24,0.82,no,yes,gen-letter-tracing,BUILD
alphabet activity,110,8,0.84,no,yes,gen-letter-tracing,BUILD
alphabet book template,110,19,0.25,no,yes,gen-letter-tracing,BUILD
alphabet exercises,110,29,0.0,no,yes,gen-letter-tracing,BUILD
alphabet letter practice,110,37,1.19,no,yes,gen-letter-tracing,BUILD
alphabet letter sheet,110,26,0.77,no,yes,gen-letter-tracing,BUILD
alphabet letter template,110,31,0.46,no,yes,gen-letter-tracing,BUILD
alphabet letters kindergarten,110,17,1.73,no,yes,gen-letter-tracing,BUILD
alphabet pages,110,28,0.54,no,yes,gen-letter-tracing,BUILD
alphabet practice worksheets pdf,110,24,0.96,no,yes,gen-letter-tracing,BUILD
alphabet practice writing,110,38,0.64,no,yes,gen-letter-tracing,BUILD
alphabet print sheets,110,27,0.0,no,yes,gen-letter-tracing,BUILD
alphabet template to print,110,27,0.65,no,no,gen-letter-tracing,BUILD
alphabet templates to print free,110,30,0.0,yes,no,gen-letter-tracing,BUILD
alphabet themes,110,16,0.0,yes,yes,gen-letter-tracing,BUILD
alphabet worksheets and activities,110,38,0.4,no,yes,gen-letter-tracing,BUILD
alphabet worksheets free,110,40,0.69,no,yes,gen-letter-tracing,BUILD
alphabet writing practice worksheets pdf,110,18,0.0,no,yes,gen-letter-tracing,BUILD
beginning a sound worksheets,110,10,0.38,no,yes,static-or-hub,BUILD
beginning sound worksheet for kindergarten,110,10,0.31,no,yes,static-or-hub,BUILD
color the letter worksheets,110,17,0.34,no,yes,gen-letter-tracing,BUILD
cursive alphabet letters worksheets,110,23,0.0,no,yes,gen-cursive-practice,BUILD
cut and glue alphabet worksheets,110,6,0.64,no,yes,gen-letter-tracing,BUILD
cut and paste letter a worksheets,110,9,0.75,no,yes,gen-letter-tracing,BUILD
free abc printable,110,27,0.84,no,yes,gen-letter-tracing,BUILD
free alphabet letter templates to print,110,29,1.06,no,yes,gen-letter-tracing,BUILD
free alphabet templates,110,27,0.47,no,yes,gen-letter-tracing,BUILD
free alphabet templates to print,110,23,0.0,no,yes,gen-letter-tracing,BUILD
free cursive alphabet worksheet,110,,0.6,no,yes,gen-cursive-practice,LATER-highKD
free print letters,110,28,0.79,no,yes,gen-letter-tracing,BUILD
free printable alphabet letters pdf,110,27,0.0,no,yes,gen-letter-tracing,BUILD
free printable alphabets,110,30,0.71,no,yes,static-or-hub,BUILD
free printable letters of the alphabet,110,26,0.0,no,yes,gen-letter-tracing,BUILD
hebrew alphabet worksheets,110,4,1.34,no,yes,gen-letter-tracing,BUILD
identify letters of the alphabet worksheet,110,30,0.48,no,yes,gen-letter-tracing,BUILD
identifying letters worksheet,110,23,0.48,no,yes,gen-letter-tracing,BUILD
korean alphabet practice worksheets,110,3,0.67,no,yes,gen-letter-tracing,BUILD
learn to write abc,110,19,0.93,no,yes,gen-letter-tracing,BUILD
learn to write alphabet,110,40,0.93,yes,yes,gen-letter-tracing,BUILD
learning abc worksheets,110,22,0.99,no,yes,gen-letter-tracing,BUILD
letter a activity sheet,110,27,0.77,no,yes,gen-letter-tracing,BUILD
letter a sheets,110,27,0.81,no,yes,gen-letter-tracing,BUILD
letter a template printable,110,30,0.82,no,yes,gen-letter-tracing,BUILD
letter a worksheets pdf,110,21,1.09,no,yes,gen-letter-tracing,BUILD
letter writing worksheet,110,17,0.89,no,yes,gen-letter-tracing,BUILD
letters alphabet printable,110,27,0.81,no,yes,gen-letter-tracing,BUILD
letters for kindergarten,110,14,1.36,no,yes,gen-letter-tracing,BUILD
letters of the alphabet worksheet,110,41,1.09,no,yes,gen-letter-tracing,LATER-highKD
letters preschool,110,36,0.99,no,yes,gen-letter-tracing,BUILD
little alphabet letters,110,27,0.28,no,yes,gen-letter-tracing,BUILD
lowercase letter a printables,110,21,0.75,no,yes,gen-letter-tracing,BUILD
matching alphabet worksheets,110,16,0.31,no,yes,gen-letter-tracing,BUILD
matching letters worksheets,110,16,0.5,no,yes,gen-letter-tracing,BUILD
missing alphabet worksheets,110,6,0.36,no,yes,gen-letter-tracing,BUILD
missing letter alphabet worksheets,110,13,0.36,no,yes,gen-letter-tracing,BUILD
practice alphabet letters,110,32,1.04,no,yes,gen-letter-tracing,BUILD
pre k alphabet,110,17,1.15,no,yes,gen-letter-tracing,BUILD
pre k letters,110,21,1.1,yes,yes,gen-letter-tracing,BUILD
print out letters,110,30,0.89,no,yes,gen-letter-tracing,BUILD
printable a,110,22,0.0,no,yes,static-or-hub,BUILD
printable alphabet letters a to z,110,32,0.0,no,yes,gen-letter-tracing,BUILD
printable alphabet letters i,110,22,0.0,no,yes,gen-letter-tracing,BUILD
printable letter i,110,13,1.14,no,yes,gen-letter-tracing,BUILD
printable letters and numbers,110,16,0.0,no,yes,gen-letter-tracing,BUILD
printable letters of the alphabet free,110,27,0.49,no,yes,gen-letter-tracing,BUILD
printing letters for preschool,110,40,1.25,yes,no,gen-letter-tracing,BUILD
writing letters of the alphabet worksheets,110,19,0.66,no,yes,gen-letter-tracing,BUILD
a cursive alphabet,110,29,0.0,yes,yes,gen-cursive-practice,BUILD
allen in cursive,110,10,0.0,no,yes,gen-cursive-practice,BUILD
beginner cursive writing practice,110,9,0.0,no,yes,gen-cursive-practice,BUILD
best cursive handwriting,110,25,0.0,yes,yes,gen-cursive-practice,BUILD
best cursive writing,110,33,0.0,yes,yes,gen-cursive-practice,BUILD
calligraphy cursive handwriting,110,37,0.0,no,yes,gen-cursive-practice,BUILD
coursive writing,110,43,0.05,yes,yes,static-or-hub,LATER-highKD
create your own cursive practice sheets,110,17,0.0,no,no,gen-cursive-practice,BUILD
create your own cursive writing worksheets,110,21,0.78,no,no,gen-cursive-practice,BUILD
cursiv writting,110,32,0.05,no,yes,static-or-hub,BUILD
cursive book practice,110,6,0.28,no,yes,gen-cursive-practice,BUILD
cursive booklet,110,18,0.22,no,yes,gen-cursive-practice,BUILD
cursive calligraphy writing,110,45,0.0,no,yes,gen-cursive-practice,LATER-highKD
cursive generator free,110,47,0.23,no,no,gen-cursive-practice,LATER-highKD
cursive generator worksheet,110,25,1.28,no,yes,gen-cursive-practice,BUILD
cursive guide letters,110,28,0.0,no,yes,gen-cursive-practice,BUILD
cursive handwriting chart,110,15,0.0,no,yes,gen-cursive-practice,BUILD
cursive handwriting guide,110,13,0.0,no,yes,gen-cursive-practice,BUILD
cursive handwriting learn,110,29,0.52,no,yes,SKIP-explainer,SKIP-AIO-explainer
cursive handwriting letters,110,50,0.0,no,yes,gen-cursive-practice,LATER-highKD
cursive handwriting notes,110,31,0.0,no,yes,gen-cursive-practice,BUILD
cursive handwriting page,110,24,0.44,no,yes,gen-cursive-practice,BUILD
cursive handwriting paper,110,18,0.0,no,yes,gen-cursive-practice,BUILD
cursive handwriting practice pdf,110,8,0.0,no,yes,gen-cursive-practice,BUILD
cursive handwriting practice sheets free,110,23,0.38,no,yes,gen-cursive-practice,BUILD
cursive handwriting sheet,110,26,0.38,no,yes,gen-cursive-practice,BUILD
cursive handwriting sheet generator,110,24,1.28,no,yes,gen-cursive-practice,BUILD
cursive handwriting worksheet free,110,24,0.47,no,yes,gen-cursive-practice,BUILD
cursive handwriting worksheets free,110,24,0.47,no,yes,gen-cursive-practice,BUILD
cursive help,110,36,1.0,no,yes,gen-cursive-practice,BUILD
cursive j worksheet,110,,0.0,no,no,gen-cursive-practice,LATER-highKD
cursive letter a practice,110,34,0.31,no,yes,gen-cursive-practice,BUILD
cursive letter examples,110,45,0.0,no,yes,gen-cursive-practice,LATER-highKD
cursive letter template,110,20,0.0,no,yes,gen-cursive-practice,BUILD
cursive letters how to write,110,63,0.0,no,yes,SKIP-explainer,SKIP-AIO-explainer
cursive letters to practice,110,17,0.38,no,yes,gen-cursive-practice,BUILD
cursive name worksheet,110,25,0.0,no,yes,gen-cursive-practice,BUILD
cursive name worksheet generator,110,10,0.0,no,yes,gen-cursive-practice,BUILD
cursive name writing,110,22,0.09,no,yes,gen-cursive-name,BUILD
cursive name writing practice,110,12,0.0,no,yes,gen-cursive-name,BUILD
cursive online,110,45,0.0,no,no,gen-cursive-practice,LATER-highKD
cursive pdf,110,0,0.0,no,yes,gen-cursive-practice,BUILD
cursive penmanship practice for adults,110,21,0.4,no,yes,gen-cursive-practice,BUILD
cursive practice online,110,25,1.55,yes,no,gen-cursive-practice,BUILD
cursive practice pdf,110,5,0.0,no,yes,gen-cursive-practice,BUILD
cursive practice sheets for kids,110,20,0.0,no,yes,gen-cursive-practice,BUILD
cursive practise sheets,110,19,0.18,no,yes,gen-cursive-practice,BUILD
cursive reading practice,110,15,0.0,no,yes,gen-cursive-practice,BUILD
cursive reading test,110,19,0.0,no,yes,gen-cursive-practice,BUILD
cursive sentence handwriting worksheets,110,22,0.28,no,yes,gen-cursive-practice,BUILD
cursive test,110,29,0.0,no,yes,gen-cursive-practice,BUILD
cursive to english,110,24,1.54,no,yes,gen-cursive-practice,BUILD
cursive vocabulary,110,24,0.0,no,yes,gen-cursive-practice,BUILD
cursive weiting,110,74,0.05,no,yes,gen-cursive-practice,LATER-highKD
cursive wording,110,53,0.05,no,yes,gen-cursive-practice,LATER-highKD
cursive workbook for adults,110,5,0.27,no,yes,gen-cursive-practice,BUILD
cursive worksheets sentences,110,18,0.0,no,yes,gen-cursive-practice,BUILD
cursive writer creator,110,49,0.05,yes,no,gen-cursive-practice,LATER-highKD
cursive writing cursive alphabet,110,60,0.6,no,yes,gen-cursive-practice,LATER-highKD
cursive writing exercise book,110,14,0.27,no,yes,gen-cursive-practice,BUILD
cursive writing lessons,110,15,0.68,no,yes,gen-cursive-practice,BUILD
cursive writing letter,110,59,0.27,no,yes,gen-cursive-practice,LATER-highKD
cursive writing online,110,48,0.0,no,no,gen-cursive-practice,LATER-highKD
cursive writing printables,110,25,0.57,no,yes,gen-cursive-practice,BUILD
cursive writing samples,110,15,0.68,no,yes,gen-cursive-practice,BUILD
cursive writing step by step,110,20,0.0,yes,yes,gen-cursive-practice,BUILD
cursive writing worksheets pdf free download for adults,110,0,1.36,no,yes,gen-cursive-practice,BUILD
cursive writitng,110,54,0.05,no,yes,gen-cursive-practice,LATER-highKD
cursiveletters,110,67,0.01,no,yes,static-or-hub,LATER-highKD
cursuce,110,66,0.01,no,yes,static-or-hub,LATER-highKD
cursus writing,110,60,0.0,yes,yes,static-or-hub,LATER-highKD
custom cursive worksheets,110,25,0.59,no,yes,gen-cursive-practice,BUILD
drawings in cursive,110,23,0.0,no,yes,gen-cursive-practice,BUILD
english to cursive writing,110,57,0.0,no,yes,gen-cursive-practice,LATER-highKD
exercise in cursive,110,26,0.0,no,yes,gen-cursive-practice,BUILD
free cursive,110,52,0.0,no,yes,gen-cursive-practice,LATER-highKD
free cursive alphabet printable,110,34,0.6,no,yes,gen-cursive-practice,BUILD
free cursive handwriting pages,110,28,0.38,no,no,gen-cursive-practice,BUILD
free cursive printables,110,29,0.46,no,yes,gen-cursive-practice,BUILD
free cursive worksheet maker,110,37,0.72,no,no,gen-cursive-practice,BUILD
free printable cursive alphabet printable,110,31,0.51,no,yes,gen-cursive-practice,BUILD
handwriting cursive practise,110,23,0.35,yes,yes,gen-cursive-practice,BUILD
handwriting worksheets cursive,110,28,0.44,no,yes,gen-cursive-practice,BUILD
help in cursive,110,39,0.0,no,yes,gen-cursive-practice,BUILD
helpful in cursive,110,17,0.0,yes,yes,gen-cursive-practice,BUILD
how do you do a cursive,110,58,0.0,yes,yes,gen-cursive-practice,LATER-highKD
how to write a cursive letter,110,43,0.51,no,yes,SKIP-explainer,SKIP-AIO-explainer
how to write a letter in cursive,110,59,0.79,yes,yes,SKIP-explainer,SKIP-AIO-explainer
how to write script handwriting,110,32,0.0,yes,no,gen-name-tracing,BUILD
k5 learning cursive,110,16,0.0,no,yes,gen-cursive-practice,BUILD
know in cursive,110,40,0.0,no,yes,gen-cursive-practice,BUILD
learn cursive printables,110,20,0.54,no,yes,SKIP-explainer,SKIP-AIO-explainer
learn cursive worksheets,110,21,0.56,no,yes,SKIP-explainer,SKIP-AIO-explainer
make in cursive,110,47,0.0,no,yes,gen-cursive-practice,LATER-highKD
make your own cursive handwriting sheets,110,21,0.78,no,no,gen-cursive-practice,BUILD
make your own cursive practice sheets,110,22,0.0,yes,no,gen-cursive-practice,BUILD
make your own cursive writing worksheets,110,17,0.0,yes,yes,gen-cursive-practice,BUILD
my cursive.com,110,49,0.0,no,no,gen-cursive-practice,LATER-highKD
name cursive writing,110,35,0.1,no,yes,gen-cursive-name,BUILD
only in cursive,110,45,0.0,no,yes,gen-cursive-practice,LATER-highKD
paper cursive,110,21,0.0,no,yes,gen-cursive-practice,BUILD
paragraph for cursive writing,110,18,0.0,no,yes,gen-cursive-practice,BUILD
pdf cursive alphabet,110,8,1.2,yes,yes,gen-cursive-practice,BUILD
practice cursive adults,110,35,0.29,no,yes,gen-cursive-practice,BUILD
practice cursive alphabet,110,24,0.66,no,yes,gen-cursive-practice,BUILD
practice reading cursive,110,16,0.0,no,yes,gen-cursive-practice,BUILD
practice sheets for cursive handwriting,110,9,0.58,no,yes,gen-cursive-practice,BUILD
print cursive letters,110,22,0.65,no,yes,gen-cursive-practice,BUILD
printable alphabet in cursive,110,27,0.69,no,yes,gen-cursive-practice,BUILD
printable handwriting cursive alphabet,110,21,0.0,no,yes,gen-cursive-practice,BUILD
questions in cursive,110,25,0.0,no,yes,gen-cursive-practice,BUILD
script practice sheets,110,13,0.59,no,yes,static-or-hub,BUILD
script writing practice sheets,110,22,0.59,no,yes,static-or-hub,BUILD
sentence in cursive writing,110,16,0.0,yes,yes,gen-cursive-practice,BUILD
teach cursive,110,19,0.49,yes,yes,SKIP-explainer,SKIP-AIO-explainer
the cursive writing,110,59,0.0,no,no,gen-cursive-practice,LATER-highKD
the word write in cursive,110,49,0.0,yes,yes,gen-cursive-practice,LATER-highKD
things to write in cursive,110,22,0.0,no,yes,gen-cursive-practice,BUILD
to do in cursive,110,28,0.0,no,yes,gen-cursive-practice,BUILD
vocabulary in cursive,110,23,0.0,no,yes,gen-cursive-practice,BUILD
words to practice cursive,110,16,0.0,yes,yes,gen-cursive-practice,BUILD
words to practice in cursive,110,24,0.0,no,yes,gen-cursive-practice,BUILD
words written in cursive,110,50,0.09,no,yes,gen-cursive-practice,LATER-highKD
worksheet cursive,110,23,0.36,no,yes,gen-cursive-practice,BUILD
worksheet for cursive writing in sentences,110,19,0.0,no,yes,gen-cursive-practice,BUILD
worksheets for cursive letters,110,30,0.0,no,no,gen-cursive-practice,BUILD
write your name in cursive,110,26,0.0,no,yes,gen-cursive-name,BUILD
writing alphabet cursive,110,48,0.6,yes,yes,gen-cursive-practice,LATER-highKD
writing cursive sentences,110,14,0.0,no,yes,gen-cursive-practice,BUILD
writing cursive words,110,58,0.09,no,yes,gen-cursive-practice,LATER-highKD
writing in cursive practice,110,21,0.42,no,yes,gen-cursive-practice,BUILD
writing into cursive,110,48,0.13,no,no,gen-cursive-practice,LATER-highKD
writing sentences in cursive,110,17,0.0,no,yes,gen-cursive-practice,BUILD
zaner bloser cursive handwriting,110,17,1.36,no,yes,gen-cursive-practice,BUILD
100 connect the dots,110,13,0.0,no,yes,gen-dot-to-dot,BUILD
1000 dot to dot free printables,110,8,0.0,no,yes,gen-dot-to-dot,BUILD
adult connect the dots printable,110,9,0.0,no,yes,gen-dot-to-dot,BUILD
advanced connect the dots,110,3,0.0,no,yes,gen-dot-to-dot,BUILD
advanced dot to dot,110,5,0.0,no,yes,gen-dot-to-dot,BUILD
advanced dot to dot printables,110,1,0.0,no,yes,gen-dot-to-dot,BUILD
animal dot,110,21,0.0,no,yes,static-or-hub,BUILD
big connect the dots,110,16,0.0,no,yes,gen-dot-to-dot,BUILD
big dot to dot,110,5,0.0,no,yes,gen-dot-to-dot,BUILD
christmas dot to dot printables,110,5,0.0,no,yes,gen-dot-to-dot,BUILD
coloring by dots,110,22,0.31,no,yes,static-or-hub,BUILD
connect dot to dot worksheets,110,16,1.01,no,yes,gen-dot-to-dot,BUILD
connect dots numbers,110,14,0.58,no,yes,static-or-hub,BUILD
connect the dots 1 100,110,13,0.0,no,yes,gen-dot-to-dot,BUILD
connect the dots 1 20,110,4,0.0,no,yes,gen-dot-to-dot,BUILD
connect the dots 1 to 20,110,8,0.0,no,yes,gen-dot-to-dot,BUILD
connect the dots 1000,110,17,0.0,no,yes,gen-dot-to-dot,BUILD
connect the dots activity,110,14,0.0,no,yes,gen-dot-to-dot,BUILD
connect the dots adult,110,17,0.36,no,yes,gen-dot-to-dot,BUILD
connect the dots adults,110,17,0.36,no,yes,gen-dot-to-dot,BUILD
connect the dots alphabet,110,5,0.0,no,yes,gen-dot-to-dot,BUILD
connect the dots animals,110,5,0.0,no,yes,gen-dot-to-dot,BUILD
connect the dots free,110,25,0.0,no,yes,gen-dot-to-dot,BUILD
connect the dots letters,110,6,0.0,no,yes,gen-dot-to-dot,BUILD
connect the dots pages,110,17,0.0,no,yes,gen-dot-to-dot,BUILD
connect the dots preschool,110,10,0.0,no,yes,gen-dot-to-dot,BUILD
connect the dots printables hard,110,7,0.0,no,yes,gen-dot-to-dot,BUILD
connect the dots puzzles for adults,110,21,0.51,no,yes,gen-dot-to-dot,BUILD
connecting dots drawing,110,17,0.0,no,yes,static-or-hub,BUILD
connecting numbers,110,6,0.0,yes,yes,static-or-hub,BUILD
create dot to dot,110,6,0.38,no,yes,gen-dot-to-dot,BUILD
do a dot worksheets free printables,110,3,0.3,no,yes,static-or-hub,BUILD
dot a dot pages,110,3,1.16,no,yes,static-or-hub,BUILD
dot a dot printables,110,13,0.0,no,yes,static-or-hub,BUILD
dot art pages,110,2,0.36,no,yes,static-or-hub,BUILD
dot art print,110,3,0.32,no,yes,static-or-hub,BUILD
dot art sheets,110,4,0.36,no,yes,static-or-hub,BUILD
dot dot activity,110,8,0.0,no,yes,static-or-hub,BUILD
dot pages printable,110,2,0.0,no,yes,static-or-hub,BUILD
dot paint free printables,110,15,0.0,no,yes,static-or-hub,BUILD
dot painting printables free,110,12,0.0,no,yes,static-or-hub,BUILD
dot to dot 1 to 10,110,6,0.0,no,yes,gen-dot-to-dot,BUILD
dot to dot 1 to 100,110,13,0.0,no,yes,gen-dot-to-dot,BUILD
dot to dot 1 to 20,110,4,0.0,no,yes,gen-dot-to-dot,BUILD
dot to dot animals,110,11,0.0,no,yes,gen-dot-to-dot,BUILD
dot to dot challenging,110,20,0.67,no,yes,gen-dot-to-dot,BUILD
dot to dot drawings,110,10,0.0,no,yes,gen-dot-to-dot,BUILD
dot to dot for adults printables,110,7,0.0,no,no,gen-dot-to-dot,BUILD
dot to dot of animals,110,13,0.0,no,no,gen-dot-to-dot,BUILD
dot to dot pdf,110,20,0.0,no,yes,gen-dot-to-dot,BUILD
dot to dot preschool,110,16,0.55,no,yes,gen-dot-to-dot,BUILD
dot to dot printables difficult,110,10,0.0,no,yes,gen-dot-to-dot,BUILD
dot to dot printables free difficult,110,0,0.0,no,yes,gen-dot-to-dot,BUILD
dot to dot worksheets 1 20 pdf,110,3,0.92,no,yes,gen-dot-to-dot,BUILD
dot to to dot worksheets,110,18,0.73,no,yes,static-or-hub,BUILD
dots drawing,110,24,0.0,no,yes,static-or-hub,BUILD
dots with numbers,110,7,1.05,no,yes,static-or-hub,BUILD
dots worksheets,110,8,1.14,no,yes,static-or-hub,BUILD
dotting pages,110,5,0.0,no,yes,static-or-hub,BUILD
draw dot to dot,110,12,0.0,no,yes,gen-dot-to-dot,BUILD
easy connect the dots printables,110,14,0.0,no,yes,gen-dot-to-dot,BUILD
easy dot to dots,110,11,0.0,no,yes,gen-dot-to-dot,BUILD
extremely hard dot to dot printables,110,7,0.0,no,yes,gen-dot-to-dot,BUILD
extremely hard dot to dots,110,8,0.4,no,yes,gen-dot-to-dot,BUILD
free dot to dots to print,110,18,1.15,yes,no,gen-dot-to-dot,BUILD
free printable difficult dot to dot,110,2,0.0,no,yes,gen-dot-to-dot,BUILD
free printable dot to dot difficult,110,9,0.0,yes,yes,gen-dot-to-dot,BUILD
hard dot to dot printables,110,7,0.0,no,yes,gen-dot-to-dot,BUILD
hard dot to dot printouts,110,11,0.0,no,no,gen-dot-to-dot,BUILD
join the dots 1 to 20,110,4,0.0,no,yes,static-or-hub,BUILD
kindergarten connect the dots,110,9,0.0,no,yes,gen-dot-to-dot,BUILD
kindergarten dot to dot,110,4,0.0,no,yes,gen-dot-to-dot,BUILD
mindware extreme dot to dot,110,18,0.0,no,yes,gen-dot-to-dot,BUILD
print dot to dot worksheets,110,11,0.0,no,yes,gen-dot-to-dot,BUILD
printable connect the dots worksheets,110,15,0.0,no,yes,gen-dot-to-dot,BUILD
printable difficult dot to dot,110,8,0.0,no,yes,gen-dot-to-dot,BUILD
printable dot pages,110,0,0.0,no,yes,static-or-hub,BUILD
printable dot to dot for kids,110,13,0.0,no,yes,gen-dot-to-dot,BUILD
printable dot to dot worksheets,110,12,0.0,no,yes,gen-dot-to-dot,BUILD
sonic connect the dots,110,9,0.0,no,yes,gen-dot-to-dot,BUILD
the dot pdf,110,18,0.0,no,yes,static-or-hub,BUILD
to dots,110,45,0.0,no,no,static-or-hub,LATER-highKD
very hard dot to dot printables,110,9,0.0,no,yes,gen-dot-to-dot,BUILD
1 10 tracing worksheets,90,15,0.0,no,yes,static-or-hub,BUILD
1 20 tracing worksheet,90,14,0.4,no,yes,static-or-hub,BUILD
123 tracing worksheets,90,16,0.0,no,yes,static-or-hub,BUILD
a to z alphabet tracing worksheets pdf,90,10,0.79,no,yes,gen-letter-tracing,BUILD
a tracing worksheets,90,14,1.27,no,yes,static-or-hub,BUILD
abc tracing letters,90,23,1.17,no,yes,gen-letter-tracing,BUILD
abc tracing worksheets printable,90,5,0.67,no,yes,gen-letter-tracing,BUILD
abc's tracing,90,28,0.96,no,yes,gen-letter-tracing,BUILD
adults pdf printable neat handwriting practice sheets,90,15,0.0,no,yes,gen-name-tracing,BUILD
aesthetic handwriting practice sheets,90,19,0.0,no,yes,gen-name-tracing,BUILD
alphabet letter tracing worksheets pdf,90,16,1.05,no,yes,gen-letter-tracing,BUILD
alphabet tracing letter,90,22,0.76,no,yes,gen-letter-tracing,BUILD
alphabet tracing letters,90,15,0.76,no,yes,gen-letter-tracing,BUILD
alphabet tracing printouts free,90,17,0.67,no,no,gen-letter-tracing,BUILD
alphabet tracing sheets for kindergarten,90,14,0.0,no,yes,gen-letter-tracing,BUILD
alphabet tracing worksheets printable,90,22,0.86,no,yes,gen-letter-tracing,BUILD
amazing handwriting,90,31,0.0,no,yes,gen-name-tracing,BUILD
amazing handwriting sheets,90,26,0.0,no,no,gen-name-tracing,BUILD
beautiful handwriting pdf free download,90,26,1.03,yes,no,gen-name-tracing,BUILD
c tracing worksheet,90,10,0.0,no,yes,static-or-hub,BUILD
canva handwritten fonts,90,23,0.0,no,yes,static-or-hub,BUILD
capital letter tracing worksheets,90,6,0.76,no,yes,gen-letter-tracing,BUILD
color tracing worksheets,90,11,1.52,no,yes,static-or-hub,BUILD
coloring and tracing worksheets,90,11,1.05,no,yes,static-or-hub,BUILD
copywork generator,90,31,0.0,no,no,static-or-hub,BUILD
create a tracing worksheet,90,28,0.37,no,yes,static-or-hub,BUILD
create handwriting sheets,90,31,0.23,no,no,gen-name-tracing,BUILD
create name tracing,90,12,0.0,no,yes,gen-name-tracing,BUILD
create name worksheets,90,14,0.33,no,yes,static-or-hub,BUILD
create practice writing sheets,90,38,0.93,no,no,static-or-hub,BUILD
create printables name,90,29,0.0,no,no,gen-name-tracing,BUILD
create traceable names,90,23,0.0,no,no,gen-name-tracing,BUILD
create tracing worksheets free,90,34,0.45,no,yes,static-or-hub,BUILD
create your own tracing worksheet,90,33,0.36,no,yes,static-or-hub,BUILD
cursive name generator worksheet,90,2,0.0,no,no,gen-cursive-practice,BUILD
custom name trace,90,27,0.16,no,yes,gen-name-tracing,BUILD
customizable name tracing,90,15,0.16,no,yes,gen-name-tracing,BUILD
cute handwriting practice,90,21,0.44,no,yes,gen-name-tracing,BUILD
d tracing worksheet,90,7,0.0,no,yes,static-or-hub,BUILD
dinosaur tracing worksheets,90,0,0.0,no,yes,static-or-hub,BUILD
dotted alphabet,90,17,0.0,no,yes,gen-letter-tracing,BUILD
e tracing worksheet,90,13,0.0,no,yes,static-or-hub,BUILD
editable handwriting paper,90,24,0.18,no,yes,gen-name-tracing,BUILD
editable names,90,20,0.0,no,yes,static-or-hub,BUILD
fancy traceable letters,90,12,0.0,no,yes,gen-letter-tracing,BUILD
fancy tracing letters,90,24,0.0,no,yes,gen-letter-tracing,BUILD
free alphabet tracing,90,13,0.69,no,yes,gen-letter-tracing,BUILD
free alphabet tracing letters,90,12,0.69,no,yes,gen-letter-tracing,BUILD
free handwriting,90,39,0.0,yes,yes,gen-name-tracing,BUILD
free handwriting generator,90,28,0.0,yes,no,gen-name-tracing,BUILD
free handwriting name sheets,90,30,0.44,no,no,gen-name-tracing,BUILD
free handwriting pages for kindergarten,90,22,0.7,no,yes,gen-name-tracing,BUILD
free handwriting paper printable,90,23,0.29,no,yes,gen-name-tracing,BUILD
free handwriting sheets for kindergarten,90,19,0.7,no,no,gen-name-tracing,BUILD
free handwriting templates for kindergarten,90,21,0.5,no,yes,gen-name-tracing,BUILD
free handwriting worksheets for kindergarten,90,26,0.58,no,yes,gen-name-tracing,BUILD
free letter tracing printable,90,19,0.82,no,yes,gen-letter-tracing,BUILD
free name tracing with colored lines,90,21,0.92,no,yes,gen-name-tracing,BUILD
free name tracing worksheets for preschool printable,90,15,0.77,no,yes,gen-name-tracing,BUILD
free name tracing worksheets kidzone,90,12,0.0,no,yes,gen-name-tracing,BUILD
free penmanship practice,90,43,0.33,no,yes,static-or-hub,LATER-highKD
free penmanship practice sheets,90,32,0.41,yes,yes,static-or-hub,BUILD
free preschool tracing worksheets,90,24,0.79,no,yes,static-or-hub,BUILD
free printable abc tracing sheet,90,31,0.73,no,yes,gen-letter-tracing,BUILD
free printable alphabet tracing sheet,90,19,0.73,no,yes,gen-letter-tracing,BUILD
free printable handwriting practice,90,29,0.41,no,yes,gen-name-tracing,BUILD
free printable handwriting sheets for kindergarten,90,9,0.61,no,no,gen-name-tracing,BUILD
free printable letter k worksheets,90,2,0.0,no,yes,gen-letter-tracing,BUILD
free printable line tracing worksheets,90,1,0.66,no,yes,gen-prewriting-lines,BUILD
free printable preschool worksheets tracing letters pdf,90,23,0.0,no,yes,gen-letter-tracing,BUILD
free printable tracing lines worksheets,90,1,0.66,no,yes,gen-prewriting-lines,BUILD
free printable tracing numbers 1 20 worksheets pdf,90,18,0.0,no,yes,gen-number-tracing,BUILD
free trace,90,25,0.0,yes,yes,static-or-hub,BUILD
free traceable alphabet,90,16,0.43,no,yes,gen-letter-tracing,BUILD
free traceable worksheets kindergarten,90,24,1.07,no,no,gen-name-tracing,BUILD
free tracing letters worksheets,90,19,0.67,no,yes,gen-letter-tracing,BUILD
free tracing worksheet generator,90,33,0.45,no,yes,static-or-hub,BUILD
free tracing worksheets for kindergarten,90,23,0.9,no,yes,static-or-hub,BUILD
handwriting canva,90,34,0.0,no,yes,gen-name-tracing,BUILD
handwriting for adults worksheets,90,18,0.51,no,yes,gen-name-tracing,BUILD
handwriting helper,90,17,1.26,no,yes,gen-name-tracing,BUILD
handwriting maker,90,48,0.0,yes,yes,gen-name-tracing,LATER-highKD
handwriting maker practice,90,29,0.0,no,no,gen-name-tracing,BUILD
handwriting names generator,90,13,0.0,no,yes,gen-name-tracing,BUILD
handwriting pages blank,90,18,0.64,no,yes,gen-name-tracing,BUILD
handwriting paper printable free,90,27,0.22,no,yes,gen-name-tracing,BUILD
handwriting practice creator,90,27,0.0,no,no,gen-name-tracing,BUILD
handwriting practice free,90,31,0.34,no,yes,gen-name-tracing,BUILD
handwriting practice maker,90,33,0.0,no,no,gen-name-tracing,BUILD
handwriting practice paper free printable,90,16,0.0,no,yes,gen-name-tracing,BUILD
handwriting practice sheet for adults,90,26,0.51,no,yes,gen-name-tracing,BUILD
handwriting practice worksheets pdf free,90,38,0.52,no,yes,gen-name-tracing,BUILD
handwriting practise online,90,28,2.83,no,no,gen-name-tracing,BUILD
handwriting practise worksheets for free,90,28,0.55,no,no,gen-name-tracing,BUILD
handwriting sheet maker,90,27,0.93,no,no,gen-name-tracing,BUILD
handwriting sheets for preschool,90,21,0.81,no,yes,gen-name-tracing,BUILD
handwriting template for names,90,22,0.27,yes,no,gen-name-tracing,BUILD
handwriting templates for adults,90,24,0.0,yes,yes,gen-name-tracing,BUILD
handwriting trace,90,31,0.53,no,yes,gen-name-tracing,BUILD
handwriting worksheet generator free,90,26,0.87,no,yes,gen-name-tracing,BUILD
handwriting worksheet practice,90,42,0.5,no,yes,gen-name-tracing,LATER-highKD
handwriting worksheets for kindergarten pdf,90,22,0.93,no,yes,gen-name-tracing,BUILD
handwritten canvas,90,19,0.0,no,yes,static-or-hub,BUILD
identifying alphabets worksheets,90,31,0.61,no,yes,static-or-hub,BUILD
k trace,90,12,0.0,no,yes,static-or-hub,BUILD
kidzone tracer pages,90,25,0.0,no,no,static-or-hub,BUILD
kindergarten practice name writing,90,0,0.15,no,yes,gen-name-tracing,BUILD
kindergarten trace worksheet,90,23,1.0,no,yes,static-or-hub,BUILD
kindergarten tracing worksheets free,90,28,0.9,no,yes,static-or-hub,BUILD
letter a trace worksheet,90,11,1.03,no,yes,gen-letter-tracing,BUILD
letter a tracing sheets for preschool,90,14,0.79,no,yes,gen-letter-tracing,BUILD
letter and number tracing worksheets,90,16,0.71,no,yes,gen-number-tracing,BUILD
letter g tracing worksheet,90,7,0.76,no,yes,gen-letter-tracing,BUILD
letter i template for tracing,90,15,0.59,no,no,gen-letter-tracing,BUILD
letter i trace,90,11,0.75,no,yes,gen-letter-tracing,BUILD
letter i tracing worksheets preschool,90,10,0.79,no,yes,gen-letter-tracing,BUILD
letter n tracing worksheets,90,17,0.0,no,yes,gen-letter-tracing,BUILD
letter o tracing worksheet,90,11,0.0,no,yes,gen-letter-tracing,BUILD
letter trace printable,90,15,0.86,no,yes,gen-letter-tracing,BUILD
letter tracing kindergarten,90,22,0.63,no,yes,gen-letter-tracing,BUILD
letter v tracing pages,90,7,0.0,no,yes,gen-letter-tracing,BUILD
letter w tracing worksheet,90,10,0.0,no,yes,gen-letter-tracing,BUILD
letter w tracing worksheets,90,8,0.0,no,yes,gen-letter-tracing,BUILD
letter writing practice sheet,90,18,0.66,no,yes,gen-letter-tracing,BUILD
letters tracing printable,90,20,0.86,no,yes,gen-letter-tracing,BUILD
line tracing sheets for preschoolers,90,13,0.0,no,yes,gen-prewriting-lines,BUILD
line tracing worksheets pdf,90,8,0.0,no,yes,gen-prewriting-lines,BUILD
lines for practice writing,90,30,0.0,no,yes,gen-prewriting-lines,BUILD
lines for practicing writing,90,25,0.0,no,yes,gen-prewriting-lines,BUILD
lowercase letter tracing sheets,90,6,0.0,no,yes,gen-letter-tracing,BUILD
lowercase letter tracing worksheets,90,8,0.0,no,yes,gen-letter-tracing,BUILD
lowercase letters tracing,90,14,0.85,no,yes,gen-letter-tracing,BUILD
lowercase tracing worksheet,90,3,1.23,no,yes,static-or-hub,BUILD
make handwriting sheets,90,29,0.93,no,no,gen-name-tracing,BUILD
name in cursive worksheet,90,23,0.0,no,no,gen-cursive-practice,BUILD
name letter tracing,90,23,0.0,no,yes,gen-name-tracing,BUILD
name practice generator,90,24,0.0,no,yes,gen-name-tracing,BUILD
name practice worksheets for preschool,90,23,0.41,no,yes,gen-name-tracing,BUILD
name trace template,90,23,0.43,no,yes,gen-name-tracing,BUILD
name trace with lines,90,20,0.33,no,yes,gen-name-tracing,BUILD
name tracing for kindergarten,90,14,0.82,no,yes,gen-name-tracing,BUILD
name tracing practice worksheets,90,23,0.0,no,yes,gen-name-tracing,BUILD
name tracing sheets free,90,13,0.36,no,yes,gen-name-tracing,BUILD
name tracing worksheets pdf free download,90,23,0.55,no,yes,gen-name-tracing,BUILD
name with lines,90,15,0.0,yes,yes,gen-prewriting-lines,BUILD
name writing activities,90,7,0.12,yes,yes,gen-name-tracing,BUILD
name writing practise sheets,90,22,0.16,no,yes,gen-name-tracing,BUILD
neat handwriting practice sheets,90,28,0.0,no,yes,gen-name-tracing,BUILD
number one tracing worksheet,90,13,0.98,no,yes,gen-number-tracing,BUILD
online alphabet tracing,90,16,1.37,no,no,gen-letter-tracing,BUILD
penmanship printables,90,37,0.0,no,yes,static-or-hub,BUILD
penmanship sheets,90,40,0.73,no,yes,static-or-hub,BUILD
personalized cursive worksheets,90,25,0.97,no,no,gen-cursive-practice,BUILD
practice handwriting for kids,90,35,0.0,no,yes,gen-name-tracing,BUILD
practice sheets,90,57,2.42,yes,yes,static-or-hub,LATER-highKD
practice writing name in cursive,90,17,0.0,no,yes,gen-cursive-name,BUILD
practise handwriting sheets free,90,28,0.41,no,yes,gen-name-tracing,BUILD
pre k letter tracing worksheets,90,10,0.88,no,yes,gen-letter-tracing,BUILD
preschool handwriting practice name,90,23,0.27,no,yes,gen-name-tracing,BUILD
preschool handwriting worksheets,90,12,0.66,no,yes,gen-name-tracing,BUILD
preschool letters to trace,90,21,0.68,no,no,gen-letter-tracing,BUILD
preschool line tracing,90,8,0.97,no,yes,gen-prewriting-lines,BUILD
preschool line tracing sheets,90,15,0.0,no,yes,gen-prewriting-lines,BUILD
preschool name practice,90,13,0.22,no,yes,gen-name-tracing,BUILD
preschool name tracing templates,90,17,0.53,no,yes,gen-name-tracing,BUILD
preschool name writing practice,90,12,0.12,no,yes,gen-name-tracing,BUILD
preschool practice writing sheets,90,27,0.77,no,yes,static-or-hub,BUILD
preschool printables alphabet tracing,90,22,1.02,no,no,gen-letter-tracing,BUILD
preschool trace,90,17,0.94,no,yes,static-or-hub,BUILD
preschool traceable worksheets,90,28,1.76,no,yes,gen-name-tracing,BUILD
preschool tracing lines worksheets,90,12,0.78,no,yes,gen-prewriting-lines,BUILD
pretty handwriting practice,90,22,0.0,no,yes,gen-name-tracing,BUILD
print handwriting workbook for adults,90,19,0.0,no,yes,gen-name-tracing,BUILD
print handwriting worksheets pdf free download pdf,90,22,1.09,no,yes,gen-name-tracing,BUILD
printable abc tracing,90,19,0.72,no,yes,gen-letter-tracing,BUILD
printable handwriting sheet,90,30,0.67,no,yes,gen-name-tracing,BUILD
printable handwriting worksheets for kindergarten free,90,17,0.71,yes,no,gen-name-tracing,BUILD
printable letter a tracing worksheets,90,14,0.86,no,yes,gen-letter-tracing,BUILD
printable name practice sheets,90,23,0.21,no,yes,gen-name-tracing,BUILD
printable name trace,90,12,0.34,no,yes,gen-name-tracing,BUILD
printable name tracing worksheet,90,14,0.34,no,yes,gen-name-tracing,BUILD
printable name worksheets,90,31,0.33,no,yes,gen-name-tracing,BUILD
printable traceable,90,47,0.9,no,yes,gen-name-tracing,LATER-highKD
printable traceable letters and numbers,90,21,0.83,no,yes,gen-number-tracing,BUILD
printable tracing lines,90,1,0.0,no,yes,gen-prewriting-lines,BUILD
printing practice pages,90,9,0.41,no,yes,static-or-hub,BUILD
printing writing,90,14,0.0,yes,yes,static-or-hub,BUILD
script practice pages,90,42,0.44,no,yes,static-or-hub,LATER-highKD
sentence tracing generator,90,13,0.0,no,no,gen-word-tracing,BUILD
shape tracing sheets for preschoolers,90,18,0.0,no,yes,gen-prewriting-lines,BUILD
shape tracing worksheets pdf,90,11,0.0,no,yes,gen-prewriting-lines,BUILD
shape tracing worksheets pdf free download,90,11,0.0,no,yes,gen-prewriting-lines,BUILD
signature practice worksheet,90,9,0.0,no,yes,static-or-hub,BUILD
spring tracing worksheets,90,1,0.0,no,yes,static-or-hub,BUILD
star tracing worksheet,90,2,0.0,no,yes,static-or-hub,BUILD
straight line tracing,90,8,0.0,no,yes,gen-prewriting-lines,BUILD
trace a name,90,20,0.38,no,yes,gen-name-tracing,BUILD
trace abcs printable,90,23,0.89,no,yes,gen-letter-tracing,BUILD
trace and write worksheets,90,32,0.78,no,yes,static-or-hub,BUILD
trace letter l worksheet,90,11,0.0,no,yes,gen-letter-tracing,BUILD
trace letter m worksheet,90,12,0.0,no,yes,gen-letter-tracing,BUILD
trace line worksheet pdf,90,2,0.0,no,yes,gen-prewriting-lines,BUILD
trace lowercase letters,90,10,0.83,no,yes,gen-letter-tracing,BUILD
trace name free printable,90,13,0.33,no,yes,gen-name-tracing,BUILD
trace sheets for preschool,90,19,0.96,no,yes,static-or-hub,BUILD
trace the letter,90,19,0.75,no,yes,gen-letter-tracing,BUILD
trace writing worksheets,90,31,0.78,no,yes,static-or-hub,BUILD
trace your name worksheets printables,90,11,0.37,no,no,gen-name-tracing,BUILD
traceable alphabet free,90,22,0.69,no,yes,gen-letter-tracing,BUILD
traceable handwriting worksheets,90,36,0.47,no,yes,gen-name-tracing,BUILD
traceable letters name,90,13,0.0,no,no,gen-name-tracing,BUILD
traceable pages,90,20,0.72,no,yes,gen-name-tracing,BUILD
traceable printable letters,90,20,0.95,no,yes,gen-letter-tracing,BUILD
tracer letters,90,14,0.75,no,yes,gen-letter-tracing,BUILD
tracer pages kidzone,90,25,0.0,no,no,static-or-hub,BUILD
tracing alphabet worksheet,90,22,0.74,no,yes,gen-letter-tracing,BUILD
tracing alphabet worksheets free printable,90,20,0.73,no,yes,gen-letter-tracing,BUILD
tracing and writing,90,35,0.41,no,yes,static-or-hub,BUILD
tracing c,90,14,0.0,no,yes,static-or-hub,BUILD
tracing circles worksheet,90,7,0.0,no,yes,static-or-hub,BUILD
tracing for preschoolers letters,90,18,0.9,no,yes,gen-letter-tracing,BUILD
tracing free printables,90,25,0.6,no,yes,static-or-hub,BUILD
tracing it,90,24,0.0,yes,yes,static-or-hub,BUILD
tracing letter e worksheets,90,19,1.0,no,yes,gen-letter-tracing,BUILD
tracing letter x worksheet,90,7,0.0,no,yes,gen-letter-tracing,BUILD
tracing letters a,90,19,1.23,no,yes,gen-letter-tracing,BUILD
tracing letters a-z,90,15,0.0,no,no,gen-letter-tracing,BUILD
tracing letters and numbers worksheets,90,21,0.77,no,yes,gen-number-tracing,BUILD
tracing letters for kids,90,12,0.0,no,yes,gen-letter-tracing,BUILD
tracing letters for kindergarten,90,7,0.66,no,yes,gen-letter-tracing,BUILD
tracing letters for toddlers,90,19,0.0,no,yes,gen-letter-tracing,BUILD
tracing letters name,90,23,0.0,no,no,gen-name-tracing,BUILD
tracing letters worksheets kindergarten,90,20,1.22,no,yes,gen-letter-tracing,BUILD
tracing line,90,6,0.5,no,yes,gen-prewriting-lines,BUILD
tracing lines for preschoolers,90,13,0.94,no,yes,gen-prewriting-lines,BUILD
tracing lines printable,90,0,0.0,no,yes,gen-prewriting-lines,BUILD
tracing lines worksheets for preschool,90,7,0.0,no,yes,gen-prewriting-lines,BUILD
tracing lines worksheets printable pdf,90,7,0.72,no,yes,gen-prewriting-lines,BUILD
tracing number 2 worksheet,90,13,0.0,no,yes,gen-number-tracing,BUILD
tracing number 3 worksheets,90,18,1.8,no,yes,gen-number-tracing,BUILD
tracing number 6 worksheets,90,12,0.0,no,yes,gen-number-tracing,BUILD
tracing of,90,21,0.0,no,no,static-or-hub,BUILD
tracing pages for kindergarten,90,18,0.74,no,yes,static-or-hub,BUILD
tracing paths,90,18,0.0,no,yes,static-or-hub,BUILD
tracing pictures for kids,90,17,0.0,no,yes,static-or-hub,BUILD
tracing printable worksheets,90,31,0.99,no,yes,static-or-hub,BUILD
tracing shapes worksheets for preschool,90,20,0.0,no,yes,gen-prewriting-lines,BUILD
tracing sheets for toddlers,90,7,0.0,no,yes,static-or-hub,BUILD
tracing thanksgiving worksheets,90,2,0.0,no,yes,static-or-hub,BUILD
tracing the letters of the alphabet worksheets,90,15,0.89,no,yes,gen-letter-tracing,BUILD
tracing unscramble,90,11,0.0,no,no,static-or-hub,BUILD
tracing words for kindergarten,90,15,0.0,no,yes,gen-word-tracing,BUILD
tracing words generator,90,10,0.29,yes,no,gen-word-tracing,BUILD
tracing worksheet for preschool,90,13,0.87,no,yes,static-or-hub,BUILD
tracing worksheets animals,90,6,0.0,no,yes,static-or-hub,BUILD
tracing worksheets for 4 year olds,90,18,0.99,no,yes,static-or-hub,BUILD
tracing worksheets kindergarten,90,29,0.98,no,yes,static-or-hub,BUILD
tracing worksheets numbers,90,21,0.78,no,yes,gen-number-tracing,BUILD
tracing your name,90,18,0.3,no,no,gen-name-tracing,BUILD
tracing your name worksheet,90,23,0.41,no,no,gen-name-tracing,BUILD
vertical line trace,90,7,0.0,yes,yes,gen-prewriting-lines,BUILD
word trace generator,90,31,0.28,no,no,gen-word-tracing,BUILD
word tracing worksheet,90,30,0.73,no,yes,gen-word-tracing,BUILD
words tracing,90,18,0.82,no,yes,gen-word-tracing,BUILD
worksheet blank,90,36,0.0,no,yes,static-or-hub,BUILD
worksheet works handwriting,90,46,0.0,no,yes,gen-name-tracing,LATER-highKD
writing name template,90,24,0.39,no,yes,gen-name-tracing,BUILD
writing pages for kids,90,40,0.0,no,yes,static-or-hub,BUILD
writing practice worksheet,90,43,0.79,no,yes,static-or-hub,LATER-highKD
writing practise sheets,90,41,1.5,no,yes,static-or-hub,LATER-highKD
writing your name,90,19,0.0,yes,no,gen-name-tracing,BUILD
www createprintables com,90,35,1.04,no,no,static-or-hub,BUILD
123 worksheets,90,25,2.18,no,yes,static-or-hub,BUILD
4 year old worksheets pdf,90,46,0.0,no,yes,static-or-hub,LATER-highKD
5 senses preschool worksheets,90,9,0.0,no,yes,static-or-hub,BUILD
5 year old worksheets,90,50,0.0,no,yes,static-or-hub,LATER-highKD
a to z alphabet worksheets pdf free download,90,33,0.0,no,yes,gen-letter-tracing,BUILD
abc free printables,90,30,0.81,no,yes,gen-letter-tracing,BUILD
abc mouse coloring,90,21,0.0,no,yes,gen-letter-tracing,BUILD
abc mouse printable worksheets,90,32,1.91,no,yes,gen-letter-tracing,BUILD
abc preschool printables,90,39,1.25,no,yes,gen-letter-tracing,BUILD
abc preschool worksheets printables free,90,38,0.0,no,yes,gen-letter-tracing,BUILD
abc worksheets preschool,90,43,1.36,no,yes,gen-letter-tracing,LATER-highKD
activities for kg,90,19,0.93,yes,yes,static-or-hub,BUILD
activity book printable,90,22,3.12,no,yes,static-or-hub,BUILD
activity pages for 2 year olds,90,16,0.9,no,yes,static-or-hub,BUILD
activity pages for 3 year olds,90,47,1.02,no,yes,static-or-hub,LATER-highKD
activity sheets for,90,42,0.78,no,yes,static-or-hub,LATER-highKD
activity sheets for 5 year olds pdf,90,36,1.15,no,yes,static-or-hub,BUILD
activity sheets for elementary students,90,33,1.08,yes,yes,static-or-hub,BUILD
activity sheets for middle schoolers,90,21,0.94,no,yes,static-or-hub,BUILD
alphabet free worksheets,90,36,0.72,no,yes,gen-letter-tracing,BUILD
alphabet prek worksheets,90,28,0.92,no,yes,gen-letter-tracing,BUILD
alphabet printouts for preschoolers,90,35,0.99,no,yes,gen-letter-tracing,BUILD
alphabet sheet for preschool,90,41,0.82,no,yes,gen-letter-tracing,LATER-highKD
alphabet worksheets for preschoolers,90,33,1.02,no,yes,gen-letter-tracing,BUILD
beginner preschool math worksheets,90,28,0.0,no,yes,static-or-hub,BUILD
big and small worksheets for preschool,90,4,0.0,no,yes,static-or-hub,BUILD
big small worksheets preschool,90,3,0.0,no,yes,static-or-hub,BUILD
blue preschool worksheet,90,1,0.0,no,yes,static-or-hub,BUILD
brown color worksheet preschoolers,90,1,0.0,no,no,static-or-hub,BUILD
brown worksheets for preschool,90,5,0.0,no,yes,static-or-hub,BUILD
butterfly worksheets for preschool,90,6,0.44,no,yes,static-or-hub,BUILD
circle worksheet for preschool,90,7,0.0,no,yes,static-or-hub,BUILD
class worksheets,90,60,0.93,no,yes,static-or-hub,LATER-highKD
clever learner,90,24,1.18,no,yes,static-or-hub,BUILD
cleverlearner com,90,25,0.93,no,yes,static-or-hub,BUILD
color brown preschool worksheets,90,4,0.0,no,yes,static-or-hub,BUILD
color green worksheets for preschool,90,6,0.0,no,yes,static-or-hub,BUILD
color orange worksheet for preschoolers,90,6,0.0,no,yes,static-or-hub,BUILD
color yellow worksheet for preschool,90,6,0.0,no,yes,static-or-hub,BUILD
color yellow worksheets for preschool,90,17,0.0,no,yes,static-or-hub,BUILD
color yellow worksheets preschool,90,5,0.0,no,yes,static-or-hub,BUILD
cut and paste printables for preschoolers,90,10,0.76,no,yes,static-or-hub,BUILD
cut and paste worksheets for preschool,90,19,0.76,no,yes,static-or-hub,BUILD
cut and paste worksheets preschool,90,19,0.76,no,yes,static-or-hub,BUILD
cutting worksheet for preschool,90,11,0.0,no,yes,static-or-hub,BUILD
days of the week preschool worksheet,90,13,1.36,no,yes,static-or-hub,BUILD
dr. seuss preschool worksheets,90,29,0.29,no,no,static-or-hub,BUILD
earth day preschool worksheets,90,6,0.0,no,yes,static-or-hub,BUILD
easter worksheet preschool,90,13,0.61,no,yes,static-or-hub,BUILD
easy worksheets for kids,90,63,0.0,no,yes,static-or-hub,LATER-highKD
educational activities for 2 year olds at home pdf,90,30,0.82,yes,yes,static-or-hub,BUILD
educational for kindergarten,90,21,3.48,no,yes,static-or-hub,BUILD
ela worksheets for kindergarten,90,24,0.7,no,yes,static-or-hub,BUILD
ela worksheets kindergarten,90,25,0.7,no,yes,static-or-hub,BUILD
emotions worksheets for preschoolers,90,7,0.0,no,yes,static-or-hub,BUILD
english worksheet for kg,90,30,0.91,no,yes,static-or-hub,BUILD
example worksheet,90,56,0.0,yes,yes,static-or-hub,LATER-highKD
family worksheet for preschool,90,22,0.0,no,yes,static-or-hub,BUILD
farmer worksheets for preschoolers,90,6,0.64,no,yes,static-or-hub,BUILD
first-school.ws,90,25,0.42,no,no,static-or-hub,BUILD
five senses worksheet for preschool,90,11,0.61,no,yes,static-or-hub,BUILD
five senses worksheets for preschool,90,10,0.0,no,yes,static-or-hub,BUILD
five senses worksheets preschool,90,11,0.0,no,yes,static-or-hub,BUILD
free activity pages for preschoolers,90,42,1.2,no,yes,static-or-hub,LATER-highKD
free alphabet worksheets for kindergarten,90,34,0.72,no,yes,gen-letter-tracing,BUILD
free classroom printables,90,45,0.87,no,yes,static-or-hub,LATER-highKD
free education worksheets,90,65,1.28,no,yes,static-or-hub,LATER-highKD
free educational printables,90,59,1.69,yes,yes,static-or-hub,LATER-highKD
free kids printables,90,62,0.0,yes,yes,static-or-hub,LATER-highKD
free kindergarten,90,22,3.0,yes,yes,static-or-hub,BUILD
free letter a worksheets for preschool,90,22,0.76,no,yes,gen-letter-tracing,BUILD
free letter i worksheets for preschoolers,90,18,0.78,no,yes,gen-letter-tracing,BUILD
free math worksheets for pre k,90,27,0.54,no,yes,static-or-hub,BUILD
free math worksheets preschool,90,26,0.58,no,yes,static-or-hub,BUILD
free pre-k worksheets,90,38,0.86,no,no,static-or-hub,BUILD
free preschool christmas worksheets,90,14,0.0,no,yes,static-or-hub,BUILD
free preschool curriculum printables,90,33,0.89,no,yes,static-or-hub,BUILD
free preschool number worksheets,90,16,0.68,no,yes,gen-number-tracing,BUILD
free preschool printable activities,90,35,1.01,no,yes,static-or-hub,BUILD
free print activities,90,52,1.75,no,no,static-or-hub,LATER-highKD
free printable abc worksheets for kindergarten,90,33,0.98,no,yes,gen-letter-tracing,BUILD
free printable abc worksheets for preschoolers,90,35,0.98,no,yes,gen-letter-tracing,BUILD
free printable activity books pdf,90,14,1.79,no,yes,static-or-hub,BUILD
free printable activity pages for kids,90,29,0.0,no,yes,static-or-hub,BUILD
free printable activity sheets for preschoolers,90,43,0.75,no,yes,static-or-hub,LATER-highKD
free printable all about mom printable,90,6,0.0,no,yes,static-or-hub,BUILD
free printable alphabet worksheets for kindergarten,90,24,0.98,no,yes,gen-letter-tracing,BUILD
free printable alphabet worksheets for preschoolers,90,27,1.06,no,yes,gen-letter-tracing,BUILD
free printable alphabet worksheets pdf,90,46,0.87,no,yes,gen-letter-tracing,LATER-highKD
free printable learning worksheets for preschoolers,90,44,0.86,no,yes,static-or-hub,LATER-highKD
free printable pattern worksheets for kindergarten,90,19,0.39,no,yes,static-or-hub,BUILD
free printable prek worksheets,90,42,0.78,no,yes,static-or-hub,LATER-highKD
free printable worksheets for kindergarteners,90,47,0.99,no,yes,static-or-hub,LATER-highKD
free printable worksheets for preschool math,90,27,0.54,no,yes,static-or-hub,BUILD
free teacher worksheets pdf,90,57,1.03,no,yes,static-or-hub,LATER-highKD
free toddler worksheets,90,45,0.0,no,yes,static-or-hub,LATER-highKD
free worksheets for 2 year olds,90,31,0.79,no,yes,static-or-hub,BUILD
free worksheets for 4 year olds,90,50,0.98,no,yes,static-or-hub,LATER-highKD
free worksheets to print,90,59,1.75,no,yes,static-or-hub,LATER-highKD
fun activity pages,90,25,1.4,no,yes,static-or-hub,BUILD
fun learning activities for kindergarteners,90,27,1.25,yes,no,static-or-hub,BUILD
fun printable activities for kids,90,32,0.0,no,yes,static-or-hub,BUILD
fun printable worksheets,90,42,1.35,no,yes,static-or-hub,LATER-highKD
fun work sheets,90,57,0.88,no,yes,static-or-hub,LATER-highKD
funworksheets,90,60,1.15,no,yes,static-or-hub,LATER-highKD
green worksheets for preschoolers,90,11,0.0,no,yes,static-or-hub,BUILD
heart worksheet preschool,90,6,0.0,no,yes,static-or-hub,BUILD
heart worksheets preschool,90,9,0.0,no,yes,static-or-hub,BUILD
hexagon preschool worksheet,90,8,0.0,no,yes,static-or-hub,BUILD
hollydog,90,39,0.0,no,yes,static-or-hub,BUILD
home work for kindergarten,90,30,1.08,no,yes,static-or-hub,BUILD
homeschool curriculum free printable,90,31,1.78,yes,no,static-or-hub,BUILD
homeschooling printable worksheets,90,19,1.77,no,yes,static-or-hub,BUILD
homework for four year olds,90,42,1.05,no,yes,static-or-hub,LATER-highKD
homework pages for pre k,90,46,1.01,no,yes,static-or-hub,LATER-highKD
i worksheets for preschool,90,15,0.72,no,yes,static-or-hub,BUILD
insect preschool worksheets,90,8,0.62,no,yes,static-or-hub,BUILD
k worksheets for preschool,90,7,0.73,no,yes,static-or-hub,BUILD
k12reader com,90,24,1.79,no,yes,static-or-hub,BUILD
k5 worksheet,90,31,1.4,no,yes,static-or-hub,BUILD
kiddie worksheets,90,62,0.82,no,yes,static-or-hub,LATER-highKD
kids pages,90,67,0.0,no,yes,static-or-hub,LATER-highKD
kinder activities,90,13,0.0,yes,yes,static-or-hub,BUILD
kindergaden worksheets,90,49,0.99,no,yes,static-or-hub,LATER-highKD
kindergarden homework,90,35,1.08,no,yes,static-or-hub,BUILD
kindergarten english worksheets free printables,90,42,0.94,no,yes,static-or-hub,LATER-highKD
kindergarten learning sheets,90,50,1.03,no,yes,static-or-hub,LATER-highKD
kindergarten letter k worksheets,90,9,0.0,no,yes,gen-letter-tracing,BUILD
kindergarten printouts,90,52,1.1,no,yes,static-or-hub,LATER-highKD
kindergarten workbooks pdf,90,18,1.06,no,yes,static-or-hub,BUILD
kindergarten worksheet free,90,49,0.82,no,yes,static-or-hub,LATER-highKD
kindergarten worksheets and games,90,45,1.1,no,yes,static-or-hub,LATER-highKD
kindergarten worksheets english pdf,90,31,0.81,no,yes,static-or-hub,BUILD
kindergarten writing worksheets pdf,90,21,1.01,no,yes,static-or-hub,BUILD
kingergarten worksheets,90,43,0.91,no,yes,static-or-hub,LATER-highKD
learning pages for 3 year olds,90,28,0.98,no,yes,static-or-hub,BUILD
learning sheets,90,59,1.31,no,yes,static-or-hub,LATER-highKD
learning sheets for 4 year olds,90,49,1.23,no,yes,static-or-hub,LATER-highKD
learning worksheets preschool,90,41,1.19,no,yes,static-or-hub,LATER-highKD
letter a worksheets for 2 year olds,90,19,0.99,no,yes,gen-letter-tracing,BUILD
letter b worksheet for preschool,90,16,1.17,no,yes,gen-letter-tracing,BUILD
letter g worksheets for preschoolers,90,9,1.4,no,yes,gen-letter-tracing,BUILD
letter h worksheet preschool,90,7,0.0,no,yes,gen-letter-tracing,BUILD
letter j worksheet preschool,90,12,0.98,no,yes,gen-letter-tracing,BUILD
letter m worksheets preschool,90,17,0.98,no,yes,gen-letter-tracing,BUILD
letter t preschool worksheets,90,10,0.94,no,yes,gen-letter-tracing,BUILD
letter w worksheet preschool,90,14,0.0,no,yes,gen-letter-tracing,BUILD
letter y worksheets for preschoolers,90,4,1.01,no,yes,gen-letter-tracing,BUILD
letter z worksheet preschool,90,7,0.0,no,yes,gen-letter-tracing,BUILD
matching preschool worksheets,90,8,1.1,no,yes,static-or-hub,BUILD
monday worksheets,90,10,0.0,no,yes,static-or-hub,BUILD
number 1 preschool worksheet,90,10,1.29,no,yes,gen-number-tracing,BUILD
number 1 worksheet for preschool,90,11,0.0,no,yes,gen-number-tracing,BUILD
number 11 worksheets for preschool,90,5,0.0,no,yes,gen-number-tracing,BUILD
number 12 worksheets for preschool,90,9,0.0,no,yes,gen-number-tracing,BUILD
number 16 worksheets for preschool,90,5,0.0,no,yes,gen-number-tracing,BUILD
number 4 preschool worksheet,90,9,0.0,no,yes,gen-number-tracing,BUILD
number 5 preschool worksheets,90,19,1.07,no,yes,gen-number-tracing,BUILD
number 7 worksheet preschool,90,18,0.0,no,yes,gen-number-tracing,BUILD
number 7 worksheets for preschoolers,90,19,0.0,no,yes,gen-number-tracing,BUILD
number 8 worksheet for preschool,90,15,0.0,no,yes,gen-number-tracing,BUILD
number 9 preschool worksheet,90,16,0.0,no,yes,gen-number-tracing,BUILD
number coloring worksheets for preschoolers,90,18,0.0,no,yes,gen-number-tracing,BUILD
number nine worksheet preschool,90,14,0.0,no,yes,gen-number-tracing,BUILD
nursery learning materials,90,51,1.27,no,yes,static-or-hub,LATER-highKD
octagon worksheet preschool,90,15,0.0,no,yes,static-or-hub,BUILD
octagon worksheets for preschool,90,11,0.0,no,yes,static-or-hub,BUILD
opposites worksheets for preschool,90,12,0.0,no,yes,static-or-hub,BUILD
pdf worksheets,90,62,0.98,no,yes,static-or-hub,LATER-highKD
plant worksheets for preschool,90,11,0.65,no,yes,static-or-hub,BUILD
practice worksheets,90,64,1.06,no,yes,static-or-hub,LATER-highKD
practice writing worksheets for preschoolers,90,26,0.63,no,yes,static-or-hub,BUILD
pre k dr seuss worksheets preschool,90,16,0.0,no,yes,static-or-hub,BUILD
pre k practice worksheets,90,50,0.72,no,yes,static-or-hub,LATER-highKD
pre k work sheets,90,52,0.99,no,yes,static-or-hub,LATER-highKD
pre k worksheets free printables,90,35,1.02,no,yes,static-or-hub,BUILD
pre kindergarten activities printable,90,43,0.93,no,yes,static-or-hub,LATER-highKD
pre kindergarten exercises,90,48,5.17,yes,yes,static-or-hub,LATER-highKD
pre kindergarten homework,90,53,0.9,no,yes,static-or-hub,LATER-highKD
pre kindergarten work,90,50,1.68,no,yes,static-or-hub,LATER-highKD
pre kindergarten worksheets printable,90,45,0.96,no,yes,static-or-hub,LATER-highKD
pre primary english worksheets,90,27,1.08,no,yes,static-or-hub,BUILD
pre-k homework,90,47,0.9,no,no,static-or-hub,LATER-highKD
pre-k worksheets for alphabet,90,35,0.92,no,no,gen-letter-tracing,BUILD
preeschool activities,90,25,0.79,yes,yes,static-or-hub,BUILD
prek letter worksheets,90,45,0.78,no,yes,gen-letter-tracing,LATER-highKD
prek work sheets,90,37,1.02,no,yes,static-or-hub,BUILD
preschool 1 5 worksheet,90,7,0.0,no,yes,static-or-hub,BUILD
preschool activites,90,24,0.79,yes,yes,static-or-hub,BUILD
preschool activities pinterest,90,24,0.0,no,yes,static-or-hub,BUILD
preschool activity sheet,90,50,1.03,no,yes,static-or-hub,LATER-highKD
preschool activity worksheets,90,39,1.07,no,yes,static-or-hub,BUILD
preschool all about my mom printable,90,19,0.0,no,yes,static-or-hub,BUILD
preschool alphabet sheets,90,33,0.82,no,yes,gen-letter-tracing,BUILD
preschool and kindergarten worksheets,90,50,1.09,no,yes,static-or-hub,LATER-highKD
preschool beginning sounds worksheets,90,15,0.67,no,yes,static-or-hub,BUILD
preschool bible worksheets,90,29,0.72,no,yes,static-or-hub,BUILD
preschool color brown worksheets,90,1,0.0,no,yes,static-or-hub,BUILD
preschool color orange worksheets,90,7,0.0,no,yes,static-or-hub,BUILD
preschool color red worksheets,90,10,0.0,no,yes,static-or-hub,BUILD
preschool diamond worksheet,90,16,0.0,no,yes,static-or-hub,BUILD
preschool earth day worksheets,90,12,0.0,no,yes,static-or-hub,BUILD
preschool educational resources,90,34,1.25,yes,no,static-or-hub,BUILD
preschool exercises printable,90,49,1.06,no,yes,static-or-hub,LATER-highKD
preschool free printable alphabet worksheets,90,36,0.98,no,yes,gen-letter-tracing,BUILD
preschool free printable five senses worksheets,90,8,0.0,no,yes,static-or-hub,BUILD
preschool free printable worksheets alphabet,90,30,1.06,no,no,gen-letter-tracing,BUILD
preschool kindergarten worksheets,90,48,1.76,no,yes,static-or-hub,LATER-highKD
preschool letter c worksheet,90,10,1.07,no,yes,gen-letter-tracing,BUILD
preschool letter m worksheets,90,10,0.74,no,yes,gen-letter-tracing,BUILD
preschool letter x worksheets,90,12,0.84,no,yes,gen-letter-tracing,BUILD
preschool number 1 worksheets,90,15,0.0,no,yes,gen-number-tracing,BUILD
preschool octagon worksheet,90,5,0.0,no,yes,static-or-hub,BUILD
preschool printable,90,33,0.69,no,yes,static-or-hub,BUILD
preschool recycling worksheets,90,9,0.0,no,yes,static-or-hub,BUILD
preschool space worksheets,90,15,0.47,no,yes,static-or-hub,BUILD
preschool subtraction worksheets,90,13,0.0,no,yes,static-or-hub,BUILD
preschool tree worksheets,90,11,0.0,no,yes,static-or-hub,BUILD
preschool worksheets age 2 3 pdf free download,90,43,0.0,yes,yes,static-or-hub,LATER-highKD
preschool worksheets age 2-3 pdf free download,90,42,0.0,yes,no,gen-number-tracing,LATER-highKD
preschool worksheets circles,90,7,0.0,no,no,static-or-hub,BUILD
preschool worksheets free printable pdf,90,47,1.08,no,yes,static-or-hub,LATER-highKD
preschool worksheets free printables,90,35,1.06,no,yes,static-or-hub,BUILD
preschool worksheets letter y,90,0,1.01,no,yes,gen-letter-tracing,BUILD
preschool zoo worksheets,90,12,0.0,no,yes,static-or-hub,BUILD
print homework sheets,90,60,0.94,no,no,static-or-hub,LATER-highKD
print kindergarten worksheets,90,36,0.94,no,yes,static-or-hub,BUILD
print worksheets for kindergarten,90,34,0.94,no,yes,static-or-hub,BUILD
printable fun sheets,90,31,1.3,no,yes,static-or-hub,BUILD
printable fun worksheets for adults,90,30,0.0,no,yes,static-or-hub,BUILD
printable homeschool worksheets,90,26,1.77,no,yes,static-or-hub,BUILD
printable preschool,90,36,0.69,no,yes,static-or-hub,BUILD
printable teaching resources free,90,44,0.81,no,no,static-or-hub,LATER-highKD
printable worksheets for free,90,61,1.75,no,yes,static-or-hub,LATER-highKD
printable worksheets for pre k,90,47,0.96,no,yes,static-or-hub,LATER-highKD
printable worksheets free,90,62,1.15,no,yes,static-or-hub,LATER-highKD
rainbow preschool worksheets,90,9,0.0,no,yes,static-or-hub,BUILD
rainbow worksheet for preschool,90,7,0.0,no,yes,static-or-hub,BUILD
rainbow worksheets preschool,90,16,0.0,no,yes,static-or-hub,BUILD
recycle preschool worksheet,90,4,0.0,no,yes,static-or-hub,BUILD
recycle worksheets preschool,90,2,0.0,no,yes,static-or-hub,BUILD
recycling preschool worksheets,90,7,0.0,no,yes,static-or-hub,BUILD
recycling worksheets for preschoolers,90,8,0.0,no,yes,static-or-hub,BUILD
red worksheet preschool,90,19,0.0,no,yes,static-or-hub,BUILD
rhyming worksheets preschool,90,14,0.32,no,yes,static-or-hub,BUILD
s worksheet preschool,90,16,0.86,no,yes,static-or-hub,BUILD
scholastic success with pre k workbook,90,10,0.99,no,yes,static-or-hub,BUILD
science worksheets for preschoolers,90,18,0.86,no,yes,static-or-hub,BUILD
shapes worksheets for preschoolers,90,19,0.82,no,yes,gen-prewriting-lines,BUILD
simple all about me worksheet preschool,90,32,0.0,no,yes,static-or-hub,BUILD
simple worksheets,90,64,0.0,no,yes,static-or-hub,LATER-highKD
snowman preschool worksheets,90,0,0.0,no,yes,static-or-hub,BUILD
st patrick's day preschool worksheets,90,14,0.51,no,yes,static-or-hub,BUILD
student activity sheets,90,52,1.04,yes,yes,static-or-hub,LATER-highKD
summer preschool worksheets,90,9,0.0,no,yes,static-or-hub,BUILD
teaching printables,90,41,0.63,no,yes,static-or-hub,LATER-highKD
tk activities,90,4,0.56,yes,yes,static-or-hub,BUILD
tk worksheets free printable,90,44,0.86,no,yes,static-or-hub,LATER-highKD
toddler learning printables pdf free download,90,,0.0,no,no,static-or-hub,LATER-highKD
toddler printable activities,90,26,0.0,no,yes,static-or-hub,BUILD
transportation worksheets preschool,90,1,0.0,no,yes,static-or-hub,BUILD
tree worksheets for preschool,90,10,0.0,no,yes,static-or-hub,BUILD
turkey preschool worksheets,90,2,0.0,no,yes,static-or-hub,BUILD
work for kindergarteners,90,55,0.0,no,yes,static-or-hub,LATER-highKD
work pages,90,54,3.17,yes,yes,static-or-hub,LATER-highKD
work to print,90,57,0.0,no,yes,static-or-hub,LATER-highKD
worksheet 4kids,90,72,0.71,no,no,static-or-hub,LATER-highKD
worksheet activities,90,62,0.95,no,yes,static-or-hub,LATER-highKD
worksheet books for preschoolers,90,14,1.37,no,yes,static-or-hub,BUILD
worksheet for,90,62,0.78,no,yes,static-or-hub,LATER-highKD
worksheet ideas,90,42,0.0,no,yes,static-or-hub,LATER-highKD
worksheet ideas for preschoolers,90,46,1.0,yes,yes,static-or-hub,LATER-highKD
worksheet kg,90,54,0.96,no,yes,static-or-hub,LATER-highKD
worksheet printable,90,62,0.85,no,yes,static-or-hub,LATER-highKD
worksheet printables,90,65,0.94,no,yes,static-or-hub,LATER-highKD
worksheet:,90,66,1.0,yes,no,static-or-hub,LATER-highKD
worksheets for,90,60,0.0,no,yes,static-or-hub,LATER-highKD
worksheets for 7 year olds,90,51,1.19,no,yes,static-or-hub,LATER-highKD
worksheets for pre k 4,90,44,0.88,no,yes,static-or-hub,LATER-highKD
zoo preschool worksheets,90,11,0.0,no,yes,static-or-hub,BUILD
123 printable,90,18,3.65,no,yes,static-or-hub,BUILD
a b c writing worksheets,90,26,0.76,no,no,static-or-hub,BUILD
abc alphabet worksheet,90,27,0.0,no,yes,gen-letter-tracing,BUILD
abc fill in the blank,90,14,0.0,no,yes,gen-letter-tracing,BUILD
abc homework,90,12,0.0,no,yes,gen-letter-tracing,BUILD
abc kindergarten worksheets,90,24,0.89,no,yes,gen-letter-tracing,BUILD
abc learning pages,90,32,0.99,no,yes,gen-letter-tracing,BUILD
abc learning sheets,90,23,1.22,no,yes,gen-letter-tracing,BUILD
abc mouse letter,90,38,0.0,no,yes,gen-letter-tracing,BUILD
abc practice writing,90,30,0.75,no,yes,gen-letter-tracing,BUILD
abc printout,90,26,0.85,no,yes,gen-letter-tracing,BUILD
abc sheet printable,90,25,1.24,no,yes,gen-letter-tracing,BUILD
abc work sheets,90,25,0.92,no,yes,gen-letter-tracing,BUILD
abc write,90,45,0.94,no,yes,gen-letter-tracing,LATER-highKD
abc writing practice sheet,90,24,0.67,no,yes,gen-letter-tracing,BUILD
abcd practice sheet,90,23,1.16,no,yes,gen-name-tracing,BUILD
abcmouse letters,90,27,0.0,no,yes,gen-letter-tracing,BUILD
alphabat letters,90,32,0.0,yes,yes,gen-letter-tracing,BUILD
alphabet in print,90,31,0.0,no,yes,gen-letter-tracing,BUILD
alphabet in spanish worksheet,90,8,0.81,no,yes,gen-letter-tracing,BUILD
alphabet kindergarten,90,43,2.12,no,yes,gen-letter-tracing,LATER-highKD
alphabet learning resources,90,27,0.0,no,yes,gen-letter-tracing,BUILD
alphabet letter printables,90,31,0.76,no,yes,gen-letter-tracing,BUILD
alphabet letter printing,90,27,0.99,no,yes,gen-letter-tracing,BUILD
alphabet letters and numbers printable,90,24,0.0,no,yes,gen-letter-tracing,BUILD
alphabet letters and pictures printable,90,25,0.57,no,yes,gen-letter-tracing,BUILD
alphabet letters and words,90,39,0.41,no,yes,gen-letter-tracing,BUILD
alphabet letters from a to z,90,37,0.0,yes,yes,gen-letter-tracing,BUILD
alphabet letters to print out,90,31,0.0,no,yes,gen-letter-tracing,BUILD
alphabet matching printable,90,23,0.0,no,yes,gen-letter-tracing,BUILD
alphabet of letters,90,45,0.49,yes,no,gen-letter-tracing,LATER-highKD
alphabet pattern free printable,90,25,0.0,no,no,gen-letter-tracing,BUILD
alphabet practice writing sheets,90,23,0.7,no,yes,gen-letter-tracing,BUILD
alphabet recognition printables,90,27,0.61,no,yes,gen-letter-tracing,BUILD
alphabet recognition sheet,90,24,0.39,no,yes,gen-letter-tracing,BUILD
alphabet review sheets,90,6,0.33,no,yes,gen-letter-tracing,BUILD
alphabet sounds worksheets,90,10,0.59,no,yes,gen-letter-tracing,BUILD
alphabet sounds worksheets kindergarten,90,10,0.59,no,yes,gen-letter-tracing,BUILD
alphabet worksheets kindergarten,90,35,1.03,no,yes,gen-letter-tracing,BUILD
alphabet writing sheets,90,27,0.67,no,yes,gen-letter-tracing,BUILD
alphabetical order worksheet,90,11,0.13,no,yes,static-or-hub,BUILD
alphabit letters,90,46,0.0,yes,yes,gen-letter-tracing,LATER-highKD
capital cursive alphabet worksheet,90,14,0.0,no,yes,gen-cursive-practice,BUILD
cursive alphabet worksheet pdf,90,9,0.0,no,yes,gen-cursive-practice,BUILD
cursive alphabet worksheets printable,90,31,0.64,no,yes,gen-cursive-practice,BUILD
fill in the missing alphabet letter worksheets,90,13,0.0,yes,no,gen-letter-tracing,BUILD
fill in the missing letter alphabet worksheets,90,8,1.06,no,yes,gen-letter-tracing,BUILD
free alphabet printables pdf a to z,90,29,0.92,no,yes,gen-letter-tracing,BUILD
free letter identification worksheets,90,28,0.71,no,yes,gen-letter-tracing,BUILD
free letter recognition worksheets,90,17,0.46,no,yes,gen-letter-tracing,BUILD
free letter worksheets,90,28,0.59,no,yes,gen-letter-tracing,BUILD
free letters,90,29,0.98,no,yes,gen-letter-tracing,BUILD
free printable a to z alphabet worksheets pdf,90,31,0.84,no,yes,gen-letter-tracing,BUILD
free printable alphabet letters template,90,37,0.77,no,yes,gen-letter-tracing,BUILD
free printable alphabet sheet,90,29,0.75,no,yes,gen-letter-tracing,BUILD
free printable beginner alphabet worksheets,90,35,0.0,no,yes,gen-letter-tracing,BUILD
free printable letter a,90,21,0.0,no,yes,gen-letter-tracing,BUILD
free printable letters of the alphabet worksheets,90,24,0.96,no,yes,gen-letter-tracing,BUILD
fun alphabet,90,47,0.0,no,yes,gen-letter-tracing,LATER-highKD
fun letters alphabet,90,30,0.0,no,yes,gen-letter-tracing,BUILD
give me the letters,90,62,0.0,yes,yes,gen-letter-tracing,LATER-highKD
handwriting abc worksheets,90,25,0.76,no,yes,gen-letter-tracing,BUILD
learning the alphabet activities,90,12,0.88,yes,yes,gen-letter-tracing,BUILD
learning the letters of the alphabet activities,90,5,2.03,yes,no,gen-letter-tracing,BUILD
letter a find,90,27,0.0,no,yes,gen-letter-tracing,BUILD
letter a kindergarten worksheets,90,23,1.09,no,yes,gen-letter-tracing,BUILD
letter a pre k worksheets,90,18,1.03,no,yes,gen-letter-tracing,BUILD
letter a printouts,90,18,0.39,no,yes,gen-letter-tracing,BUILD
letter a words for kindergarten,90,15,0.0,yes,yes,gen-letter-tracing,BUILD
letter a worksheet for kindergarten,90,23,1.09,no,yes,gen-letter-tracing,BUILD
letter a worksheets for pre k,90,17,0.81,no,yes,gen-letter-tracing,BUILD
letter abc worksheets,90,41,0.0,no,yes,gen-letter-tracing,LATER-highKD
letter activities for kindergarten,90,8,0.7,yes,yes,gen-letter-tracing,BUILD
letter activities for preschool,90,8,0.65,yes,yes,gen-letter-tracing,BUILD
letter identification worksheets for kindergarten,90,20,1.0,no,yes,gen-letter-tracing,BUILD
letter recognition for kindergarten worksheets,90,14,1.0,no,yes,gen-letter-tracing,BUILD
letter recognition worksheet,90,23,0.48,no,yes,gen-letter-tracing,BUILD
letter recognition worksheets for kindergarten,90,18,1.0,no,yes,gen-letter-tracing,BUILD
letter s worksheets for kindergarten,90,19,0.0,no,yes,gen-letter-tracing,BUILD
letter writing for kindergarten,90,21,0.41,no,yes,gen-letter-tracing,BUILD
lettering printable,90,26,0.0,no,yes,static-or-hub,BUILD
letters for preschoolers,90,29,0.99,no,yes,gen-letter-tracing,BUILD
mprintables,90,39,1.0,no,yes,static-or-hub,BUILD
page of letters,90,29,0.0,yes,yes,gen-letter-tracing,BUILD
practice alphabet,90,29,1.01,no,yes,gen-letter-tracing,BUILD
practice alphabet writing sheets,90,30,0.76,no,yes,gen-letter-tracing,BUILD
practice letter a for kindergarten,90,21,0.92,no,yes,gen-letter-tracing,BUILD
practice letter writing worksheets,90,22,0.72,no,yes,gen-letter-tracing,BUILD
practice writing a b c worksheets,90,29,0.76,yes,no,static-or-hub,BUILD
pre k alphabet letters,90,23,1.1,yes,no,gen-letter-tracing,BUILD
prek alphabet,90,17,1.96,no,yes,gen-letter-tracing,BUILD
preschool learning alphabet letters,90,27,1.88,yes,no,gen-letter-tracing,BUILD
print abc worksheet,90,27,1.03,no,yes,gen-letter-tracing,BUILD
print alphabet letters worksheets,90,38,0.87,no,yes,gen-letter-tracing,BUILD
printable abc writing practice,90,24,0.0,no,yes,gen-letter-tracing,BUILD
printable alphabet and numbers,90,18,0.0,no,yes,gen-letter-tracing,BUILD
printable alphabet letters a to z pdf,90,25,0.51,yes,yes,gen-letter-tracing,BUILD
printable alphabet letters with pictures,90,20,0.57,no,yes,gen-letter-tracing,BUILD
printable free alphabet templates,90,24,0.0,no,no,gen-letter-tracing,BUILD
printable letter i worksheets,90,22,0.82,no,yes,gen-letter-tracing,BUILD
printable letter of the alphabet,90,28,0.99,no,yes,gen-letter-tracing,BUILD
printable letters a to z,90,30,0.81,no,yes,gen-letter-tracing,BUILD
recognize letters of the alphabet,90,25,1.25,yes,no,gen-letter-tracing,BUILD
recognizing letters worksheets kindergarten,90,26,1.0,yes,no,gen-letter-tracing,BUILD
russian alphabet worksheet,90,12,0.0,no,yes,gen-letter-tracing,BUILD
sheet of alphabet letters,90,36,0.0,yes,yes,gen-letter-tracing,BUILD
simple letters,90,47,0.0,no,yes,gen-letter-tracing,LATER-highKD
the alphabet letters,90,43,0.49,yes,no,gen-letter-tracing,LATER-highKD
uppercase and lowercase alphabet worksheets,90,10,0.0,no,yes,gen-letter-tracing,BUILD
worksheet abc writing,90,22,0.76,no,yes,gen-letter-tracing,BUILD
worksheet cursive alphabet,90,26,0.0,no,yes,gen-cursive-practice,BUILD
worksheets for alphabet writing,90,23,0.76,no,no,gen-letter-tracing,BUILD
worksheets for letters of the alphabet,90,39,0.77,no,yes,gen-letter-tracing,BUILD
write abc worksheets,90,26,0.76,no,yes,gen-letter-tracing,BUILD
a to z handwriting practice book pdf free download,90,10,0.0,no,no,gen-name-tracing,BUILD
alphabet cursive practice sheets,90,15,0.54,no,yes,gen-cursive-practice,BUILD
alphabet cursive writing practice,90,33,0.66,no,yes,gen-cursive-practice,BUILD
alphabet in cursive pdf,90,22,1.2,no,yes,gen-cursive-practice,BUILD
baker in cursive,90,15,0.0,no,yes,gen-cursive-practice,BUILD
basic cursive,90,53,0.0,no,yes,gen-cursive-practice,LATER-highKD
blank cursive writing practice sheets,90,27,0.0,no,yes,gen-cursive-practice,BUILD
books handwriting practice,90,24,0.35,no,yes,gen-name-tracing,BUILD
capital letters in cursive worksheets,90,16,0.0,no,yes,gen-cursive-practice,BUILD
create cursive text,90,46,0.09,no,no,gen-cursive-practice,LATER-highKD
create your own cursive handwriting worksheets,90,21,0.0,no,no,gen-cursive-practice,BUILD
curisve alphabet,90,43,0.46,yes,yes,gen-letter-tracing,LATER-highKD
cursive alphabet tracing sheets,90,16,0.79,no,yes,gen-cursive-practice,BUILD
cursive creative,90,25,0.0,no,yes,gen-cursive-practice,BUILD
cursive essay,90,11,0.0,no,yes,gen-cursive-practice,BUILD
cursive fonts in pdf,90,38,1.76,yes,yes,gen-cursive-practice,BUILD
cursive form,90,59,0.0,no,yes,gen-cursive-practice,LATER-highKD
cursive g worksheet,90,19,0.0,no,yes,gen-cursive-practice,BUILD
cursive h worksheet,90,18,0.0,no,yes,gen-cursive-practice,BUILD
cursive handwriting packet,90,21,0.18,no,yes,gen-cursive-practice,BUILD
cursive handwriting practice paper,90,25,0.0,no,yes,gen-cursive-practice,BUILD
cursive handwriting printable,90,25,0.82,no,yes,gen-cursive-practice,BUILD
cursive handwriting sentences worksheets,90,22,0.0,no,yes,gen-cursive-practice,BUILD
cursive handwriting sheets to print,90,26,0.0,yes,yes,gen-cursive-practice,BUILD
cursive handwriting writing,90,46,0.0,yes,yes,gen-cursive-practice,LATER-highKD
cursive how to,90,45,0.94,no,yes,SKIP-explainer,SKIP-AIO-explainer
cursive letter tracing,90,28,0.5,no,yes,gen-cursive-practice,BUILD
cursive letters to trace,90,21,0.0,no,yes,gen-cursive-practice,BUILD
cursive letters traceable,90,22,0.5,no,yes,gen-cursive-practice,BUILD
cursive letters worksheet free,90,25,0.38,no,yes,gen-cursive-practice,BUILD
cursive letters.,90,69,0.0,no,no,gen-cursive-practice,LATER-highKD
cursive lettrs,90,38,0.0,no,yes,gen-cursive-practice,BUILD
cursive lines,90,50,0.0,no,yes,gen-cursive-practice,LATER-highKD
cursive name sheets,90,12,0.0,no,no,gen-cursive-practice,BUILD
cursive name worksheet maker,90,11,0.0,no,no,gen-cursive-practice,BUILD
cursive practice name generator,90,3,0.0,no,no,gen-cursive-name,BUILD
cursive practice paper,90,10,0.0,no,yes,gen-cursive-practice,BUILD
cursive practice printables,90,27,0.87,no,yes,gen-cursive-practice,BUILD
cursive practice workbook,90,2,0.58,yes,yes,gen-cursive-practice,BUILD
cursive printable letters,90,21,0.9,no,yes,gen-cursive-practice,BUILD
cursive sentence writing,90,21,0.0,no,yes,gen-cursive-practice,BUILD
cursive sentence writing worksheets pdf,90,9,0.0,no,yes,gen-cursive-practice,BUILD
cursive trace,90,25,0.28,no,yes,gen-cursive-practice,BUILD
cursive tracer,90,16,0.28,no,yes,gen-cursive-practice,BUILD
cursive tracing generator,90,12,0.0,no,yes,gen-cursive-practice,BUILD
cursive uppercase letters worksheet,90,6,0.0,no,yes,gen-cursive-practice,BUILD
cursive word practice sheets,90,20,0.0,no,yes,gen-cursive-practice,BUILD
cursive words practice worksheets,90,30,0.0,no,yes,gen-cursive-practice,BUILD
cursive words worksheets,90,27,0.0,no,yes,gen-cursive-practice,BUILD
cursive workbook free,90,35,0.48,yes,yes,gen-cursive-practice,BUILD
cursive worksheet printable,90,27,0.71,no,yes,gen-cursive-practice,BUILD
cursive worksheets for 3rd graders,90,5,0.5,no,yes,gen-cursive-practice,BUILD
cursive writing a to z worksheets,90,27,0.65,no,yes,gen-cursive-practice,BUILD
cursive writing easy,90,44,0.0,no,yes,gen-cursive-practice,LATER-highKD
cursive writing example,90,46,0.68,no,yes,gen-cursive-practice,LATER-highKD
cursive writing handwriting,90,24,0.0,no,yes,gen-cursive-practice,BUILD
cursive writing learn,90,20,0.52,no,yes,SKIP-explainer,SKIP-AIO-explainer
cursive writing names,90,27,0.1,no,yes,gen-cursive-name,BUILD
cursive writing packet,90,19,0.18,no,yes,gen-cursive-practice,BUILD
cursive writing pdf,90,7,0.0,no,yes,gen-cursive-practice,BUILD
cursive writing practice sheets a-z,90,9,0.0,no,no,gen-cursive-practice,BUILD
cursive writing resources,90,17,0.0,no,yes,gen-cursive-practice,BUILD
cursive writing sheets make your own,90,25,0.0,no,no,gen-cursive-practice,BUILD
cursive writing sheets printable,90,27,0.53,no,yes,gen-cursive-practice,BUILD
cursive writing words worksheets,90,25,0.0,no,yes,gen-cursive-practice,BUILD
cursive writing work sheet,90,29,0.57,no,yes,gen-cursive-practice,BUILD
cursivewriting,90,50,0.0,no,yes,static-or-hub,LATER-highKD
easy cursive lettering,90,43,0.0,no,yes,gen-cursive-practice,LATER-highKD
english handwriting practice,90,29,0.0,no,yes,gen-name-tracing,BUILD
example of cursive writing,90,38,0.39,no,yes,gen-cursive-practice,BUILD
free cursive letters printables,90,24,0.0,no,no,gen-cursive-practice,BUILD
free cursive writing practice pages,90,28,0.0,no,no,gen-cursive-practice,BUILD
free handwriting curriculum,90,13,0.9,no,no,gen-name-tracing,BUILD
free printable cursive alphabet chart,90,23,0.0,no,yes,gen-cursive-practice,BUILD
free printable cursive handwriting worksheets pdf,90,26,0.37,no,yes,gen-cursive-practice,BUILD
free printable cursive letters,90,21,0.0,no,yes,gen-cursive-practice,BUILD
free printable cursive writing practice,90,18,0.0,no,yes,gen-cursive-practice,BUILD
free worksheets for cursive handwriting practice,90,25,0.0,no,no,gen-cursive-practice,BUILD
gift cursive,90,20,0.0,no,yes,gen-cursive-practice,BUILD
good cursive writing,90,30,0.0,yes,yes,gen-cursive-practice,BUILD
great cursive handwriting,90,21,0.0,no,yes,gen-cursive-practice,BUILD
handwriting guides,90,32,0.0,no,yes,gen-name-tracing,BUILD
handwriting practice for 5th graders,90,14,0.55,no,yes,gen-name-tracing,BUILD
handwriting sheets cursive printable,90,16,0.0,no,yes,gen-cursive-practice,BUILD
handwriting without tears cursive pdf,90,2,0.0,no,yes,gen-cursive-practice,BUILD
handwriting worksheets printable cursive,90,23,0.0,yes,no,gen-cursive-practice,BUILD
homework in cursive,90,27,0.0,no,yes,gen-cursive-practice,BUILD
how to do in cursive,90,41,0.0,no,yes,SKIP-explainer,SKIP-AIO-explainer
how to practice cursive writing,90,22,0.47,yes,no,SKIP-explainer,SKIP-AIO-explainer
how to sign your name in cursive,90,13,0.0,yes,yes,SKIP-explainer,SKIP-AIO-explainer
how to write by in cursive,90,46,0.94,no,yes,SKIP-explainer,SKIP-AIO-explainer
how to write names in cursive,90,33,0.0,no,yes,SKIP-explainer,SKIP-AIO-explainer
hwot cursive,90,38,0.0,no,yes,gen-cursive-practice,BUILD
images cursive writing,90,31,0.0,no,yes,gen-cursive-practice,BUILD
k5learning cursive,90,16,0.0,no,no,gen-cursive-practice,BUILD
learn in cursive,90,18,0.0,no,yes,SKIP-explainer,SKIP-AIO-explainer
learning in cursive,90,21,0.0,no,yes,gen-cursive-practice,BUILD
letter a cursive handwriting,90,33,0.0,yes,yes,gen-cursive-practice,BUILD
make your own cursive sheets,90,33,0.0,no,no,gen-cursive-practice,BUILD
making cursive worksheets,90,23,0.0,no,no,gen-cursive-practice,BUILD
name cursive,90,36,0.09,no,yes,gen-cursive-practice,BUILD
need in cursive,90,46,0.0,no,yes,gen-cursive-practice,LATER-highKD
notes cursive,90,57,0.0,no,yes,gen-cursive-practice,LATER-highKD
online cursive,90,50,0.0,no,yes,gen-cursive-practice,LATER-highKD
online cursive handwriting,90,44,0.85,no,no,gen-cursive-practice,LATER-highKD
practice script writing,90,34,0.85,no,yes,static-or-hub,BUILD
print cursive,90,26,0.7,yes,yes,gen-cursive-practice,BUILD
print cursive writing,90,23,0.82,yes,yes,gen-cursive-practice,BUILD
printable alphabet cursive,90,30,0.9,no,yes,gen-cursive-practice,BUILD
printable cursive handwriting,90,27,0.82,no,yes,gen-cursive-practice,BUILD
printable cursive handwriting worksheets,90,24,0.0,no,yes,gen-cursive-practice,BUILD
printable cursive letters worksheet,90,47,0.0,no,yes,gen-cursive-practice,LATER-highKD
printable cursive practice,90,28,0.5,no,yes,gen-cursive-practice,BUILD
printable cursive writing worksheets pdf,90,12,0.0,no,yes,gen-cursive-practice,BUILD
printed to cursive,90,31,0.09,no,yes,gen-cursive-practice,BUILD
printing to cursive,90,20,0.01,no,yes,gen-cursive-practice,BUILD
sample cursive letters,90,49,0.3,no,yes,gen-cursive-practice,LATER-highKD
sample of cursive letters,90,51,0.0,no,yes,gen-cursive-practice,LATER-highKD
schedule in cursive,90,23,0.0,no,yes,gen-cursive-practice,BUILD
sentences in cursive writing worksheets,90,16,0.28,no,yes,gen-cursive-practice,BUILD
simple cursive alphabet,90,25,0.0,no,yes,gen-cursive-practice,BUILD
teaching cursive writing,90,26,0.46,yes,yes,gen-cursive-practice,BUILD
the alphabet cursive writing,90,35,0.0,no,yes,gen-cursive-practice,BUILD
the word writing in cursive,90,48,0.0,no,yes,gen-cursive-practice,LATER-highKD
traceable cursive worksheets,90,24,0.97,no,yes,gen-cursive-practice,BUILD
uppercase cursive worksheets,90,10,0.0,no,yes,gen-cursive-practice,BUILD
whole cursive alphabet,90,27,0.0,no,yes,gen-cursive-practice,BUILD
word cursive writing,90,56,0.05,yes,yes,gen-cursive-practice,LATER-highKD
words in cursive generator,90,34,0.0,no,no,gen-cursive-practice,BUILD
write my name is cursive,90,46,0.36,no,no,gen-cursive-name,LATER-highKD
write this in cursive,90,50,0.05,no,yes,gen-cursive-practice,LATER-highKD
writing cursive sentences worksheets,90,24,0.0,no,yes,gen-cursive-practice,BUILD
writing name in cursive,90,22,0.1,no,yes,gen-cursive-name,BUILD
your name in cursive writing,90,44,0.0,no,yes,gen-cursive-name,LATER-highKD
1000 dot to dot,90,20,0.27,no,yes,gen-dot-to-dot,BUILD
advanced dot to dot worksheets,90,12,0.0,no,yes,gen-dot-to-dot,BUILD
beginner easy dot to dot printables,90,14,0.0,no,yes,gen-dot-to-dot,BUILD
biggest dot to dot,90,16,0.0,yes,yes,gen-dot-to-dot,BUILD
challenging connect the dots,90,11,0.0,yes,yes,gen-dot-to-dot,BUILD
challenging connect the dots printable,90,12,0.0,no,yes,gen-dot-to-dot,BUILD
connect a dot printables,90,14,1.22,no,yes,static-or-hub,BUILD
connect the dots 1 to 10,90,11,0.0,no,yes,gen-dot-to-dot,BUILD
connect the dots 1 to 100,90,12,0.0,no,yes,gen-dot-to-dot,BUILD
connect the dots extreme printable,90,6,0.0,no,yes,gen-dot-to-dot,BUILD
connect the dots for 1st graders,90,9,0.0,no,yes,gen-dot-to-dot,BUILD
connect the dots for kindergarten,90,10,0.0,no,yes,gen-dot-to-dot,BUILD
connect the dots images,90,11,0.0,no,yes,gen-dot-to-dot,BUILD
connect the dots printable christmas,90,17,0.0,no,yes,gen-dot-to-dot,BUILD
connecting dots with numbers,90,12,0.0,no,yes,static-or-hub,BUILD
create your own connect the dots,90,11,0.0,no,yes,gen-dot-to-dot,BUILD
dot a dot worksheets,90,6,0.0,no,yes,static-or-hub,BUILD
dot art activity sheets,90,3,0.0,no,yes,static-or-hub,BUILD
dot art printables pdf free,90,11,0.0,no,yes,static-or-hub,BUILD
dot by dot,90,13,0.0,yes,yes,static-or-hub,BUILD
dot coloring pages free printable,90,3,0.0,no,yes,static-or-hub,BUILD
dot coloring pages free printable pdf,90,3,0.0,no,yes,static-or-hub,BUILD
dot paint coloring pages,90,5,0.0,no,yes,static-or-hub,BUILD
dot puzzles for adults,90,23,0.51,no,yes,static-or-hub,BUILD
dot sheets,90,10,0.65,no,yes,static-or-hub,BUILD
dot to dot 1000,90,16,0.0,no,yes,gen-dot-to-dot,BUILD
dot to dot 1000 dots,90,20,0.0,no,yes,gen-dot-to-dot,BUILD
dot to dot activities,90,18,0.0,no,yes,gen-dot-to-dot,BUILD
dot to dot challenge printable,90,19,0.0,no,no,gen-dot-to-dot,BUILD
dot to dot difficult printable,90,9,0.0,no,yes,gen-dot-to-dot,BUILD
dot to dot for adults free printables,90,8,0.0,no,yes,gen-dot-to-dot,BUILD
dot to dot for preschoolers,90,9,2.07,no,yes,gen-dot-to-dot,BUILD
dot to dot free,90,12,0.0,no,yes,gen-dot-to-dot,BUILD
dot to dot free printables for adults,90,9,0.0,no,yes,gen-dot-to-dot,BUILD
dot to dot pages,90,12,0.0,no,yes,gen-dot-to-dot,BUILD
dot to dot printables adults,90,12,0.0,no,yes,gen-dot-to-dot,BUILD
dot to dot printables extreme,90,5,0.0,no,yes,gen-dot-to-dot,BUILD
dot to dot sheets for kindergarten,90,5,1.72,no,yes,gen-dot-to-dot,BUILD
dot to dot with letters,90,6,0.0,no,yes,gen-dot-to-dot,BUILD
dot to dot worksheets for kindergarten,90,3,1.72,no,yes,gen-dot-to-dot,BUILD
dot to dots hard,90,8,0.0,no,yes,gen-dot-to-dot,BUILD
dot worksheet,90,7,0.73,no,yes,static-or-hub,BUILD
dots activity,90,10,0.39,no,yes,static-or-hub,BUILD
dots preschool,90,7,0.96,no,yes,static-or-hub,BUILD
dots puzzle,90,31,1.06,no,yes,static-or-hub,BUILD
dotted sheets printables,90,4,0.0,no,no,static-or-hub,BUILD
dotting worksheets,90,9,0.73,no,yes,static-or-hub,BUILD
extreme connect the dots free,90,4,0.0,no,yes,gen-dot-to-dot,BUILD
extreme connect the dots pdf,90,1,0.0,no,yes,gen-dot-to-dot,BUILD
extreme dot to dot printable pdf,90,3,0.0,no,yes,gen-dot-to-dot,BUILD
extreme dot to dot printables 2000 dots,90,10,0.0,no,yes,gen-dot-to-dot,BUILD
extreme dot to dot printables pdf,90,6,0.0,no,yes,gen-dot-to-dot,BUILD
extreme dot to dots printable,90,4,0.0,no,yes,gen-dot-to-dot,BUILD
free do a dot printables,90,8,0.3,no,yes,static-or-hub,BUILD
free dot to dot printables for kids,90,15,0.0,no,yes,gen-dot-to-dot,BUILD
free printable dot to dot for kids,90,14,0.0,no,yes,gen-dot-to-dot,BUILD
halloween connect the dots printable,90,1,0.0,no,yes,gen-dot-to-dot,BUILD
halloween dot to dot printables,90,4,0.0,no,yes,gen-dot-to-dot,BUILD
join the dots 1 to 10,90,6,0.0,no,yes,static-or-hub,BUILD
join the dots 1 to 100,90,8,0.0,no,yes,static-or-hub,BUILD
joining dots for preschool,90,6,0.0,no,yes,static-or-hub,BUILD
kindergarten dot to dot printables,90,6,1.72,no,yes,gen-dot-to-dot,BUILD
large connect the dots,90,20,0.0,no,yes,gen-dot-to-dot,BUILD
large dot to dot,90,18,0.0,no,yes,gen-dot-to-dot,BUILD
number dot to dot,90,5,0.0,no,yes,gen-dot-to-dot,BUILD
polka dot animals,90,21,0.0,yes,yes,static-or-hub,BUILD
preschool dot,90,2,0.0,no,yes,static-or-hub,BUILD
printable dot,90,4,0.0,no,yes,static-or-hub,BUILD
really hard dot to dot printables,90,2,0.0,no,yes,gen-dot-to-dot,BUILD
to dot,90,20,0.0,yes,yes,static-or-hub,BUILD
very difficult dot to dot printables,90,4,0.0,no,no,gen-dot-to-dot,BUILD
1 10 tracing worksheet,70,13,0.0,no,yes,static-or-hub,BUILD
1 to 20 number tracing worksheets,70,,0.0,no,yes,gen-number-tracing,LATER-highKD
1st grade handwriting worksheets pdf free,70,14,0.0,no,yes,gen-name-tracing,BUILD
a b c tracing worksheet,70,23,0.96,no,yes,static-or-hub,BUILD
a letter trace,70,12,1.11,no,yes,gen-letter-tracing,BUILD
a to z tracing letters,70,21,0.0,no,yes,gen-letter-tracing,BUILD
a to z tracing sheets,70,21,0.0,no,yes,static-or-hub,BUILD
a to z tracing worksheets,70,18,0.0,no,yes,static-or-hub,BUILD
abc letters tracing,70,20,0.77,no,yes,gen-letter-tracing,BUILD
abc sheets for kindergarten,70,33,1.21,no,yes,gen-letter-tracing,BUILD
abc trace printable,70,25,0.83,no,yes,gen-letter-tracing,BUILD
abc trace sheets,70,17,1.09,no,yes,gen-letter-tracing,BUILD
abc traceable printables,70,24,1.71,no,yes,gen-letter-tracing,BUILD
abc traceable worksheets free,70,20,0.8,no,yes,gen-letter-tracing,BUILD
abc writing worksheets for kindergarten,70,35,0.72,no,yes,gen-letter-tracing,BUILD
abcd tracing worksheet,70,27,1.1,no,yes,static-or-hub,BUILD
abcmouse free printables,70,30,1.37,no,yes,static-or-hub,BUILD
abcs tracing,70,21,0.96,no,yes,gen-letter-tracing,BUILD
adult handwriting worksheets,70,23,0.55,no,yes,gen-name-tracing,BUILD
alphabet letters tracing,70,25,0.89,no,yes,gen-letter-tracing,BUILD
alphabet to trace,70,11,0.57,no,yes,gen-letter-tracing,BUILD
alphabet trace worksheets free,70,18,0.73,no,yes,gen-letter-tracing,BUILD
alphabet traceables,70,38,0.0,no,yes,gen-letter-tracing,BUILD
alphabet tracer pages,70,9,0.0,no,yes,gen-letter-tracing,BUILD
alphabet tracing preschool,70,16,0.9,no,yes,gen-letter-tracing,BUILD
alphabet writing sheets for kindergarten,70,22,0.72,no,yes,gen-letter-tracing,BUILD
alphabet writing tracing sheets,70,20,1.05,no,yes,gen-letter-tracing,BUILD
alphabets for tracing,70,23,0.78,no,yes,static-or-hub,BUILD
basic tracing worksheets,70,13,0.66,no,yes,static-or-hub,BUILD
blank cursive writing sheets,70,25,0.0,no,yes,gen-cursive-practice,BUILD
block alphabet letters to trace,70,12,0.0,no,yes,gen-letter-tracing,BUILD
block letters for tracing,70,22,0.0,no,yes,gen-letter-tracing,BUILD
block letters to trace,70,28,0.0,no,yes,gen-letter-tracing,BUILD
capital alphabet tracing,70,6,0.0,no,yes,gen-letter-tracing,BUILD
capital alphabet tracing worksheets,70,6,0.76,no,yes,gen-letter-tracing,BUILD
capital letter alphabet tracing worksheets,70,2,0.76,no,yes,gen-letter-tracing,BUILD
capital letter tracing worksheets pdf free download,70,0,0.0,no,yes,gen-letter-tracing,BUILD
colours tracing worksheets,70,11,0.0,no,yes,static-or-hub,BUILD
copy letters worksheet,70,13,0.0,no,yes,gen-letter-tracing,BUILD
create a printable,70,37,1.95,no,yes,static-or-hub,BUILD
create cursive name worksheets,70,2,0.0,no,no,gen-cursive-practice,BUILD
create free handwriting worksheets,70,20,0.58,no,no,gen-name-tracing,BUILD
create handwriting,70,51,0.0,no,no,gen-name-tracing,LATER-highKD
create handwriting sheets free,70,37,0.58,no,no,gen-name-tracing,BUILD
create name writing worksheets,70,16,0.0,no,yes,gen-name-tracing,BUILD
create printable com,70,29,0.0,no,yes,static-or-hub,BUILD
create printable worksheets,70,52,0.0,no,yes,static-or-hub,LATER-highKD
create printables.com,70,30,0.0,no,no,static-or-hub,BUILD
create printing worksheets,70,36,0.0,no,yes,static-or-hub,BUILD
create your own handwriting practice worksheets,70,18,0.0,no,no,gen-name-tracing,BUILD
create your own printable,70,17,1.72,no,yes,static-or-hub,BUILD
createprint,70,10,2.11,no,no,static-or-hub,BUILD
createprintables names,70,27,0.0,no,no,static-or-hub,BUILD
createprintables.com-name_tracing_practice,70,18,0.0,no,no,static-or-hub,BUILD
creating printables,70,22,0.9,no,yes,static-or-hub,BUILD
creating tracing sheets,70,36,0.45,no,no,static-or-hub,BUILD
creating tracing worksheets,70,29,0.37,no,yes,static-or-hub,BUILD
creative worksheets,70,30,0.0,no,yes,static-or-hub,BUILD
cursive name practice generator,70,5,0.0,no,no,gen-cursive-name,BUILD
cursive name practice worksheet,70,15,0.0,no,yes,gen-cursive-name,BUILD
cursive name trace,70,23,0.0,no,yes,gen-cursive-name,BUILD
cursive name tracing,70,12,0.0,no,yes,gen-cursive-name,BUILD
cursive signature practice,70,16,0.0,no,yes,gen-cursive-practice,BUILD
cursive tracing worksheet,70,29,0.62,no,yes,gen-cursive-practice,BUILD
cursive writing practice name,70,11,0.0,no,yes,gen-cursive-name,BUILD
cursive writing tracing worksheets,70,21,0.32,no,yes,gen-cursive-practice,BUILD
custom name printables,70,19,0.29,no,yes,gen-name-tracing,BUILD
custom name tracing worksheet,70,21,0.25,no,yes,gen-name-tracing,BUILD
custom name worksheets,70,25,0.46,no,yes,static-or-hub,BUILD
custom tracing,70,27,0.62,no,yes,static-or-hub,BUILD
customized handwriting worksheets,70,17,0.25,no,no,gen-name-tracing,BUILD
easter tracing worksheets,70,11,0.0,no,yes,static-or-hub,BUILD
editable handwriting pages,70,31,0.39,no,yes,gen-name-tracing,BUILD
editable handwriting sheets,70,33,0.39,no,yes,gen-name-tracing,BUILD
editable preschool free printable name tracing,70,20,0.0,no,yes,gen-name-tracing,BUILD
editable tracing sheets,70,34,0.22,no,no,static-or-hub,BUILD
english penmanship practice,70,40,0.54,yes,no,static-or-hub,BUILD
f tracing worksheet,70,10,0.0,no,yes,static-or-hub,BUILD
fine motor skills tracing lines worksheets,70,4,0.0,no,yes,gen-prewriting-lines,BUILD
free editable handwriting paper,70,24,0.39,yes,yes,gen-name-tracing,BUILD
free editable name writing practice,70,30,0.0,no,no,gen-name-tracing,BUILD
free hand writing practice sheets,70,29,0.93,no,yes,static-or-hub,BUILD
free handwriting maker,70,16,0.0,no,no,gen-name-tracing,BUILD
free handwriting name worksheets,70,33,0.0,no,yes,gen-name-tracing,BUILD
free line tracing worksheets,70,3,0.4,no,yes,gen-prewriting-lines,BUILD
free name tracing generator,70,13,0.0,no,no,gen-name-tracing,BUILD
free name tracing worksheet printable,70,16,0.69,no,no,gen-name-tracing,BUILD
free name tracing worksheets for preschool pdf free download,70,11,0.58,yes,no,gen-name-tracing,BUILD
free practice writing pages,70,29,0.41,yes,no,static-or-hub,BUILD
free printable handwriting practice sheets for adults,70,30,0.0,yes,yes,gen-name-tracing,BUILD
free printable handwriting worksheets pdf,70,34,0.53,no,yes,gen-name-tracing,BUILD
free printable kindergarten handwriting worksheets,70,19,0.71,no,yes,gen-name-tracing,BUILD
free printable name tracing worksheet,70,14,0.22,no,yes,gen-name-tracing,BUILD
free printable names,70,17,0.35,no,yes,gen-name-tracing,BUILD
free printable traceable names,70,22,0.51,no,yes,gen-name-tracing,BUILD
free printable tracing number worksheets,70,22,0.99,no,yes,gen-number-tracing,BUILD
free printable worksheets for writing,70,32,1.17,no,yes,static-or-hub,BUILD
free trace alphabet worksheets,70,21,0.73,no,yes,gen-letter-tracing,BUILD
free tracing names,70,16,0.38,no,yes,gen-name-tracing,BUILD
free tracing shapes worksheets,70,16,0.63,no,yes,gen-prewriting-lines,BUILD
free tracing sheets for kindergarten,70,21,1.07,no,yes,static-or-hub,BUILD
free writing practice sheets,70,32,0.6,no,yes,static-or-hub,BUILD
g tracing worksheet,70,7,0.0,no,yes,static-or-hub,BUILD
hand writing lines,70,24,0.15,no,yes,gen-prewriting-lines,BUILD
hand writting worksheets,70,40,0.79,no,no,static-or-hub,BUILD
handwiritng lines,70,17,0.0,no,yes,gen-prewriting-lines,BUILD
handwriting alphabet print,70,21,0.0,no,yes,gen-letter-tracing,BUILD
handwriting blank paper,70,16,0.54,no,yes,gen-name-tracing,BUILD
handwriting create your own worksheet,70,19,0.0,yes,no,gen-name-tracing,BUILD
handwriting fonts practice,70,30,0.0,no,no,gen-name-tracing,BUILD
handwriting form,70,38,0.0,no,yes,gen-name-tracing,BUILD
handwriting format,70,48,0.0,no,yes,gen-name-tracing,LATER-highKD
handwriting homework,70,34,0.0,yes,yes,gen-name-tracing,BUILD
handwriting name,70,22,0.0,no,yes,gen-name-tracing,BUILD
handwriting name generator,70,12,0.0,no,no,gen-name-tracing,BUILD
handwriting name practice for kindergarten,70,6,0.26,no,yes,gen-name-tracing,BUILD
handwriting name template,70,23,0.39,no,yes,gen-name-tracing,BUILD
handwriting name worksheet maker,70,31,0.0,no,no,gen-name-tracing,BUILD
handwriting packet,70,26,0.13,no,yes,gen-name-tracing,BUILD
handwriting page printable,70,30,0.67,no,yes,gen-name-tracing,BUILD
handwriting pages for preschool,70,24,1.28,no,yes,gen-name-tracing,BUILD
handwriting paper template,70,20,0.0,no,yes,gen-name-tracing,BUILD
handwriting practice lines,70,22,0.0,no,yes,gen-prewriting-lines,BUILD
handwriting practice name generator,70,15,0.0,no,no,gen-name-tracing,BUILD
handwriting practice sheets for kids,70,32,0.0,no,yes,gen-name-tracing,BUILD
handwriting practice sheets for preschool,70,23,1.28,no,yes,gen-name-tracing,BUILD
handwriting practice template,70,34,0.31,no,yes,gen-name-tracing,BUILD
handwriting practice with lines,70,28,0.0,no,yes,gen-prewriting-lines,BUILD
handwriting sentences to copy,70,14,0.0,no,yes,gen-name-tracing,BUILD
handwriting sheets free printable,70,29,0.78,no,yes,gen-name-tracing,BUILD
handwriting sheets printable free,70,30,0.78,no,yes,gen-name-tracing,BUILD
handwriting template for adults,70,15,0.46,no,yes,gen-name-tracing,BUILD
handwriting trace sheets,70,24,0.78,no,yes,gen-name-tracing,BUILD
handwriting tracing numbers worksheets,70,21,0.78,no,yes,gen-number-tracing,BUILD
handwriting tracing word worksheets,70,32,0.0,no,yes,gen-word-tracing,BUILD
handwriting with lines,70,22,0.0,no,yes,gen-prewriting-lines,BUILD
handwriting without tears worksheet,70,9,0.35,no,yes,gen-name-tracing,BUILD
handwriting worksheets editable,70,20,0.39,no,no,gen-name-tracing,BUILD
handwriting worksheets for preschoolers,70,21,0.77,no,yes,gen-name-tracing,BUILD
handwriting worksheets free for kindergarten,70,28,0.7,no,yes,gen-name-tracing,BUILD
handwriting worksheets generator free,70,31,0.58,no,no,gen-name-tracing,BUILD
handwriting worksheets printable free,70,28,0.78,no,yes,gen-name-tracing,BUILD
handwritingpractice.net worksheets,70,27,0.0,no,no,static-or-hub,BUILD
handwritting sheets,70,29,0.86,no,yes,static-or-hub,BUILD
happy tracing,70,17,0.0,no,yes,static-or-hub,BUILD
homework handwriting,70,47,0.0,yes,yes,gen-name-tracing,LATER-highKD
horizontal line tracing,70,7,0.0,no,yes,gen-prewriting-lines,BUILD
how to create a printable,70,22,1.81,yes,no,static-or-hub,BUILD
i can trace my name,70,18,0.0,no,yes,gen-name-tracing,BUILD
ink tracing printables,70,23,0.0,no,yes,static-or-hub,BUILD
k tracing worksheets,70,10,0.0,no,yes,static-or-hub,BUILD
kannada alphabets tracing worksheets pdf,70,,0.0,no,no,static-or-hub,LATER-highKD
kindergarten letter tracing worksheets,70,14,0.0,no,yes,gen-letter-tracing,BUILD
kindergarten name tracing,70,18,0.2,no,yes,gen-name-tracing,BUILD
kindergarten practice writing name,70,9,0.44,no,yes,gen-name-tracing,BUILD
learn to write worksheets,70,33,0.89,no,yes,static-or-hub,BUILD
learning how to write worksheets,70,36,1.09,no,yes,static-or-hub,BUILD
letter a dotted worksheets,70,13,0.0,no,yes,gen-letter-tracing,BUILD
letter a to trace,70,12,0.0,no,yes,gen-letter-tracing,BUILD
letter a tracing worksheets free,70,15,0.53,no,yes,gen-letter-tracing,BUILD
letter e worksheets tracing,70,13,1.0,no,yes,gen-letter-tracing,BUILD
letter f trace,70,17,0.0,no,yes,gen-letter-tracing,BUILD
letter for tracing,70,14,0.75,no,yes,gen-letter-tracing,BUILD
letter handwriting worksheets,70,33,0.72,no,yes,gen-letter-tracing,BUILD
letter name tracing,70,15,0.0,no,yes,gen-name-tracing,BUILD
letter q tracing worksheets,70,11,0.0,no,yes,gen-letter-tracing,BUILD
letter s traceable worksheets,70,12,0.83,no,yes,gen-letter-tracing,BUILD
letter s tracing worksheet,70,9,0.83,no,yes,gen-letter-tracing,BUILD
letter tracers,70,22,0.58,no,yes,gen-letter-tracing,BUILD
letter tracing generator,70,31,0.24,no,yes,gen-letter-tracing,BUILD
letter tracing paper,70,19,0.0,no,yes,gen-letter-tracing,BUILD
letter tracing pdf,70,11,1.52,no,yes,gen-letter-tracing,BUILD
letter u tracing worksheet,70,9,0.0,no,yes,gen-letter-tracing,BUILD
lettering trace,70,14,0.75,no,yes,static-or-hub,BUILD
line tracing sheet,70,10,0.86,no,yes,gen-prewriting-lines,BUILD
line tracing worksheets for preschool,70,7,0.78,no,yes,gen-prewriting-lines,BUILD
line tracing worksheets preschool,70,6,0.78,no,yes,gen-prewriting-lines,BUILD
lines for handwriting practice,70,18,0.0,no,yes,gen-prewriting-lines,BUILD
lines worksheets,70,14,0.0,no,yes,gen-prewriting-lines,BUILD
lowercase alphabet tracing sheets,70,5,0.0,no,yes,gen-letter-tracing,BUILD
math tracing worksheets,70,20,0.0,no,yes,static-or-hub,BUILD
name generator handwriting,70,16,0.0,no,no,gen-name-tracing,BUILD
name generator writing,70,40,0.0,no,no,gen-name-tracing,BUILD
name practice kindergarten,70,3,0.15,no,yes,gen-name-tracing,BUILD
name practicing,70,17,0.33,no,yes,static-or-hub,BUILD
name printing practice,70,25,0.0,no,yes,gen-name-tracing,BUILD
name printing practice sheets,70,33,0.34,no,no,gen-name-tracing,BUILD
name printing sheets,70,23,0.4,no,yes,static-or-hub,BUILD
name template tracing,70,25,0.32,no,yes,gen-name-tracing,BUILD
name tracers for pre k,70,11,0.41,yes,no,gen-name-tracing,BUILD
name tracing free,70,28,0.36,no,no,gen-name-tracing,BUILD
name tracing generator worksheet,70,10,0.0,no,yes,gen-name-tracing,BUILD
name tracing practice free,70,25,0.0,no,yes,gen-name-tracing,BUILD
name tracing printable worksheets,70,19,0.34,no,yes,gen-name-tracing,BUILD
name worksheets for kindergarten,70,17,0.26,no,yes,static-or-hub,BUILD
name writing practice free,70,31,0.19,no,yes,gen-name-tracing,BUILD
name writing practice freebie,70,32,0.19,no,yes,gen-name-tracing,BUILD
name writing practice generator,70,15,0.0,no,no,gen-name-tracing,BUILD
name writing practice preschool,70,9,0.27,no,yes,gen-name-tracing,BUILD
name writing practice worksheet,70,13,0.31,no,yes,gen-name-tracing,BUILD
name writing practice worksheet generator,70,21,0.0,no,yes,gen-name-tracing,BUILD
name writing tracing,70,27,0.0,no,yes,gen-name-tracing,BUILD
name writing worksheet generator,70,15,0.0,no,yes,gen-name-tracing,BUILD
neat handwriting practice sheets pdf,70,16,0.0,no,yes,gen-name-tracing,BUILD
number 11 tracing worksheet,70,8,0.0,no,yes,gen-number-tracing,BUILD
number 4 tracing worksheet,70,9,0.0,no,yes,gen-number-tracing,BUILD
number 7 tracing worksheets,70,12,0.0,no,yes,gen-number-tracing,BUILD
number 9 tracing worksheets,70,12,0.0,no,yes,gen-number-tracing,BUILD
number and alphabet tracing sheets,70,14,0.81,no,yes,gen-number-tracing,BUILD
number tracing worksheets 1 100,70,12,0.0,no,yes,gen-number-tracing,BUILD
number tracing worksheets 1-20,70,13,0.47,no,no,gen-number-tracing,BUILD
number tracing worksheets for preschool,70,12,1.06,no,yes,gen-number-tracing,BUILD
pdf handwriting paper,70,20,0.0,no,yes,gen-name-tracing,BUILD
penmanship paper free printable,70,27,0.22,no,yes,static-or-hub,BUILD
personalized name printables,70,27,0.29,no,no,gen-name-tracing,BUILD
personalized name worksheets,70,25,0.29,no,no,static-or-hub,BUILD
practice print,70,12,0.5,no,yes,static-or-hub,BUILD
practice sheets for writing,70,38,0.57,no,yes,static-or-hub,BUILD
practice writing name generator,70,15,0.0,no,no,gen-name-tracing,BUILD
practice writing name sheets,70,23,0.25,no,yes,gen-name-tracing,BUILD
practice writing words,70,36,0.0,no,yes,gen-word-tracing,BUILD
practice writing your name sheets,70,22,0.25,no,no,gen-name-tracing,BUILD
practice writing your name template,70,22,0.25,no,yes,gen-name-tracing,BUILD
practice your name worksheet,70,27,0.25,no,yes,gen-name-tracing,BUILD
practicing penmanship worksheets,70,32,0.57,no,yes,static-or-hub,BUILD
pre k letter tracing sheets,70,24,0.83,no,yes,gen-letter-tracing,BUILD
pre k name tracing,70,31,0.41,no,yes,gen-name-tracing,BUILD
pre k tracing,70,22,0.87,no,yes,static-or-hub,BUILD
pre k worksheets alphabet tracing,70,15,0.67,no,yes,gen-letter-tracing,BUILD
pre writing tracing sheets,70,0,0.39,no,yes,static-or-hub,BUILD
pre writing tracing worksheets,70,3,0.39,no,yes,static-or-hub,BUILD
prek tracing worksheets,70,16,0.9,no,yes,static-or-hub,BUILD
preschool alphabet tracing sheet,70,23,0.79,no,yes,gen-letter-tracing,BUILD
preschool handwriting practice sheets,70,21,0.86,no,yes,gen-name-tracing,BUILD
preschool handwriting sheets,70,22,1.28,no,yes,gen-name-tracing,BUILD
preschool penmanship worksheets,70,25,1.28,no,yes,static-or-hub,BUILD
preschool trace letters,70,20,0.68,no,yes,gen-letter-tracing,BUILD
preschool tracing shapes worksheets,70,18,0.0,no,yes,gen-prewriting-lines,BUILD
preschool tracing worksheets letters,70,14,0.94,no,yes,gen-letter-tracing,BUILD
preschoolmom.com free printables,70,19,0.96,no,no,static-or-hub,BUILD
prewriting tracing worksheets,70,0,0.39,no,yes,gen-prewriting-lines,BUILD
print abc tracing,70,17,0.95,no,yes,gen-letter-tracing,BUILD
print alphabet tracing worksheets,70,16,0.71,no,yes,gen-letter-tracing,BUILD
print practice,70,20,0.15,no,yes,static-or-hub,BUILD
print writing practice sheets,70,23,0.67,no,yes,static-or-hub,BUILD
printable alphabet traceable worksheets,70,25,1.24,no,no,gen-letter-tracing,BUILD
printable dotted alphabet letters,70,18,0.0,no,yes,gen-letter-tracing,BUILD
printable hand writing practice sheets,70,26,0.67,no,yes,static-or-hub,BUILD
printable handwriting alphabet,70,26,0.0,no,yes,gen-letter-tracing,BUILD
printable handwriting practice sheets for adults,70,25,0.0,no,yes,gen-name-tracing,BUILD
printable letter tracing worksheets pdf free download,70,11,0.9,no,yes,gen-letter-tracing,BUILD
printable line tracing,70,9,0.0,no,yes,gen-prewriting-lines,BUILD
printable line tracing worksheets,70,9,0.0,no,yes,gen-prewriting-lines,BUILD
printable practice writing sheets,70,27,0.87,no,yes,static-or-hub,BUILD
printable trace letters,70,15,0.86,no,yes,gen-letter-tracing,BUILD
printable writing handwriting kindergarten worksheets,70,21,0.0,no,yes,gen-name-tracing,BUILD
printable writing pages,70,25,0.73,no,yes,static-or-hub,BUILD
printable writing template,70,25,0.0,no,yes,static-or-hub,BUILD
printable writing templates,70,24,0.0,no,yes,static-or-hub,BUILD
printables name tracing,70,13,0.33,no,yes,gen-name-tracing,BUILD
printed writing,70,21,0.0,yes,yes,static-or-hub,BUILD
printing handwriting,70,24,0.77,no,yes,gen-name-tracing,BUILD
printing worksheet generator,70,32,0.0,no,no,static-or-hub,BUILD
signature practice sheet,70,17,0.0,no,yes,gen-name-tracing,BUILD
simple tracing worksheets,70,18,0.66,no,yes,static-or-hub,BUILD
star tracing sheet,70,11,0.0,no,yes,static-or-hub,BUILD
straight line tracing worksheets,70,4,0.0,no,yes,gen-prewriting-lines,BUILD
test sheets to print,70,25,0.0,no,no,static-or-hub,BUILD
trace a name worksheet,70,12,0.35,no,yes,gen-name-tracing,BUILD
trace alphabet capital letters,70,4,0.0,yes,yes,gen-letter-tracing,BUILD
trace alphabets worksheets printable,70,23,0.67,no,yes,static-or-hub,BUILD
trace and write name,70,23,0.0,no,yes,gen-name-tracing,BUILD
trace handwriting worksheets,70,15,0.72,no,yes,gen-name-tracing,BUILD
trace letter a worksheets,70,18,0.82,no,yes,gen-letter-tracing,BUILD
trace letter s,70,5,0.0,no,yes,gen-letter-tracing,BUILD
trace letters a,70,16,1.23,no,yes,gen-letter-tracing,BUILD
trace letters free printable,70,18,0.82,no,yes,gen-letter-tracing,BUILD
trace name printable free,70,13,0.24,no,yes,gen-name-tracing,BUILD
trace name worksheets,70,23,0.37,no,yes,gen-name-tracing,BUILD
trace print,70,34,0.0,no,yes,static-or-hub,BUILD
trace the letters and numbers,70,16,0.87,no,yes,gen-number-tracing,BUILD
trace the lines worksheet,70,11,0.7,no,yes,gen-prewriting-lines,BUILD
trace your name preschool worksheets,70,14,0.34,no,no,gen-name-tracing,BUILD
traceable abc,70,25,1.49,no,yes,gen-letter-tracing,BUILD
traceable abc worksheets,70,27,1.1,no,yes,gen-letter-tracing,BUILD
traceable alphabet printable,70,17,0.86,no,yes,gen-letter-tracing,BUILD
traceable letters for kindergarten,70,12,0.73,no,yes,gen-letter-tracing,BUILD
traceable letters for pre k,70,17,0.94,no,yes,gen-letter-tracing,BUILD
traceable name pages,70,24,0.24,no,no,gen-name-tracing,BUILD
traceable name worksheets free,70,16,0.33,no,yes,gen-name-tracing,BUILD
traceable words for kindergarten,70,10,0.84,no,yes,gen-word-tracing,BUILD
tracer generator,70,10,0.0,no,yes,static-or-hub,BUILD
tracing abcs worksheet,70,17,0.74,no,yes,gen-letter-tracing,BUILD
tracing alphabet letters pdf,70,8,0.59,no,yes,gen-letter-tracing,BUILD
tracing and coloring worksheets,70,14,1.0,no,yes,static-or-hub,BUILD
tracing and writing letters,70,14,0.32,no,yes,gen-letter-tracing,BUILD
tracing c worksheets,70,6,0.0,no,yes,static-or-hub,BUILD
tracing characters,70,24,0.0,no,yes,static-or-hub,BUILD
tracing christmas worksheets,70,10,0.0,no,yes,static-or-hub,BUILD
tracing cursive worksheets,70,24,0.0,no,yes,gen-cursive-practice,BUILD
tracing cursive writing worksheets,70,34,0.73,no,yes,gen-cursive-practice,BUILD
tracing for 3 year olds,70,22,0.76,no,yes,static-or-hub,BUILD
tracing handwriting,70,33,0.39,no,yes,gen-name-tracing,BUILD
tracing handwriting worksheets,70,27,0.72,no,yes,gen-name-tracing,BUILD
tracing letter a for preschool,70,20,0.9,no,yes,gen-letter-tracing,BUILD
tracing letter c worksheets,70,12,0.0,no,yes,gen-letter-tracing,BUILD
tracing letter d worksheets,70,9,0.65,no,yes,gen-letter-tracing,BUILD
tracing letter k worksheets,70,23,0.0,no,yes,gen-letter-tracing,BUILD
tracing letters az worksheets,70,21,1.13,no,yes,gen-letter-tracing,BUILD
tracing letters free,70,15,0.62,no,yes,gen-letter-tracing,BUILD
tracing letters i,70,18,0.0,no,yes,gen-letter-tracing,BUILD
tracing letters k,70,10,0.0,no,yes,gen-letter-tracing,BUILD
tracing letters printable free,70,11,0.8,no,yes,gen-letter-tracing,BUILD
tracing letters uppercase and lowercase,70,3,0.0,no,yes,gen-letter-tracing,BUILD
tracing letters worksheets pdf,70,5,1.05,no,yes,gen-letter-tracing,BUILD
tracing lines printables,70,8,0.0,no,yes,gen-prewriting-lines,BUILD
tracing lines worksheets printable,70,3,0.0,no,yes,gen-prewriting-lines,BUILD
tracing my name,70,17,0.67,no,no,gen-name-tracing,BUILD
tracing number 7 worksheet,70,19,0.0,no,yes,gen-number-tracing,BUILD
tracing numbers 1-100 worksheets pdf,70,12,0.0,no,no,gen-number-tracing,BUILD
tracing online,70,24,0.0,no,no,static-or-hub,BUILD
tracing out,70,17,0.49,yes,no,static-or-hub,BUILD
tracing pages for preschoolers,70,20,0.87,no,yes,static-or-hub,BUILD
tracing pages preschool,70,28,0.87,no,yes,static-or-hub,BUILD
tracing papers for preschool,70,14,0.92,no,yes,static-or-hub,BUILD
tracing printable,70,33,0.0,no,yes,static-or-hub,BUILD
tracing sentences worksheets pdf,70,12,0.0,no,yes,static-or-hub,BUILD
tracing shapes worksheets free,70,17,0.61,no,yes,gen-prewriting-lines,BUILD
tracing sheets for kids,70,11,0.0,no,yes,static-or-hub,BUILD
tracing straight lines,70,10,0.0,no,yes,gen-prewriting-lines,BUILD
tracing straight lines printables,70,7,0.0,no,yes,gen-prewriting-lines,BUILD
tracing straight lines worksheets for preschool,70,7,0.78,no,yes,gen-prewriting-lines,BUILD
tracing trace letter a,70,12,0.0,no,yes,gen-letter-tracing,BUILD
tracing upper and lowercase letters,70,9,0.0,no,yes,gen-letter-tracing,BUILD
tracing uppercase and lowercase letters,70,6,0.0,no,yes,gen-letter-tracing,BUILD
tracing uppercase letters,70,2,0.98,no,yes,gen-letter-tracing,BUILD
tracing worksheets for kids,70,14,0.0,no,yes,static-or-hub,BUILD
tracing worksheets numbers 1-20,70,16,0.47,no,no,gen-number-tracing,BUILD
tracing worksheets pdf free download,70,13,0.0,no,yes,static-or-hub,BUILD
uppercase letter tracing worksheets,70,6,0.0,no,yes,gen-letter-tracing,BUILD
winter tracing worksheets,70,0,0.0,no,yes,static-or-hub,BUILD
word writing practice,70,28,0.0,no,yes,gen-word-tracing,BUILD
words to trace,70,20,0.24,no,yes,gen-word-tracing,BUILD
worksheet maker handwriting,70,28,0.93,no,yes,gen-name-tracing,BUILD
worksheet tracing,70,16,0.89,no,yes,static-or-hub,BUILD
worksheets for writing,70,34,1.11,no,yes,static-or-hub,BUILD
write in print,70,21,0.0,yes,yes,static-or-hub,BUILD
write name generator,70,15,0.0,no,no,gen-name-tracing,BUILD
write name template,70,31,0.39,no,yes,gen-name-tracing,BUILD
write print,70,26,0.0,yes,yes,static-or-hub,BUILD
write your name practice sheets,70,24,0.25,no,yes,gen-name-tracing,BUILD
writing a worksheet,70,35,1.5,no,yes,static-or-hub,BUILD
writing activity sheets,70,32,1.11,no,yes,static-or-hub,BUILD
writing name generator,70,11,0.0,no,no,gen-name-tracing,BUILD
writing name worksheet,70,22,0.31,no,yes,gen-name-tracing,BUILD
writing pages printable,70,26,0.73,no,yes,static-or-hub,BUILD
writing practice paper,70,31,0.43,no,yes,static-or-hub,BUILD
writing print,70,32,0.0,no,yes,static-or-hub,BUILD
writing prints,70,9,0.0,no,yes,static-or-hub,BUILD
writing script practice,70,25,0.85,no,yes,static-or-hub,BUILD
writing templates free,70,19,0.9,no,yes,static-or-hub,BUILD
writing tracing sheets,70,37,0.78,no,yes,static-or-hub,BUILD
writing words worksheets,70,34,1.53,no,yes,gen-word-tracing,BUILD
3 year old worksheets free,70,,0.0,no,yes,static-or-hub,LATER-highKD
a worksheet for preschool,70,36,1.04,no,yes,static-or-hub,BUILD
ab pattern worksheets for preschool,70,13,0.0,no,yes,static-or-hub,BUILD
abab pattern worksheet preschool,70,11,0.0,no,yes,static-or-hub,BUILD
abc mouse.com free,70,38,1.04,yes,no,gen-letter-tracing,BUILD
abc pages for kindergarten,70,41,1.21,no,yes,gen-letter-tracing,LATER-highKD
abc printouts for kindergarten,70,46,0.89,no,yes,gen-letter-tracing,LATER-highKD
abc worksheets for 3 year olds,70,40,0.97,no,yes,gen-letter-tracing,BUILD
abcmouse worksheets,70,30,1.82,no,yes,static-or-hub,BUILD
about me preschool worksheet,70,29,1.02,no,yes,static-or-hub,BUILD
activities for kindergarten printable,70,49,0.91,no,yes,static-or-hub,LATER-highKD
activities sheets,70,38,1.22,yes,yes,static-or-hub,BUILD
activities worksheet,70,62,0.95,no,yes,static-or-hub,LATER-highKD
activity for preschool printable,70,41,0.67,no,yes,static-or-hub,LATER-highKD
activity pages for 6 year olds,70,42,0.8,no,yes,static-or-hub,LATER-highKD
activity pages for kindergarten,70,49,0.93,no,yes,static-or-hub,LATER-highKD
activity sheet for kids,70,48,0.0,no,yes,static-or-hub,LATER-highKD
activity sheets for 10 year olds,70,27,0.0,no,yes,static-or-hub,BUILD
activity worksheet,70,64,0.95,no,yes,static-or-hub,LATER-highKD
alphabet free printables preschoolers,70,35,0.46,no,no,gen-letter-tracing,BUILD
alphabet worksheet for preschool,70,36,0.87,no,yes,gen-letter-tracing,BUILD
alphabet worksheets for 3 year olds,70,31,1.07,no,yes,gen-letter-tracing,BUILD
alphabet worksheets for kindergarten free,70,35,0.55,no,yes,gen-letter-tracing,BUILD
alphabet worksheets for preschoolers free,70,36,0.74,no,no,gen-letter-tracing,BUILD
alphabet worksheets preschool free,70,31,0.74,no,yes,gen-letter-tracing,BUILD
animals worksheet preschool,70,20,1.22,no,yes,static-or-hub,BUILD
apple worksheet preschool,70,3,0.0,no,yes,static-or-hub,BUILD
apple worksheets for preschool,70,9,0.0,no,yes,static-or-hub,BUILD
apple worksheets for preschoolers,70,7,0.0,no,yes,static-or-hub,BUILD
b worksheet for preschool,70,12,0.67,no,yes,static-or-hub,BUILD
b worksheets for preschool,70,10,0.67,no,yes,static-or-hub,BUILD
b worksheets for preschoolers,70,12,0.67,no,yes,static-or-hub,BUILD
beginning sounds worksheets for preschoolers,70,10,0.67,no,yes,static-or-hub,BUILD
bird worksheets for preschoolers,70,13,0.0,no,yes,static-or-hub,BUILD
birds worksheets for preschool,70,5,0.0,no,yes,static-or-hub,BUILD
c worksheet for preschool,70,8,0.0,no,yes,static-or-hub,BUILD
c worksheets for preschool,70,10,1.28,no,yes,static-or-hub,BUILD
color green worksheet for preschool,70,5,0.0,no,yes,static-or-hub,BUILD
color pink worksheets for preschool,70,7,0.0,no,yes,static-or-hub,BUILD
color purple worksheets for preschool,70,1,0.0,no,yes,static-or-hub,BUILD
color worksheet for preschool,70,12,0.98,no,yes,static-or-hub,BUILD
colorful preschool worksheets,70,22,0.0,no,yes,static-or-hub,BUILD
coloring preschool worksheets,70,36,0.0,no,yes,static-or-hub,BUILD
colors worksheets for preschool,70,24,1.13,no,yes,static-or-hub,BUILD
community helpers worksheets for preschoolers,70,12,0.0,no,yes,static-or-hub,BUILD
completed worksheet,70,59,0.0,no,yes,static-or-hub,LATER-highKD
counting preschool math worksheets,70,26,0.0,no,yes,gen-number-tracing,BUILD
counting preschool worksheets,70,21,0.74,no,yes,gen-number-tracing,BUILD
counting worksheets for preschoolers,70,25,0.74,no,yes,gen-number-tracing,BUILD
cut and paste printable activities,70,10,1.03,no,yes,static-or-hub,BUILD
cut and paste worksheets for kindergarten free,70,13,0.66,no,yes,static-or-hub,BUILD
cutting skills for preschoolers worksheets,70,12,0.51,no,yes,static-or-hub,BUILD
cutting worksheet for preschoolers printable,70,15,0.0,no,no,static-or-hub,BUILD
d worksheets for preschool,70,17,0.0,no,yes,static-or-hub,BUILD
daycare curriculum free,70,21,3.8,yes,no,static-or-hub,BUILD
daycare worksheets for 1 year olds,70,32,0.0,no,yes,static-or-hub,BUILD
days of the week worksheet preschool,70,14,0.0,no,yes,static-or-hub,BUILD
days of the week worksheets preschool,70,9,0.0,no,yes,static-or-hub,BUILD
dentist worksheet preschool,70,,0.0,no,no,static-or-hub,LATER-highKD
dinosaur worksheets for preschoolers,70,0,0.45,no,yes,static-or-hub,BUILD
doozy moo,70,21,0.0,no,yes,static-or-hub,BUILD
downloadable worksheets for kindergarten,70,48,1.03,no,yes,static-or-hub,LATER-highKD
e preschool worksheet,70,16,1.19,no,yes,static-or-hub,BUILD
earth day worksheets for preschool,70,10,0.0,no,yes,static-or-hub,BUILD
easy english worksheets for kindergarten,70,27,0.0,no,yes,static-or-hub,BUILD
easy printable,70,28,4.96,no,yes,static-or-hub,BUILD
easy worksheet,70,58,0.81,no,yes,static-or-hub,LATER-highKD
education worksheets free,70,62,1.28,no,yes,static-or-hub,LATER-highKD
educational activities for 3 year olds at home pdf,70,34,0.99,yes,no,static-or-hub,BUILD
educational activities for kindergartners,70,17,1.18,yes,no,static-or-hub,BUILD
ela kindergarten worksheets,70,27,0.79,no,yes,static-or-hub,BUILD
english exercises for preschool,70,22,1.08,no,yes,static-or-hub,BUILD
english for kindergarten worksheet,70,34,0.94,no,yes,static-or-hub,BUILD
english worksheet for nursery,70,18,1.08,no,yes,static-or-hub,BUILD
english worksheets for kids,70,48,0.0,no,yes,static-or-hub,LATER-highKD
f preschool worksheets,70,10,0.0,no,yes,static-or-hub,BUILD
farm animal worksheets for preschoolers,70,14,0.0,no,yes,static-or-hub,BUILD
feelings worksheets for preschoolers,70,4,0.0,no,yes,static-or-hub,BUILD
fire prevention worksheets for preschool,70,3,0.0,no,yes,static-or-hub,BUILD
free abc printables for preschoolers,70,29,0.87,no,yes,gen-letter-tracing,BUILD
free alphabet printables for preschool,70,39,0.46,no,yes,gen-letter-tracing,BUILD
free christmas worksheets for preschool,70,22,0.0,no,yes,static-or-hub,BUILD
free homeschool curriculum preschool,70,20,1.68,yes,no,static-or-hub,BUILD
free homeschool preschool curriculum,70,12,1.68,yes,no,static-or-hub,BUILD
free homeschooling printables,70,23,1.42,no,no,static-or-hub,BUILD
free math worksheets for preschoolers,70,26,0.61,no,yes,static-or-hub,BUILD
free pre k alphabet worksheets,70,25,0.76,no,yes,gen-letter-tracing,BUILD
free pre k curriculum homeschool,70,14,1.85,yes,no,static-or-hub,BUILD
free prek printables,70,39,0.91,no,yes,static-or-hub,BUILD
free preschool printable,70,39,0.96,no,yes,static-or-hub,BUILD
free printable for kids,70,57,0.0,no,yes,static-or-hub,LATER-highKD
free printable for kindergarten,70,48,0.74,no,yes,static-or-hub,LATER-highKD
free printable homeschool worksheets,70,22,1.73,no,yes,static-or-hub,BUILD
free printable kids worksheets,70,63,0.0,no,yes,static-or-hub,LATER-highKD
free printable letter u worksheets for preschool,70,9,0.0,no,yes,gen-letter-tracing,BUILD
free printable math worksheets for preschoolers,70,25,0.51,no,yes,static-or-hub,BUILD
free printable number worksheets for preschool,70,13,1.15,no,yes,gen-number-tracing,BUILD
free printable number worksheets preschool,70,17,0.0,no,yes,gen-number-tracing,BUILD
free printable preschool alphabet worksheets,70,29,0.74,no,yes,gen-letter-tracing,BUILD
free printable preschool homeschool curriculum,70,25,2.21,no,yes,static-or-hub,BUILD
free printable preschool learning activities,70,41,0.76,yes,yes,static-or-hub,LATER-highKD
free printable preschool lessons,70,23,0.76,no,no,static-or-hub,BUILD
free printable preschooler preschool worksheets,70,41,0.91,no,yes,static-or-hub,LATER-highKD
free printable workbook for kindergarten,70,47,0.99,no,yes,static-or-hub,LATER-highKD
free printable worksheets for 4 year olds,70,43,1.17,no,yes,static-or-hub,LATER-highKD
free printable worksheets for middle schoolers,70,43,0.98,no,yes,static-or-hub,LATER-highKD
free printables for pre k,70,33,0.86,no,yes,static-or-hub,BUILD
free printing worksheets,70,65,1.08,no,yes,static-or-hub,LATER-highKD
free search and find printables,70,26,0.0,no,yes,static-or-hub,BUILD
free work sheets,70,70,0.91,no,yes,static-or-hub,LATER-highKD
free workbooks for kindergarten,70,16,1.0,yes,yes,static-or-hub,BUILD
free worksheets for teachers to print,70,56,0.77,no,no,static-or-hub,LATER-highKD
free worksheets printable,70,63,0.96,no,yes,static-or-hub,LATER-highKD
friendship worksheets preschool,70,13,0.0,no,yes,static-or-hub,BUILD
fun activities printable,70,15,1.73,no,yes,static-or-hub,BUILD
fun activity sheets for kids,70,15,0.0,no,yes,static-or-hub,BUILD
fun learning for kindergarten,70,20,1.45,no,no,static-or-hub,BUILD
fun pre k worksheets,70,47,0.75,no,yes,static-or-hub,LATER-highKD
fun printable,70,46,0.66,no,yes,static-or-hub,LATER-highKD
fun sheets for kindergarten,70,47,0.93,no,yes,static-or-hub,LATER-highKD
fun worksheets for elementary students,70,50,0.0,no,yes,static-or-hub,LATER-highKD
fun worksheets for kindergarteners,70,47,0.89,no,yes,static-or-hub,LATER-highKD
handwriting worksheets pre k,70,11,0.96,no,yes,gen-name-tracing,BUILD
head start worksheets,70,50,1.42,no,yes,static-or-hub,LATER-highKD
hibernation for preschoolers worksheets,70,9,0.0,no,no,static-or-hub,BUILD
hibernation worksheet for preschool,70,14,0.0,no,yes,static-or-hub,BUILD
hibernation worksheets for preschoolers,70,12,0.0,no,yes,static-or-hub,BUILD
homeschool worksheets pdf,70,31,2.01,no,yes,static-or-hub,BUILD
homeschool worksheets pdf free,70,28,1.51,yes,yes,static-or-hub,BUILD
homeschooling activity sheets,70,25,1.84,yes,no,static-or-hub,BUILD
homework for kindergarden,70,44,1.17,no,yes,static-or-hub,LATER-highKD
homework for kindergarten worksheets,70,45,0.97,no,no,static-or-hub,LATER-highKD
homework for pre k,70,44,0.9,no,yes,static-or-hub,LATER-highKD
homework for vpk,70,34,1.27,no,yes,static-or-hub,BUILD
homework kindergarten,70,23,1.12,no,yes,static-or-hub,BUILD
homework print,70,59,1.29,no,yes,static-or-hub,LATER-highKD
homework worksheet,70,61,1.09,no,yes,static-or-hub,LATER-highKD
how to create worksheets for tpt,70,18,0.82,yes,no,static-or-hub,BUILD
k 12 worksheets free,70,51,1.17,no,yes,static-or-hub,LATER-highKD
k 5 kindergarten,70,49,0.0,no,no,static-or-hub,LATER-highKD
k worksheets preschool,70,7,0.0,no,yes,static-or-hub,BUILD
k-12 free printable worksheets pdf,70,58,1.99,no,no,static-or-hub,LATER-highKD
k-12 worksheets free,70,51,1.17,no,no,static-or-hub,LATER-highKD
k-8 worksheets,70,65,1.13,no,no,static-or-hub,LATER-highKD
k12 worksheets free,70,50,1.17,no,yes,static-or-hub,LATER-highKD
k5 learning preschool worksheets,70,50,0.0,no,yes,static-or-hub,LATER-highKD
k5 learning worksheet,70,31,1.25,no,yes,static-or-hub,BUILD
k5 learning worksheet answers,70,19,0.0,no,yes,static-or-hub,BUILD
kidpid worksheets,70,13,0.33,no,no,static-or-hub,BUILD
kids academy worksheets,70,27,0.0,no,yes,static-or-hub,BUILD
kids activities printable,70,29,0.0,no,yes,static-or-hub,BUILD
kids activity sheet,70,52,0.0,no,yes,static-or-hub,LATER-highKD
kids activity sheets pdf,70,41,0.0,no,yes,static-or-hub,LATER-highKD
kids worksheets kindergarten,70,55,0.0,no,yes,static-or-hub,LATER-highKD
kidsworksheets,70,57,0.99,no,no,static-or-hub,LATER-highKD
kinder worksheets printable,70,50,0.0,no,yes,static-or-hub,LATER-highKD
kindergarten activity printables,70,54,0.91,no,yes,static-or-hub,LATER-highKD
kindergarten activity sheets printable,70,50,1.07,no,yes,static-or-hub,LATER-highKD
kindergarten alphabet worksheets free printables,70,21,0.98,no,yes,gen-letter-tracing,BUILD
kindergarten assignments,70,54,1.15,no,yes,static-or-hub,LATER-highKD
kindergarten fun activities,70,17,0.6,yes,yes,static-or-hub,BUILD
kindergarten homework packets,70,11,0.89,no,yes,static-or-hub,BUILD
kindergarten mom,70,15,0.0,no,yes,static-or-hub,BUILD
kindergarten packet,70,5,0.5,no,yes,static-or-hub,BUILD
kindergarten packet pdf,70,5,1.09,no,yes,static-or-hub,BUILD
kindergarten papers,70,52,0.49,no,yes,static-or-hub,LATER-highKD
kindergarten print,70,48,0.99,no,yes,static-or-hub,LATER-highKD
kindergarten printing,70,12,1.17,no,yes,static-or-hub,BUILD
kindergarten work sheet,70,44,0.91,no,yes,static-or-hub,LATER-highKD
kindergarten worksheet printable,70,50,0.94,no,yes,static-or-hub,LATER-highKD
kindergarten worksheets free alphabet,70,24,0.85,no,yes,gen-letter-tracing,BUILD
kindergarten worksheets math pdf,70,16,0.81,no,yes,static-or-hub,BUILD
kindergaten activities,70,21,1.07,yes,yes,static-or-hub,BUILD
l worksheets for preschool,70,11,1.55,no,yes,static-or-hub,BUILD
learning activities for kindergarten,70,21,1.45,yes,yes,static-or-hub,BUILD
learning pages,70,55,1.11,no,yes,static-or-hub,LATER-highKD
letter a worksheet for preschool,70,17,1.01,no,yes,gen-letter-tracing,BUILD
letter e worksheet preschool,70,18,0.74,no,yes,gen-letter-tracing,BUILD
letter e worksheets for preschoolers,70,17,1.1,no,yes,gen-letter-tracing,BUILD
letter f worksheet preschool,70,9,1.2,no,yes,gen-letter-tracing,BUILD
letter f worksheets for preschoolers,70,8,0.0,no,yes,gen-letter-tracing,BUILD
letter f worksheets preschool,70,9,0.0,no,yes,gen-letter-tracing,BUILD
letter g worksheets preschool,70,7,0.95,no,yes,gen-letter-tracing,BUILD
letter j worksheet for preschool,70,12,1.11,no,yes,gen-letter-tracing,BUILD
letter n preschool worksheet,70,17,0.77,no,yes,gen-letter-tracing,BUILD
letter o worksheets for preschoolers,70,11,1.15,no,yes,gen-letter-tracing,BUILD
letter p worksheets for preschoolers,70,9,0.95,no,yes,gen-letter-tracing,BUILD
letter practice preschool,70,26,0.9,no,yes,gen-letter-tracing,BUILD
letter t worksheet preschool,70,12,0.0,no,yes,gen-letter-tracing,BUILD
letter u worksheet preschool,70,7,1.22,no,yes,gen-letter-tracing,BUILD
letter w preschool worksheets,70,15,0.0,no,yes,gen-letter-tracing,BUILD
letter worksheets for preschoolers,70,31,0.81,no,yes,gen-letter-tracing,BUILD
letter x preschool worksheet,70,12,0.84,no,yes,gen-letter-tracing,BUILD
lucas and friends worksheets,70,19,0.0,no,yes,static-or-hub,BUILD
m worksheets for preschool,70,15,0.96,no,yes,static-or-hub,BUILD
matching worksheets for preschool,70,7,0.9,no,yes,static-or-hub,BUILD
math activity sheets,70,60,0.56,no,yes,static-or-hub,LATER-highKD
math worksheets preschool kindergarten,70,27,0.86,no,no,static-or-hub,BUILD
maths worksheets for preschoolers,70,24,0.8,no,yes,static-or-hub,BUILD
maths worksheets to print,70,59,0.82,no,yes,static-or-hub,LATER-highKD
mcgraw hill worksheets,70,21,0.0,no,yes,static-or-hub,BUILD
number 1 worksheet preschool,70,8,0.0,no,yes,gen-number-tracing,BUILD
number 10 worksheets preschool,70,13,0.65,no,yes,gen-number-tracing,BUILD
number 11 worksheets preschool,70,4,0.0,no,yes,gen-number-tracing,BUILD
number 12 preschool worksheets,70,7,0.0,no,yes,gen-number-tracing,BUILD
number 13 preschool worksheet,70,8,0.0,no,yes,gen-number-tracing,BUILD
number 14 preschool worksheets,70,6,0.0,no,yes,gen-number-tracing,BUILD
number 14 worksheets preschool,70,8,0.0,no,yes,gen-number-tracing,BUILD
number 17 worksheets for preschoolers,70,8,0.0,no,yes,gen-number-tracing,BUILD
number 17 worksheets preschool,70,7,0.0,no,yes,gen-number-tracing,BUILD
number 19 worksheets for preschool,70,3,0.0,no,yes,gen-number-tracing,BUILD
number 20 worksheets for preschool,70,5,0.0,no,yes,gen-number-tracing,BUILD
number 6 preschool worksheet,70,18,0.0,no,yes,gen-number-tracing,BUILD
number 6 preschool worksheets,70,17,0.0,no,yes,gen-number-tracing,BUILD
number 6 worksheets for preschool,70,17,0.0,no,yes,gen-number-tracing,BUILD
number 8 preschool worksheets,70,19,0.0,no,yes,gen-number-tracing,BUILD
number 9 worksheet for preschool,70,15,0.0,no,yes,gen-number-tracing,BUILD
number 9 worksheets for preschoolers,70,19,0.0,yes,yes,gen-number-tracing,BUILD
number preschool worksheets free,70,15,0.78,no,yes,gen-number-tracing,BUILD
number worksheets for preschool 1 20,70,4,0.0,no,yes,gen-number-tracing,BUILD
numbers 1 10 worksheets for preschool,70,21,0.0,no,yes,gen-number-tracing,BUILD
numbers 1-10 worksheets for preschoolers,70,22,0.0,no,no,gen-number-tracing,BUILD
numbers worksheets preschool,70,21,0.72,no,yes,gen-number-tracing,BUILD
octagon preschool worksheet,70,8,0.0,no,yes,static-or-hub,BUILD
orange worksheet preschool,70,6,0.0,no,yes,static-or-hub,BUILD
oval worksheet preschool,70,12,0.0,no,yes,static-or-hub,BUILD
p worksheets for preschool,70,10,0.0,no,yes,static-or-hub,BUILD
pages for kindergarten,70,48,1.04,no,yes,static-or-hub,LATER-highKD
paper worksheets,70,68,1.8,no,yes,static-or-hub,LATER-highKD
pet worksheets for preschoolers,70,3,0.0,no,yes,static-or-hub,BUILD
pets worksheets for preschool,70,13,0.0,no,yes,static-or-hub,BUILD
pinterest preschool,70,32,0.0,no,yes,static-or-hub,BUILD
planting worksheets for preschool,70,9,0.87,no,yes,static-or-hub,BUILD
play class work,70,25,0.0,no,yes,static-or-hub,BUILD
practice worksheets for pre k,70,44,0.72,no,yes,static-or-hub,LATER-highKD
pre k homeschool curriculum free printable,70,16,1.46,yes,no,static-or-hub,BUILD
pre k homework pages,70,47,0.96,no,yes,static-or-hub,LATER-highKD
pre k practice sheets,70,40,0.99,no,yes,static-or-hub,BUILD
pre k writing pages,70,22,0.75,no,yes,static-or-hub,BUILD
pre kindergarten alphabet worksheets,70,25,1.06,no,yes,gen-letter-tracing,BUILD
pre writing worksheets pdf free download,70,8,1.19,no,yes,static-or-hub,BUILD
pre-k printable worksheets,70,44,0.96,no,no,static-or-hub,LATER-highKD
pre-k worksheet,70,45,1.02,no,no,static-or-hub,LATER-highKD
pre-k worksheets free,70,36,1.03,no,no,static-or-hub,BUILD
prek printables,70,36,1.05,no,yes,static-or-hub,BUILD
prek reading worksheets,70,15,1.2,no,yes,static-or-hub,BUILD
prek worksheets alphabet,70,37,1.06,no,yes,gen-letter-tracing,BUILD
prekinder worksheets,70,48,1.0,no,yes,static-or-hub,LATER-highKD
prepositions for preschoolers worksheets,70,14,0.42,no,yes,static-or-hub,BUILD
preschoo worksheets,70,39,1.03,no,yes,static-or-hub,BUILD
preschool activities free printable worksheets,70,44,0.59,no,no,static-or-hub,LATER-highKD
preschool activity pages free printable,70,42,1.2,no,yes,static-or-hub,LATER-highKD
preschool activity pages printable,70,32,0.96,no,yes,static-or-hub,BUILD
preschool activity sheets free,70,46,0.95,no,yes,static-or-hub,LATER-highKD
preschool addition worksheet,70,12,0.89,no,yes,static-or-hub,BUILD
preschool alphabet worksheets pdf free download,70,28,0.0,no,yes,gen-letter-tracing,BUILD
preschool christmas worksheets free,70,10,0.0,no,yes,static-or-hub,BUILD
preschool color purple worksheets,70,0,0.0,no,yes,static-or-hub,BUILD
preschool colouring worksheets,70,43,1.13,no,yes,static-or-hub,LATER-highKD
preschool counting worksheets for kindergarten,70,25,0.0,no,yes,gen-number-tracing,BUILD
preschool cowboy worksheets,70,1,0.0,no,yes,static-or-hub,BUILD
preschool cut and paste worksheet,70,8,0.76,no,yes,static-or-hub,BUILD
preschool d worksheets,70,13,0.0,no,yes,static-or-hub,BUILD
preschool fun worksheets,70,55,1.07,no,yes,static-or-hub,LATER-highKD
preschool hibernation worksheets,70,12,0.0,no,yes,static-or-hub,BUILD
preschool homeschool worksheets,70,31,1.42,no,yes,static-or-hub,BUILD
preschool kindergarten math worksheets,70,21,0.0,no,yes,static-or-hub,BUILD
preschool learning activities printables,70,41,0.94,no,yes,static-or-hub,LATER-highKD
preschool learning pages,70,47,1.37,no,yes,static-or-hub,LATER-highKD
preschool letter g worksheet,70,12,0.95,no,yes,gen-letter-tracing,BUILD
preschool letter p worksheet,70,8,0.84,no,yes,gen-letter-tracing,BUILD
preschool letter q worksheets,70,7,0.79,no,yes,gen-letter-tracing,BUILD
preschool math printables free,70,26,0.58,no,yes,static-or-hub,BUILD
preschool math worksheets free printable,70,24,0.47,no,yes,static-or-hub,BUILD
preschool money worksheets,70,20,0.0,no,yes,static-or-hub,BUILD
preschool number 1 worksheet,70,13,0.0,no,yes,gen-number-tracing,BUILD
preschool number 12 worksheet,70,11,0.0,no,yes,gen-number-tracing,BUILD
preschool number 15 worksheet,70,13,0.0,no,yes,gen-number-tracing,BUILD
preschool number 2 worksheets,70,18,0.0,no,yes,gen-number-tracing,BUILD
preschool number 5 worksheets,70,23,0.92,no,yes,gen-number-tracing,BUILD
preschool number recognition worksheets,70,16,0.48,no,yes,gen-number-tracing,BUILD
preschool number worksheets 1 10 pdf,70,24,0.91,no,yes,gen-number-tracing,BUILD
preschool pages printable,70,47,0.96,no,yes,static-or-hub,LATER-highKD
preschool plant worksheets,70,9,0.0,no,yes,static-or-hub,BUILD
preschool practice pages,70,50,0.81,no,yes,static-or-hub,LATER-highKD
preschool practice sheets,70,40,0.93,no,yes,static-or-hub,BUILD
preschool printable abc,70,37,0.74,no,yes,gen-letter-tracing,BUILD
preschool printable activity sheets,70,37,0.96,no,yes,static-or-hub,BUILD
preschool pumpkin worksheets,70,8,0.0,no,yes,static-or-hub,BUILD
preschool rainbow worksheet,70,5,0.0,no,yes,static-or-hub,BUILD
preschool reading comprehension,70,21,1.75,no,yes,static-or-hub,BUILD
preschool rhyming words worksheet,70,13,0.32,no,yes,static-or-hub,BUILD
preschool sequence worksheets,70,16,0.0,no,yes,static-or-hub,BUILD
preschool shapes worksheets pdf,70,17,0.62,no,yes,gen-prewriting-lines,BUILD
preschool spanish worksheets,70,10,1.31,no,yes,static-or-hub,BUILD
preschool turkey worksheets,70,1,0.0,no,yes,static-or-hub,BUILD
preschool work pages,70,52,0.92,no,yes,static-or-hub,LATER-highKD
preschool work samples,70,9,0.0,yes,yes,static-or-hub,BUILD
preschool worksheets counting,70,,0.71,no,no,gen-number-tracing,LATER-highKD
preschool worksheets english,70,52,0.58,no,yes,static-or-hub,LATER-highKD
preschool worksheets free print,70,42,0.88,no,yes,static-or-hub,LATER-highKD
preschool worksheets insects,70,8,0.76,no,yes,static-or-hub,BUILD
preschool worksheets letter f,70,6,1.2,no,yes,gen-letter-tracing,BUILD
preschool worksheets numbers 1 20,70,3,0.0,no,yes,gen-number-tracing,BUILD
preschool worksheets numbers 1-10,70,28,0.0,no,no,gen-number-tracing,BUILD
preschool writing printables,70,22,0.77,no,yes,static-or-hub,BUILD
preschoolmom.com,70,28,1.32,no,no,static-or-hub,BUILD
print activities,70,53,1.68,no,yes,static-or-hub,LATER-highKD
print activities for 3 year olds,70,22,1.01,no,yes,static-or-hub,BUILD
print pre k worksheets,70,46,1.19,no,yes,static-or-hub,LATER-highKD
printable activities for 10-year olds pdf,70,13,1.81,no,no,static-or-hub,BUILD
printable activities for adults pdf,70,5,0.0,no,yes,static-or-hub,BUILD
printable activity sheets for adults,70,24,0.0,no,yes,static-or-hub,BUILD
printable cutting worksheets for preschoolers,70,15,0.0,no,yes,static-or-hub,BUILD
printable for kids,70,51,0.0,no,yes,static-or-hub,LATER-highKD
printable learning activities for 2 year olds,70,4,0.95,no,yes,static-or-hub,BUILD
printable learning activities for 3 year olds,70,31,0.87,no,yes,static-or-hub,BUILD
printable number worksheets for preschool,70,18,0.54,no,yes,gen-number-tracing,BUILD
printable preschool pages,70,40,1.17,no,yes,static-or-hub,BUILD
printable worksheet for kindergarten,70,42,0.94,no,yes,static-or-hub,LATER-highKD
printable worksheets for 5 year olds,70,60,1.0,no,yes,static-or-hub,LATER-highKD
printables and worksheets,70,41,0.94,yes,yes,static-or-hub,LATER-highKD
printables worksheet,70,59,1.05,no,yes,static-or-hub,LATER-highKD
printing activities,70,40,1.48,yes,yes,static-or-hub,BUILD
printing activities for preschoolers,70,34,0.84,yes,yes,static-or-hub,BUILD
printouts for kids,70,58,0.0,no,yes,static-or-hub,LATER-highKD
q preschool worksheets,70,11,0.0,no,yes,static-or-hub,BUILD
q worksheet preschool,70,13,0.0,no,yes,static-or-hub,BUILD
q worksheets for preschool,70,14,0.0,no,yes,static-or-hub,BUILD
querida abby worksheet answer key,70,13,0.0,no,no,static-or-hub,BUILD
rhyming preschool worksheets,70,10,0.38,no,yes,static-or-hub,BUILD
rhyming worksheet preschool,70,12,0.39,no,yes,static-or-hub,BUILD
s preschool worksheets,70,17,0.0,no,yes,static-or-hub,BUILD
s worksheets for preschool,70,11,0.0,no,yes,static-or-hub,BUILD
science for preschoolers worksheets,70,23,0.75,no,yes,static-or-hub,BUILD
season worksheets for preschool,70,14,0.0,no,yes,static-or-hub,BUILD
sequencing worksheets preschool,70,17,0.0,no,yes,static-or-hub,BUILD
shapes worksheets for preschool pdf,70,14,0.62,no,yes,gen-prewriting-lines,BUILD
snow worksheets preschool,70,6,0.0,no,yes,static-or-hub,BUILD
space worksheets for preschoolers,70,17,1.07,no,yes,static-or-hub,BUILD
square preschool worksheets,70,15,0.0,no,yes,static-or-hub,BUILD
square worksheet for preschoolers,70,6,0.0,no,yes,static-or-hub,BUILD
star worksheet preschool,70,18,0.0,no,yes,static-or-hub,BUILD
star worksheets for preschool,70,18,0.0,no,yes,static-or-hub,BUILD
subtraction worksheets for preschool,70,6,1.01,no,yes,static-or-hub,BUILD
t worksheet preschool,70,14,0.0,no,yes,static-or-hub,BUILD
t worksheets for preschool,70,14,0.0,no,yes,static-or-hub,BUILD
teacher pay teacher free printables,70,37,0.4,no,no,static-or-hub,BUILD
teacher printables worksheets,70,46,1.07,no,yes,static-or-hub,LATER-highKD
tlc worksheets,70,4,0.0,no,yes,static-or-hub,BUILD
toddler learning printables,70,27,0.0,no,yes,static-or-hub,BUILD
toddler learning worksheets,70,37,0.0,no,yes,static-or-hub,BUILD
twinkl free worksheets,70,33,1.06,no,yes,static-or-hub,BUILD
valentine worksheet for preschool,70,13,0.0,no,yes,static-or-hub,BUILD
valentine's day worksheets preschool,70,3,0.0,no,yes,static-or-hub,BUILD
valentines day worksheet preschool,70,10,0.0,no,yes,static-or-hub,BUILD
valentines day worksheets preschool,70,10,0.0,no,yes,static-or-hub,BUILD
vpk homework,70,39,1.27,no,yes,static-or-hub,BUILD
water worksheet preschool,70,13,0.0,no,yes,static-or-hub,BUILD
water worksheets for preschoolers,70,12,0.0,no,yes,static-or-hub,BUILD
weather preschool worksheets,70,17,0.47,no,yes,static-or-hub,BUILD
weather worksheet preschool,70,16,0.47,no,yes,static-or-hub,BUILD
work pages for preschool,70,42,1.03,no,yes,static-or-hub,LATER-highKD
worksheet activity,70,51,0.95,no,yes,static-or-hub,LATER-highKD
worksheet exercises,70,57,0.0,no,yes,static-or-hub,LATER-highKD
worksheet for 3 year olds,70,21,0.84,no,yes,static-or-hub,BUILD
worksheet for 4 year old,70,38,0.0,no,yes,static-or-hub,BUILD
worksheet for free,70,59,0.86,no,yes,static-or-hub,LATER-highKD
worksheet for pre k,70,44,0.86,no,yes,static-or-hub,LATER-highKD
worksheet on opposites for preschool,70,11,0.29,no,yes,static-or-hub,BUILD
worksheet print,70,62,0.85,no,yes,static-or-hub,LATER-highKD
worksheet printouts,70,64,0.94,no,yes,static-or-hub,LATER-highKD
worksheet websites,70,59,1.08,no,yes,static-or-hub,LATER-highKD
worksheets clipart,70,21,0.0,no,yes,static-or-hub,BUILD
worksheets for 8 year olds,70,42,1.11,no,yes,static-or-hub,LATER-highKD
worksheets for homeschool,70,17,1.84,no,yes,static-or-hub,BUILD
worksheets for kindergarten free printable,70,45,0.78,no,yes,static-or-hub,LATER-highKD
worksheets for letter h preschool,70,9,0.78,no,yes,gen-letter-tracing,BUILD
worksheets in preschool,70,27,1.03,yes,yes,static-or-hub,BUILD
worksheets kindergarten free,70,50,1.0,no,yes,static-or-hub,LATER-highKD
worksheets on plants for preschoolers,70,10,0.65,no,yes,static-or-hub,BUILD
worksheets printable,70,64,0.85,no,yes,static-or-hub,LATER-highKD
worksheetsplus,70,66,0.0,no,no,static-or-hub,LATER-highKD
workshhet,70,66,1.0,yes,yes,static-or-hub,LATER-highKD
writing worksheets for nursery,70,20,0.81,no,yes,static-or-hub,BUILD
zoo worksheets for preschoolers,70,3,0.0,no,yes,static-or-hub,BUILD
zoo worksheets preschool,70,18,0.0,no,yes,static-or-hub,BUILD
a b c practice worksheets,70,21,0.85,no,no,static-or-hub,BUILD
a b c sheet,70,23,0.68,yes,no,static-or-hub,BUILD
a b c writing,70,31,1.31,no,yes,static-or-hub,BUILD
a b c writing practice,70,18,0.75,no,yes,static-or-hub,BUILD
a to z worksheets,70,19,0.0,no,yes,static-or-hub,BUILD
abc games printable,70,3,0.0,no,yes,gen-letter-tracing,BUILD
abc latters,70,50,0.0,yes,yes,gen-letter-tracing,LATER-highKD
abc mouse letters,70,27,0.0,no,yes,gen-letter-tracing,BUILD
abc page printable,70,20,0.63,no,yes,gen-letter-tracing,BUILD
abc print out sheet,70,32,1.02,no,yes,gen-letter-tracing,BUILD
abc printables pdf,70,24,0.0,no,yes,gen-letter-tracing,BUILD
abc printing worksheets,70,27,1.03,no,yes,gen-letter-tracing,BUILD
abc templates free,70,30,0.47,no,no,gen-letter-tracing,BUILD
abc with pictures printable,70,28,0.0,no,yes,gen-letter-tracing,BUILD
abc worksheets kindergarten,70,23,1.03,no,yes,gen-letter-tracing,BUILD
abc's printable,70,27,3.39,no,yes,gen-letter-tracing,BUILD
alpahbet worksheet,70,43,0.85,no,yes,static-or-hub,LATER-highKD
alphabet and sounds worksheets,70,8,0.59,no,yes,gen-letter-tracing,BUILD
alphabet color worksheet,70,8,0.88,no,yes,gen-letter-tracing,BUILD
alphabet cut and paste worksheets,70,6,0.0,no,yes,gen-letter-tracing,BUILD
alphabet fill in the blank,70,22,0.0,no,yes,gen-letter-tracing,BUILD
alphabet for writing,70,37,0.64,no,yes,gen-letter-tracing,BUILD
alphabet games to print,70,11,0.0,yes,yes,gen-letter-tracing,BUILD
alphabet images printable,70,28,0.57,no,yes,gen-letter-tracing,BUILD
alphabet learning worksheets,70,28,0.85,no,yes,gen-letter-tracing,BUILD
alphabet letter activities,70,19,0.0,yes,yes,gen-letter-tracing,BUILD
alphabet letter hunt worksheets,70,8,0.0,no,yes,gen-letter-tracing,BUILD
alphabet letter search worksheets,70,27,0.0,no,no,gen-letter-tracing,BUILD
alphabet letter to print,70,26,0.81,no,yes,gen-letter-tracing,BUILD
alphabet lettered,70,33,0.0,yes,yes,gen-letter-tracing,BUILD
alphabet letters writing practice sheets,70,26,0.77,yes,no,gen-letter-tracing,BUILD
alphabet letters writing worksheets,70,20,0.72,no,yes,gen-letter-tracing,BUILD
alphabet pictures to print,70,28,0.0,no,yes,gen-letter-tracing,BUILD
alphabet print out sheets,70,33,0.0,no,yes,gen-letter-tracing,BUILD
alphabet printable letters free,70,27,0.9,no,yes,gen-letter-tracing,BUILD
alphabet printable sheets,70,37,0.0,no,yes,gen-letter-tracing,BUILD
alphabet printables pdf,70,41,0.0,no,yes,gen-letter-tracing,LATER-highKD
alphabet recognition worksheets for kindergarten,70,18,0.31,no,yes,gen-letter-tracing,BUILD
alphabet review printables,70,30,0.19,no,no,gen-letter-tracing,BUILD
alphabet template printable,70,27,0.0,no,yes,gen-letter-tracing,BUILD
alphabet with pictures printable,70,28,0.0,no,yes,gen-letter-tracing,BUILD
alphabet workbook,70,12,0.64,no,yes,gen-letter-tracing,BUILD
alphabet writing for preschoolers,70,30,0.52,no,yes,gen-letter-tracing,BUILD
alphabet writing practice printable,70,24,0.77,no,yes,gen-letter-tracing,BUILD
alphabet writing practice worksheets pdf free,70,19,1.2,no,yes,gen-letter-tracing,BUILD
alphabet writing printable,70,34,0.67,no,yes,gen-letter-tracing,BUILD
alphabets to print,70,29,0.0,no,yes,static-or-hub,BUILD
alphbet letters,70,35,0.44,yes,yes,gen-letter-tracing,BUILD
american sign language alphabet worksheet,70,13,0.6,no,yes,gen-letter-tracing,BUILD
aplphabet letters,70,46,0.0,yes,yes,gen-letter-tracing,LATER-highKD
arabic alphabet writing practice worksheets,70,11,0.0,no,yes,gen-letter-tracing,BUILD
asl alphabet worksheet,70,8,0.6,no,yes,gen-letter-tracing,BUILD
atoz worksheets,70,16,0.0,no,no,static-or-hub,BUILD
braille alphabet worksheet,70,10,1.09,no,yes,gen-letter-tracing,BUILD
capital letter a printable,70,15,0.0,no,yes,gen-letter-tracing,BUILD
cursive alphabet worksheets pdf,70,14,0.0,no,yes,gen-cursive-practice,BUILD
cursive handwriting worksheets alphabet,70,23,0.59,no,yes,gen-cursive-practice,BUILD
cut and paste letters worksheets,70,3,0.69,no,yes,gen-letter-tracing,BUILD
fill in missing alphabet worksheets,70,10,0.0,no,yes,gen-letter-tracing,BUILD
fill in the missing letters of the alphabet worksheet,70,9,0.0,no,yes,gen-letter-tracing,BUILD
find the letter i worksheet,70,24,0.81,no,yes,gen-letter-tracing,BUILD
free abc printable worksheets,70,40,0.75,no,yes,gen-letter-tracing,BUILD
free abc worksheets,70,39,0.64,no,yes,gen-letter-tracing,BUILD
free alphabet,70,34,0.68,no,yes,gen-letter-tracing,BUILD
free alphabet templates printable,70,25,0.0,no,yes,gen-letter-tracing,BUILD
free beginning sound worksheets,70,10,0.29,no,yes,static-or-hub,BUILD
free letter a printable,70,24,0.88,no,yes,gen-letter-tracing,BUILD
free letter m printables,70,7,0.0,no,yes,gen-letter-tracing,BUILD
free lowercase alphabet printables,70,6,0.0,no,yes,gen-letter-tracing,BUILD
free printable alphabet letter template,70,24,0.77,no,yes,gen-letter-tracing,BUILD
free printable alphabet template,70,24,0.0,no,yes,gen-letter-tracing,BUILD
free printable beginner kindergarten alphabet worksheets,70,22,0.0,no,yes,gen-letter-tracing,BUILD
free printable letter recognition worksheets,70,17,0.64,no,yes,gen-letter-tracing,BUILD
greek alphabet worksheet,70,13,0.0,no,yes,gen-letter-tracing,BUILD
handwriting practice alphabet,70,28,0.64,no,yes,gen-letter-tracing,BUILD
identify letters worksheet,70,11,0.66,no,yes,gen-letter-tracing,BUILD
k letter template,70,8,0.0,no,yes,gen-letter-tracing,BUILD
k letter worksheet,70,10,0.98,no,yes,gen-letter-tracing,BUILD
kindergarten free printable worksheets alphabet,70,22,0.74,no,yes,gen-letter-tracing,BUILD
kindergarten letter recognition worksheets,70,9,0.66,no,yes,gen-letter-tracing,BUILD
kindergarten letter s worksheets,70,13,0.88,no,yes,gen-letter-tracing,BUILD
kindergarten letter writing,70,22,1.01,no,yes,gen-letter-tracing,BUILD
kindergarten letters and sounds worksheets,70,8,0.75,no,yes,gen-letter-tracing,BUILD
kindergarten worksheets free printables alphabets,70,23,0.98,no,yes,static-or-hub,BUILD
kindergarten writing worksheets alphabet,70,25,0.54,no,yes,gen-letter-tracing,BUILD
korean alphabet worksheets,70,12,1.51,no,yes,gen-letter-tracing,BUILD
learning letters preschool,70,29,2.34,yes,yes,gen-letter-tracing,BUILD
letter 2 worksheets,70,24,0.0,no,yes,gen-letter-tracing,BUILD
letter a kindergarten,70,22,1.64,no,yes,gen-letter-tracing,BUILD
letter a practice worksheet,70,27,0.79,no,yes,gen-letter-tracing,BUILD
letter a worksheet printable,70,21,0.82,no,yes,gen-letter-tracing,BUILD
letter a worksheets for 3 year olds,70,18,1.08,no,yes,gen-letter-tracing,BUILD
letter a worksheets free,70,22,0.63,no,yes,gen-letter-tracing,BUILD
letter alphabet tracing,70,18,0.75,no,yes,gen-letter-tracing,BUILD
letter for kindergarten,70,21,0.0,yes,yes,gen-letter-tracing,BUILD
letter games printable,70,11,0.0,no,yes,gen-letter-tracing,BUILD
letter i free printable worksheets,70,16,0.96,no,yes,gen-letter-tracing,BUILD
letter ii worksheets,70,17,0.0,no,yes,gen-letter-tracing,BUILD
letter of the week printables,70,18,0.8,yes,yes,gen-letter-tracing,BUILD
letter pages,70,31,0.0,no,yes,gen-letter-tracing,BUILD
letter practice for kindergarten,70,25,1.31,no,yes,gen-letter-tracing,BUILD
letter practice kindergarten,70,19,1.31,no,yes,gen-letter-tracing,BUILD
letter recognition worksheets pdf free download,70,22,0.84,no,yes,gen-letter-tracing,BUILD
letter review preschool,70,2,1.04,no,yes,gen-letter-tracing,BUILD
letter s practice sheet,70,14,0.89,no,yes,gen-letter-tracing,BUILD
letter search worksheet,70,8,0.0,no,yes,gen-letter-tracing,BUILD
letter sound identification worksheets,70,10,0.36,no,yes,gen-letter-tracing,BUILD
letter to alphabet,70,51,0.0,no,no,gen-letter-tracing,LATER-highKD
letter writing practice worksheets,70,22,0.77,no,yes,gen-letter-tracing,BUILD
letter writing printables,70,40,0.0,no,yes,gen-letter-tracing,BUILD
letters kindergarten,70,22,1.36,no,yes,gen-letter-tracing,BUILD
mock letters,70,5,0.0,yes,yes,gen-letter-tracing,BUILD
ordering the alphabet worksheets,70,8,0.0,no,yes,gen-letter-tracing,BUILD
practice abc sheets,70,21,0.85,no,no,gen-letter-tracing,BUILD
practice abc worksheets,70,,0.85,no,yes,gen-letter-tracing,LATER-highKD
practice letter s,70,14,1.07,no,yes,gen-letter-tracing,BUILD
practice letters,70,13,1.04,no,yes,gen-letter-tracing,BUILD
practice letters worksheet,70,19,0.79,no,yes,gen-letter-tracing,BUILD
practice to write alphabet letters,70,24,0.75,no,yes,gen-letter-tracing,BUILD
practice writing alphabet letters worksheets,70,29,0.77,no,yes,gen-letter-tracing,BUILD
practicing abc worksheets,70,24,0.85,no,yes,gen-letter-tracing,BUILD
practicing alphabet worksheets,70,20,0.85,no,yes,gen-letter-tracing,BUILD
practicing the alphabet worksheets,70,24,0.85,no,yes,gen-letter-tracing,BUILD
preschool letter a,70,27,0.0,no,yes,gen-letter-tracing,BUILD
preschool letter writing,70,24,0.52,no,yes,gen-letter-tracing,BUILD
print alphabet letters free,70,26,0.72,no,yes,gen-letter-tracing,BUILD
print out of alphabet letters,70,28,0.89,no,yes,gen-letter-tracing,BUILD
printable alphabet games,70,19,0.49,no,yes,gen-letter-tracing,BUILD
printable alphabet sheet,70,28,0.86,no,yes,gen-letter-tracing,BUILD
printable alphabet template,70,27,0.44,no,yes,gen-letter-tracing,BUILD
printable letter pictures,70,18,0.57,no,no,gen-letter-tracing,BUILD
printable letters for preschool,70,29,1.25,no,yes,gen-letter-tracing,BUILD
printable letters of the alphabet with pictures,70,29,0.57,no,yes,gen-letter-tracing,BUILD
printable letters with pictures,70,30,0.57,no,yes,gen-letter-tracing,BUILD
printable pictures of letters of the alphabet,70,37,0.57,yes,yes,gen-letter-tracing,BUILD
printable pictures of the alphabet,70,32,0.57,no,yes,gen-letter-tracing,BUILD
review letters for preschool,70,4,1.04,yes,yes,gen-letter-tracing,BUILD
spanish alphabet worksheet,70,6,1.4,no,yes,gen-letter-tracing,BUILD
uppercase alphabet worksheet,70,8,0.0,no,yes,gen-letter-tracing,BUILD
uppercase alphabet worksheets,70,1,0.0,no,yes,gen-letter-tracing,BUILD
worksheets for kindergarten writing alphabet,70,26,0.72,no,yes,gen-letter-tracing,BUILD
write alphabet letters,70,49,0.0,no,yes,gen-letter-tracing,LATER-highKD
write letter a worksheet,70,20,0.72,no,yes,gen-letter-tracing,BUILD
write letters worksheet,70,20,0.72,no,yes,gen-letter-tracing,BUILD
writing a letter worksheet,70,15,0.66,no,yes,gen-letter-tracing,BUILD
writing abc practice sheets,70,33,0.73,yes,no,gen-letter-tracing,BUILD
writing letters of the alphabet for preschoolers,70,29,0.73,no,no,gen-letter-tracing,BUILD
writing practice of alphabet,70,26,0.75,no,yes,gen-letter-tracing,BUILD
written alphabet letters,70,48,0.0,no,yes,gen-letter-tracing,LATER-highKD
a to z cursive handwriting worksheets,70,15,0.65,no,yes,gen-cursive-practice,BUILD
beginner cursive worksheets,70,24,0.81,no,yes,gen-cursive-practice,BUILD
beginners cursive,70,21,0.35,no,yes,gen-cursive-practice,BUILD
beginning cursive worksheets,70,11,0.81,no,yes,gen-cursive-practice,BUILD
best words to write in cursive,70,22,0.0,yes,yes,gen-cursive-practice,BUILD
blank cursive handwriting sheets,70,26,0.0,no,no,gen-cursive-practice,BUILD
blank cursive writing worksheets,70,25,0.0,no,no,gen-cursive-practice,BUILD
coloring page writing,70,10,0.0,no,yes,static-or-hub,BUILD
cruise writing,70,56,0.0,yes,yes,static-or-hub,LATER-highKD
crusive alphabet,70,56,0.46,yes,yes,gen-letter-tracing,LATER-highKD
curisve writing,70,56,0.0,yes,yes,static-or-hub,LATER-highKD
currsive writing,70,50,0.05,no,yes,static-or-hub,LATER-highKD
cursive a printable,70,7,0.55,no,yes,gen-cursive-practice,BUILD
cursive alaphabet,70,47,0.46,yes,yes,gen-cursive-practice,LATER-highKD
cursive alphabet chart printable free,70,18,0.0,no,yes,gen-cursive-practice,BUILD
cursive capital letters worksheet,70,11,0.0,no,yes,gen-cursive-practice,BUILD
cursive cheat sheet,70,24,0.0,no,yes,gen-cursive-practice,BUILD
cursive drawing letters,70,44,0.0,no,yes,gen-cursive-practice,LATER-highKD
cursive exercise sheets,70,29,0.54,no,yes,gen-cursive-practice,BUILD
cursive fonts pdf,70,22,1.76,yes,yes,gen-cursive-practice,BUILD
cursive for 3rd graders,70,14,0.47,no,yes,gen-cursive-practice,BUILD
cursive handwritin,70,46,0.22,yes,yes,gen-cursive-practice,LATER-highKD
cursive handwriting free,70,34,0.31,no,yes,gen-cursive-practice,BUILD
cursive handwriting generator free,70,33,0.0,no,no,gen-cursive-practice,BUILD
cursive handwriting lessons,70,13,1.63,no,yes,gen-cursive-practice,BUILD
cursive handwriting practice worksheets free,70,24,0.28,no,yes,gen-cursive-practice,BUILD
cursive handwriting worksheets sentences,70,21,0.0,no,yes,gen-cursive-practice,BUILD
cursive handwritting,70,54,0.52,yes,yes,gen-cursive-practice,LATER-highKD
cursive learning font,70,22,0.0,no,yes,gen-cursive-practice,BUILD
cursive letter chart printable,70,26,0.0,no,yes,gen-cursive-practice,BUILD
cursive letter practice pdf,70,10,0.0,no,yes,gen-cursive-practice,BUILD
cursive letter worksheets free,70,36,0.4,no,yes,gen-cursive-practice,BUILD
cursive letter worksheets pdf,70,12,0.0,no,yes,gen-cursive-practice,BUILD
cursive letters practice pdf,70,4,0.0,no,yes,gen-cursive-practice,BUILD
cursive letters printable worksheet,70,35,0.79,no,yes,gen-cursive-practice,BUILD
cursive letters worksheet pdf,70,4,0.0,no,yes,gen-cursive-practice,BUILD
cursive letters worksheet printable,70,19,0.53,no,yes,gen-cursive-practice,BUILD
cursive m worksheet,70,16,0.0,no,yes,gen-cursive-practice,BUILD
cursive name generator practice,70,17,0.0,no,yes,gen-cursive-name,BUILD
cursive names generator,70,44,0.01,no,no,gen-cursive-practice,LATER-highKD
cursive note taking,70,24,0.0,no,yes,gen-cursive-practice,BUILD
cursive page,70,37,0.0,no,yes,gen-cursive-practice,BUILD
cursive paper practice,70,14,0.35,no,yes,gen-cursive-practice,BUILD
cursive pdf worksheets,70,15,0.0,no,yes,gen-cursive-practice,BUILD
cursive practice adults,70,19,0.29,no,yes,gen-cursive-practice,BUILD
cursive practice alphabet,70,32,0.66,no,yes,gen-cursive-practice,BUILD
cursive practice handwriting,70,16,0.0,no,yes,gen-cursive-practice,BUILD
cursive practive,70,30,0.0,no,yes,gen-cursive-practice,BUILD
cursive print handwriting,70,24,0.0,yes,yes,gen-cursive-practice,BUILD
cursive sentence generator,70,45,0.0,no,yes,gen-cursive-practice,LATER-highKD
cursive sentence practice sheets,70,20,0.0,no,yes,gen-cursive-practice,BUILD
cursive sentence practice worksheets,70,21,0.0,no,yes,gen-cursive-practice,BUILD
cursive sentence writing worksheets,70,22,0.28,no,yes,gen-cursive-practice,BUILD
cursive sentences practice sheets,70,32,0.0,no,yes,gen-cursive-practice,BUILD
cursive template for names,70,14,0.0,no,yes,gen-cursive-practice,BUILD
cursive training,70,20,1.12,no,yes,gen-cursive-practice,BUILD
cursive word practice,70,23,0.0,no,yes,gen-cursive-practice,BUILD
cursive word practice worksheets,70,34,0.0,no,yes,gen-cursive-practice,BUILD
cursive words practice sheets,70,18,0.0,no,yes,gen-cursive-practice,BUILD
cursive work sheet,70,29,0.54,no,yes,gen-cursive-practice,BUILD
cursive write your name,70,23,0.0,no,yes,gen-cursive-name,BUILD
cursive writing alphabet practice,70,25,0.66,no,yes,gen-cursive-practice,BUILD
cursive writing blank practice sheets,70,24,0.0,no,yes,gen-cursive-practice,BUILD
cursive writing for 4th graders,70,17,0.46,no,yes,gen-cursive-practice,BUILD
cursive writing in pdf,70,15,0.0,no,yes,gen-cursive-practice,BUILD
cursive writing learning,70,24,0.52,no,yes,gen-cursive-practice,BUILD
cursive writing lettering,70,60,0.27,no,yes,gen-cursive-practice,LATER-highKD
cursive writing practice generator,70,26,0.0,no,yes,gen-cursive-practice,BUILD
cursive writing practice pdf,70,6,0.0,yes,yes,gen-cursive-practice,BUILD
cursive writing practice printables,70,27,0.58,no,yes,gen-cursive-practice,BUILD
cursive writing templates,70,11,0.47,no,yes,gen-cursive-practice,BUILD
cursive writing text,70,50,0.01,no,yes,gen-cursive-practice,LATER-highKD
custom cursive practice sheets,70,12,0.0,no,yes,gen-cursive-practice,BUILD
daily handwriting practice manuscript pdf,70,8,0.0,yes,no,gen-name-tracing,BUILD
downloadable free printable cursive alphabet pdf,70,30,0.0,yes,yes,gen-cursive-practice,BUILD
english handwriting cursive writing,70,44,0.0,no,yes,gen-cursive-practice,LATER-highKD
examples in cursive,70,50,0.0,no,yes,gen-cursive-practice,LATER-highKD
fancy cursive handwriting worksheets,70,31,0.0,no,yes,gen-cursive-practice,BUILD
free cursive handwriting,70,12,0.31,no,yes,gen-cursive-practice,BUILD
free cursive handwriting worksheets printable,70,,0.0,no,no,gen-cursive-practice,LATER-highKD
free practice cursive writing worksheets,70,,0.4,no,no,gen-cursive-practice,LATER-highKD
free printable cursive,70,27,0.62,no,yes,gen-cursive-practice,BUILD
free printable cursive alphabet letters,70,21,0.0,no,yes,gen-cursive-practice,BUILD
guide in cursive,70,8,0.0,no,yes,gen-cursive-practice,BUILD
hand writing books,70,28,0.41,no,yes,static-or-hub,BUILD
hand writing cursive,70,66,0.54,no,yes,gen-cursive-practice,LATER-highKD
handwriting cursive free,70,19,0.31,no,yes,gen-cursive-practice,BUILD
handwriting cursive sheets,70,23,0.38,no,yes,gen-cursive-practice,BUILD
handwriting cursive worksheets,70,18,0.36,no,yes,gen-cursive-practice,BUILD
handwriting practice sheets cursive,70,10,0.36,no,yes,gen-cursive-practice,BUILD
handwriting without tears cursive pdf free,70,8,0.0,no,no,gen-cursive-practice,BUILD
handwriting without tears practice sheets,70,7,0.35,no,yes,gen-name-tracing,BUILD
handwritng practice,70,37,0.47,no,no,static-or-hub,BUILD
how do you write a cursive,70,19,0.72,no,yes,gen-cursive-practice,BUILD
how to learn cursive for adults,70,21,0.32,yes,yes,SKIP-explainer,SKIP-AIO-explainer
how to practice writing cursive,70,29,0.47,yes,yes,SKIP-explainer,SKIP-AIO-explainer
how to practice writing in cursive,70,17,0.47,yes,yes,SKIP-explainer,SKIP-AIO-explainer
how to write cursive sentences,70,17,0.0,no,yes,SKIP-explainer,SKIP-AIO-explainer
how to write cursive words,70,45,0.0,yes,yes,SKIP-explainer,SKIP-AIO-explainer
how to write in cursive quickly,70,18,0.0,yes,yes,SKIP-explainer,SKIP-AIO-explainer
how to write in cursive sentences,70,,0.0,yes,yes,SKIP-explainer,SKIP-AIO-explainer
how to write in script handwriting,70,17,0.0,yes,no,gen-name-tracing,BUILD
how to write with in cursive,70,28,0.63,yes,yes,SKIP-explainer,SKIP-AIO-explainer
k5 learning handwriting worksheets,70,26,0.0,no,yes,gen-name-tracing,BUILD
learning cursive writing worksheets,70,19,0.66,no,yes,gen-cursive-practice,BUILD
make cursive handwriting worksheets,70,24,0.0,yes,no,gen-cursive-practice,BUILD
make cursive words,70,46,0.09,no,no,gen-cursive-practice,LATER-highKD
name in script,70,50,0.0,yes,no,static-or-hub,LATER-highKD
penmanship workbook,70,17,0.32,no,yes,static-or-hub,BUILD
perfect cursive handwriting,70,43,0.0,no,yes,gen-cursive-practice,LATER-highKD
perfect cursive writing,70,30,0.0,yes,yes,gen-cursive-practice,BUILD
practical cursive,70,31,0.51,no,yes,gen-cursive-practice,BUILD
practice cursive signature,70,6,0.0,no,yes,gen-cursive-practice,BUILD
practice cursive writing name,70,9,0.0,no,yes,gen-cursive-name,BUILD
practice writing cursive sentences,70,17,0.0,no,yes,gen-cursive-practice,BUILD
practice writing cursive worksheets,70,27,0.44,no,yes,gen-cursive-practice,BUILD
pre cursive handwriting,70,19,0.0,yes,yes,gen-cursive-practice,BUILD
printable cursive alphabet free,70,32,0.6,no,yes,gen-cursive-practice,BUILD
printable cursive fonts,70,30,0.0,no,yes,gen-cursive-practice,BUILD
printable cursive practice sheets pdf,70,10,0.0,yes,yes,gen-cursive-practice,BUILD
printable cursive writing worksheet,70,23,0.79,no,yes,gen-cursive-practice,BUILD
printable handwriting worksheets cursive,70,21,0.53,no,yes,gen-cursive-practice,BUILD
review in cursive,70,22,0.0,no,yes,gen-cursive-practice,BUILD
service in cursive,70,61,0.0,no,yes,gen-cursive-practice,LATER-highKD
start in cursive,70,41,0.0,yes,yes,gen-cursive-practice,LATER-highKD
terry in cursive,70,18,0.0,yes,yes,gen-cursive-practice,BUILD
trace cursive writing worksheets,70,27,0.0,no,yes,gen-cursive-practice,BUILD
tracing letters in cursive,70,22,0.65,no,yes,gen-cursive-practice,BUILD
very in cursive,70,23,0.0,no,yes,gen-cursive-practice,BUILD
walk in cursive,70,9,0.0,yes,yes,gen-cursive-practice,BUILD
williams cursive,70,21,0.0,no,yes,gen-cursive-practice,BUILD
words in cursive writing,70,55,0.05,no,yes,gen-cursive-practice,LATER-highKD
write names in cursive,70,53,0.1,no,yes,gen-cursive-name,LATER-highKD
writing cursive letter,70,74,0.27,no,yes,gen-cursive-practice,LATER-highKD
writing worksheets pdf,70,28,0.0,no,yes,static-or-hub,BUILD
you in cursive writing,70,27,0.0,no,yes,gen-cursive-practice,BUILD
zaner bloser handwriting pdf,70,4,1.51,no,yes,gen-name-tracing,BUILD
zaner bloser handwriting sheets,70,20,1.78,no,no,gen-name-tracing,BUILD
zaner bloser handwriting worksheets,70,4,1.78,no,yes,gen-name-tracing,BUILD
1000 dot to dot cities,70,23,0.27,no,no,gen-dot-to-dot,BUILD
advanced dot to dots,70,13,0.0,no,yes,gen-dot-to-dot,BUILD
christmas connect the dots free printable,70,4,0.0,no,yes,gen-dot-to-dot,BUILD
christmas dot to dots printable,70,4,0.0,no,yes,gen-dot-to-dot,BUILD
christmas join the dots printables,70,4,0.0,yes,yes,static-or-hub,BUILD
connect dots christmas printables,70,7,0.0,no,yes,static-or-hub,BUILD
connect dots for adults,70,23,0.36,no,yes,static-or-hub,BUILD
connect dots letters,70,17,0.43,no,yes,gen-letter-tracing,BUILD
connect the dot coloring pages,70,16,0.69,no,yes,static-or-hub,BUILD
connect the dot pictures,70,10,0.0,no,yes,static-or-hub,BUILD
connect the dots art,70,12,0.0,no,yes,gen-dot-to-dot,BUILD
connect the dots artwork,70,13,0.0,no,yes,gen-dot-to-dot,BUILD
connect the dots christmas printables,70,3,0.0,no,no,gen-dot-to-dot,BUILD
connect the dots drawings,70,16,0.0,no,yes,gen-dot-to-dot,BUILD
connect the dots hello kitty,70,0,0.0,no,yes,gen-dot-to-dot,BUILD
connect the dots printable 1-100,70,8,1.16,no,no,gen-dot-to-dot,BUILD
connect the dots printable for kids,70,11,0.0,no,yes,gen-dot-to-dot,BUILD
connect the dots sonic,70,15,0.0,no,yes,gen-dot-to-dot,BUILD
connect the dots summer,70,1,0.0,no,yes,gen-dot-to-dot,BUILD
connect the dots to 1000,70,19,0.0,no,yes,gen-dot-to-dot,BUILD
connect the dots worksheets for kindergarten,70,11,0.0,no,yes,gen-dot-to-dot,BUILD
connect the numbers,70,12,0.0,no,yes,static-or-hub,BUILD
connecting dots coloring pages,70,15,0.69,no,yes,static-or-hub,BUILD
connecting dots numbers 1 100,70,6,0.0,no,yes,static-or-hub,BUILD
connecting dots worksheets,70,15,1.22,no,yes,static-or-hub,BUILD
count the dots worksheets,70,12,0.0,no,yes,static-or-hub,BUILD
counting dots worksheets,70,4,0.0,no,yes,gen-number-tracing,BUILD
create your own dot to dot,70,2,0.0,no,no,gen-dot-to-dot,BUILD
difficult mystery color by number printable,70,15,0.0,no,yes,static-or-hub,BUILD
disney connect the dots,70,9,0.0,no,yes,gen-dot-to-dot,BUILD
dot coloring pages printable,70,5,0.0,no,yes,static-or-hub,BUILD
dot dot dot picture,70,21,0.0,no,yes,static-or-hub,BUILD
dot paint pages,70,1,0.0,no,yes,static-or-hub,BUILD
dot painting sheets,70,4,0.0,no,yes,static-or-hub,BUILD
dot pictures for kids,70,4,0.0,no,yes,static-or-hub,BUILD
dot sticker printables free,70,3,0.0,no,yes,static-or-hub,BUILD
dot to dot activities printable,70,6,1.32,no,yes,gen-dot-to-dot,BUILD
dot to dot big,70,17,0.0,no,yes,gen-dot-to-dot,BUILD
dot to dot by numbers,70,6,0.58,no,yes,gen-dot-to-dot,BUILD
dot to dot extreme printable,70,4,0.0,no,yes,gen-dot-to-dot,BUILD
dot to dot for 1st graders,70,9,0.0,no,yes,gen-dot-to-dot,BUILD
dot to dot for kindergarten,70,7,1.27,no,yes,gen-dot-to-dot,BUILD
dot to dot free printable,70,20,0.0,no,yes,gen-dot-to-dot,BUILD
dot to dot number sheets,70,11,0.0,no,yes,gen-dot-to-dot,BUILD
dot to dot pages for kindergarten,70,6,0.0,no,yes,gen-dot-to-dot,BUILD
dot to dot printables 1 100 free,70,10,0.0,no,yes,gen-dot-to-dot,BUILD
dot to dot printables 1-100 free,70,13,0.0,no,no,gen-dot-to-dot,BUILD
dot to dot printables 1-200,70,18,0.0,no,no,gen-dot-to-dot,BUILD
dot to dot printables for kindergarten,70,8,1.72,no,yes,gen-dot-to-dot,BUILD
dot to dot printables kindergarten,70,4,1.72,no,yes,gen-dot-to-dot,BUILD
dot to dot puzzles for adults,70,10,0.51,no,yes,gen-dot-to-dot,BUILD
dot to dot sheets free printable,70,8,0.0,no,yes,gen-dot-to-dot,BUILD
dot to dot with 1000 dots,70,19,0.0,no,yes,gen-dot-to-dot,BUILD
dot to dot worksheets pdf free download,70,16,0.0,no,yes,gen-dot-to-dot,BUILD
dot to dots for adults,70,10,0.33,no,yes,gen-dot-to-dot,BUILD
dots by numbers,70,16,0.26,yes,yes,static-or-hub,BUILD
dots joining pictures,70,21,0.0,no,yes,static-or-hub,BUILD
dots print,70,14,5.85,no,yes,static-or-hub,BUILD
dots with lines,70,23,0.0,yes,yes,gen-prewriting-lines,BUILD
dotted animals,70,12,0.83,yes,yes,static-or-hub,BUILD
extreme connect the dot,70,8,0.33,no,yes,static-or-hub,BUILD
extreme dot to dot books for adults,70,6,0.15,no,yes,gen-dot-to-dot,BUILD
extreme dot to dot free printable,70,6,0.0,no,yes,gen-dot-to-dot,BUILD
extreme dot to dot oceans,70,14,0.0,no,yes,gen-dot-to-dot,BUILD
free connect the dot printables,70,11,1.47,no,yes,static-or-hub,BUILD
free connect the dots coloring pages,70,12,0.0,no,yes,gen-dot-to-dot,BUILD
free connect the dots pages,70,31,1.17,no,yes,gen-dot-to-dot,BUILD
free connect the dots printable,70,16,1.15,no,yes,gen-dot-to-dot,BUILD
free dot,70,28,4.65,yes,no,static-or-hub,BUILD
free dots,70,18,3.46,no,yes,static-or-hub,BUILD
free extreme dot to dot,70,9,0.0,no,yes,gen-dot-to-dot,BUILD
free printable christmas dot to dot for adults,70,7,0.0,no,yes,gen-dot-to-dot,BUILD
free printable connect the dots worksheets,70,15,0.0,no,yes,gen-dot-to-dot,BUILD
free printable dot to dot pages,70,10,0.0,no,yes,gen-dot-to-dot,BUILD
free printable dot to dot sheets,70,8,0.0,no,yes,gen-dot-to-dot,BUILD
free printable dot to dot worksheets,70,11,0.0,no,yes,gen-dot-to-dot,BUILD
free printable join the dots worksheets,70,14,0.0,no,yes,static-or-hub,BUILD
hello kitty connect the dots,70,2,0.0,no,no,gen-dot-to-dot,BUILD
join the dots images,70,20,0.0,no,yes,static-or-hub,BUILD
join the dots pictures,70,15,0.0,no,yes,static-or-hub,BUILD
join the dots worksheets for kindergarten,70,6,0.0,no,yes,static-or-hub,BUILD
make your own connect the dots,70,6,0.0,no,no,gen-dot-to-dot,BUILD
make your own dot to dot,70,8,0.0,no,no,gen-dot-to-dot,BUILD
mindware connect the dots,70,16,0.0,no,yes,gen-dot-to-dot,BUILD
mindware dot to dot,70,16,0.0,no,yes,gen-dot-to-dot,BUILD
number dot to dot 1 10,70,5,0.0,no,yes,gen-dot-to-dot,BUILD
number dot to dot worksheets,70,12,0.0,no,yes,gen-dot-to-dot,BUILD
number dot worksheets,70,3,0.0,no,yes,gen-number-tracing,BUILD
numbers connect the dots,70,13,0.0,no,yes,gen-dot-to-dot,BUILD
pdf connect the dots,70,17,0.0,no,yes,gen-dot-to-dot,BUILD
pictures of connect the dots,70,18,0.0,no,yes,gen-dot-to-dot,BUILD
printable christmas connect the dots,70,8,0.0,no,yes,gen-dot-to-dot,BUILD
printable connect the dots christmas,70,3,0.0,no,yes,gen-dot-to-dot,BUILD
printable connect the dots for kids,70,6,0.0,no,yes,gen-dot-to-dot,BUILD
printable dot coloring pages,70,5,0.0,no,yes,static-or-hub,BUILD
printable dot to dot extreme,70,4,0.0,no,yes,gen-dot-to-dot,BUILD
printable dot to dot game,70,14,0.0,no,yes,gen-dot-to-dot,BUILD
printable dot to dots extreme,70,8,0.0,no,yes,gen-dot-to-dot,BUILD
printed dots,70,13,0.0,no,yes,static-or-hub,BUILD
skip counting connect the dots,70,0,0.22,no,yes,gen-dot-to-dot,BUILD
spongebob dot to dot,70,20,0.0,no,yes,gen-dot-to-dot,BUILD
summer connect the dots,70,0,0.0,no,yes,gen-dot-to-dot,BUILD
things with dots,70,27,0.0,yes,yes,static-or-hub,BUILD
wedding connect the dots,70,19,0.0,no,yes,gen-dot-to-dot,BUILD
wedding dot to dot,70,15,0.0,no,yes,gen-dot-to-dot,BUILD
with dots,70,15,0.0,yes,yes,static-or-hub,BUILD
worksheet dot to dot,70,12,0.0,no,yes,gen-dot-to-dot,BUILD
xmas dot to dot printables,70,3,0.0,no,yes,gen-dot-to-dot,BUILD
1 100 tracing worksheets free,50,,0.0,no,no,static-or-hub,LATER-highKD
1 20 number tracing worksheets,50,,0.0,no,yes,gen-number-tracing,LATER-highKD
1-10 tracing worksheet,50,13,0.72,no,no,gen-number-tracing,BUILD
4th grade handwriting worksheets,50,20,0.0,no,yes,gen-name-tracing,BUILD
a to z tracing trace letter,50,21,0.0,no,yes,gen-letter-tracing,BUILD
a-z tracing worksheets,50,22,0.0,no,no,gen-letter-tracing,BUILD
abc tracing free printables,50,21,0.67,no,yes,gen-letter-tracing,BUILD
alphabet dotted lines worksheet pdf,50,,0.0,no,yes,gen-letter-tracing,LATER-highKD
alphabet letter tracing paper,50,16,0.38,no,no,gen-letter-tracing,BUILD
alphabet letter tracing worksheets,50,18,1.12,no,yes,gen-letter-tracing,BUILD
alphabet trace letters,50,19,0.76,no,yes,gen-letter-tracing,BUILD
alphabet trace worksheets,50,21,0.89,no,yes,gen-letter-tracing,BUILD
alphabet tracing kindergarten,50,9,0.96,no,yes,gen-letter-tracing,BUILD
alphabet tracing practice sheets,50,17,0.87,no,yes,gen-letter-tracing,BUILD
alphabet tracing worksheets free,50,12,0.58,no,yes,gen-letter-tracing,BUILD
and writing practice,50,40,1.71,no,no,static-or-hub,BUILD
apple tracing worksheets,50,6,0.0,no,yes,static-or-hub,BUILD
arabic alphabet tracing worksheets,50,21,0.0,no,yes,gen-letter-tracing,BUILD
arabic letter tracing worksheet,50,20,0.0,no,yes,gen-letter-tracing,BUILD
big letter tracing,50,18,0.0,no,yes,gen-letter-tracing,BUILD
blank writing practice worksheet,50,20,0.0,no,yes,static-or-hub,BUILD
block letters trace,50,17,0.0,no,yes,gen-letter-tracing,BUILD
capital letters tracing,50,1,0.0,no,yes,gen-letter-tracing,BUILD
capital letters tracing sheets,50,5,0.76,no,yes,gen-letter-tracing,BUILD
car tracing worksheet,50,7,0.0,no,yes,static-or-hub,BUILD
control tracing,50,5,0.0,yes,yes,static-or-hub,BUILD
copy the paragraph worksheet,50,6,0.0,no,yes,static-or-hub,BUILD
copying paragraph worksheets,50,11,0.0,no,yes,static-or-hub,BUILD
creatable printables,50,35,0.0,no,yes,static-or-hub,BUILD
create free printables,50,31,0.0,no,yes,static-or-hub,BUILD
create handwriting practice sheets,50,26,0.23,yes,no,gen-name-tracing,BUILD
create name printables,50,27,0.0,no,no,gen-name-tracing,BUILD
create printables free,50,31,0.0,no,yes,static-or-hub,BUILD
create your own handwriting worksheets,50,21,0.0,no,yes,gen-name-tracing,BUILD
createprintables name tracing,50,26,0.0,no,no,gen-name-tracing,BUILD
creative printables name tracing,50,23,0.0,no,yes,gen-name-tracing,BUILD
creativeprintables,50,39,0.0,no,yes,static-or-hub,BUILD
cursive name tracing generator free,50,10,0.0,no,no,gen-cursive-name,BUILD
cursive writing traceable worksheets,50,28,0.0,no,yes,gen-cursive-practice,BUILD
customizable handwriting worksheets,50,16,0.25,no,yes,gen-name-tracing,BUILD
cylinder tracing worksheet,50,2,0.0,no,yes,static-or-hub,BUILD
daily handwriting practice pdf free printable,50,35,0.0,no,yes,gen-name-tracing,BUILD
dot tracing,50,29,1.58,no,yes,static-or-hub,BUILD
dotted cursive name tracing,50,16,0.0,yes,yes,gen-cursive-name,BUILD
dotted names for tracing,50,18,0.23,no,yes,gen-name-tracing,BUILD
dotted worksheets for kindergarten,50,14,1.72,no,yes,static-or-hub,BUILD
editable cursive name practice,50,10,0.0,no,yes,gen-cursive-name,BUILD
editable name practice,50,31,0.12,no,yes,gen-name-tracing,BUILD
editable name writing practice,50,27,0.12,no,yes,gen-name-tracing,BUILD
elegant handwriting practice sheets,50,19,0.0,no,yes,gen-name-tracing,BUILD
fine motor tracing,50,7,0.0,yes,yes,static-or-hub,BUILD
fine motor tracing worksheets,50,12,0.0,no,yes,static-or-hub,BUILD
free abc tracing printables,50,20,0.67,no,yes,gen-letter-tracing,BUILD
free editable name tracing worksheets,50,22,0.23,no,yes,gen-name-tracing,BUILD
free handwriting name practice sheets,50,28,0.25,yes,yes,gen-name-tracing,BUILD
free handwriting pages printable,50,31,0.78,no,no,gen-name-tracing,BUILD
free kindergarten handwriting worksheets,50,24,0.58,no,yes,gen-name-tracing,BUILD
free letter tracing worksheets for preschool,50,13,1.06,no,yes,gen-letter-tracing,BUILD
free letter writing printables,50,25,0.58,no,yes,gen-letter-tracing,BUILD
free name printable,50,20,0.26,no,yes,gen-name-tracing,BUILD
free name printing worksheets,50,26,0.38,no,yes,static-or-hub,BUILD
free name tracing templates,50,14,0.32,no,yes,gen-name-tracing,BUILD
free name tracing worksheets printable,50,17,0.69,no,yes,gen-name-tracing,BUILD
free pre k tracing worksheets,50,20,0.83,no,yes,static-or-hub,BUILD
free printable handwriting practice paper,50,24,0.0,no,yes,gen-name-tracing,BUILD
free printable large tracing letters,50,16,0.0,no,yes,gen-letter-tracing,BUILD
free printable letter k,50,0,0.0,no,yes,gen-letter-tracing,BUILD
free printable name sheets,50,17,0.38,no,yes,gen-name-tracing,BUILD
free printable name worksheets,50,17,0.38,no,yes,gen-name-tracing,BUILD
free printable preschool worksheets tracing shapes,50,18,0.0,no,yes,gen-prewriting-lines,BUILD
free printable trace letters printable,50,19,0.0,no,yes,gen-letter-tracing,BUILD
free printable trace name worksheet,50,15,0.69,no,yes,gen-name-tracing,BUILD
free printable tracing letters worksheets,50,18,0.71,no,yes,gen-letter-tracing,BUILD
free printable tracing name worksheets,50,11,0.2,no,yes,gen-name-tracing,BUILD
free printable writing sheets,50,32,1.08,no,yes,static-or-hub,BUILD
free printing practice worksheets,50,27,1.06,no,yes,static-or-hub,BUILD
free traceable name,50,9,0.33,no,no,gen-name-tracing,BUILD
free tracing,50,34,0.0,no,yes,static-or-hub,BUILD
free tracing name,50,9,0.81,no,yes,gen-name-tracing,BUILD
free tracing numbers worksheets,50,21,0.79,no,yes,gen-number-tracing,BUILD
generate tracing worksheets,50,33,0.37,no,yes,static-or-hub,BUILD
h tracing worksheet,50,9,0.0,no,yes,static-or-hub,BUILD
hand writing practice for kids,50,32,0.0,no,yes,static-or-hub,BUILD
hand writing practice sheets for adults,50,25,0.27,no,yes,static-or-hub,BUILD
hand writing print,50,31,0.57,no,yes,static-or-hub,BUILD
hand writing sheets,50,35,0.86,no,yes,static-or-hub,BUILD
hand writing template,50,28,0.56,no,yes,static-or-hub,BUILD
handwriting exercise,50,29,0.32,yes,yes,gen-name-tracing,BUILD
handwriting free printable worksheets,50,28,0.78,no,yes,gen-name-tracing,BUILD
handwriting generator worksheet,50,33,0.51,no,no,gen-name-tracing,BUILD
handwriting name practice generator,50,23,0.0,no,no,gen-name-tracing,BUILD
handwriting name practice sheets free,50,19,0.25,no,no,gen-name-tracing,BUILD
handwriting name worksheet generator,50,26,0.0,no,no,gen-name-tracing,BUILD
handwriting pack,50,29,0.1,no,yes,gen-name-tracing,BUILD
handwriting practice 4th grade,50,24,0.0,no,yes,gen-name-tracing,BUILD
handwriting practice alphabet printables,50,27,0.7,no,yes,gen-letter-tracing,BUILD
handwriting practice book pdf free download for adults,50,23,0.0,no,no,gen-name-tracing,BUILD
handwriting practice free printable,50,39,0.55,no,yes,gen-name-tracing,BUILD
handwriting practice handwriting sentences to copy,50,17,0.0,no,yes,gen-name-tracing,BUILD
handwriting practice letter s,50,16,0.0,no,yes,gen-letter-tracing,BUILD
handwriting practice sheets kindergarten,50,17,0.58,no,yes,gen-name-tracing,BUILD
handwriting practice sheets pdf free,50,39,0.0,yes,yes,gen-name-tracing,BUILD
handwriting practice.net,50,36,0.0,no,no,gen-name-tracing,BUILD
handwriting practices,50,31,0.47,yes,yes,gen-name-tracing,BUILD
handwriting pratice sheets,50,32,0.5,no,yes,gen-name-tracing,BUILD
handwriting sheet pdf,50,23,0.84,no,yes,gen-name-tracing,BUILD
handwriting sheets for preschoolers,50,10,0.86,no,yes,gen-name-tracing,BUILD
handwriting sheets preschool,50,22,0.86,no,yes,gen-name-tracing,BUILD
handwriting without tears name practice,50,12,0.0,no,yes,gen-name-tracing,BUILD
handwriting words practice,50,41,1.21,no,yes,gen-word-tracing,LATER-highKD
handwriting work sheets,50,32,0.74,no,yes,gen-name-tracing,BUILD
handwriting worksheet creator,50,19,0.93,no,no,gen-name-tracing,BUILD
handwriting worksheet pdf,50,29,0.67,no,yes,gen-name-tracing,BUILD
handwriting worksheets create your own,50,17,0.0,yes,no,gen-name-tracing,BUILD
handwriting worksheets for 4th graders,50,17,0.47,no,yes,gen-name-tracing,BUILD
handwriting worksheets for free,50,26,0.6,no,yes,gen-name-tracing,BUILD
handwritting practice sheets,50,34,0.57,no,yes,static-or-hub,BUILD
hiragana tracing worksheets,50,,0.0,no,no,static-or-hub,LATER-highKD
horizontal line trace,50,6,0.0,no,yes,gen-prewriting-lines,BUILD
i can write my name worksheet free,50,14,0.34,no,yes,gen-name-tracing,BUILD
igloo tracing,50,4,0.0,no,yes,static-or-hub,BUILD
improving handwriting worksheets,50,29,0.81,no,yes,gen-name-tracing,BUILD
ink tracing printables free pdf,50,19,0.0,no,yes,static-or-hub,BUILD
kindergarten alphabet tracing worksheets,50,9,0.0,no,yes,gen-letter-tracing,BUILD
kindergarten handwriting worksheet,50,21,0.55,no,yes,gen-name-tracing,BUILD
kindergarten handwriting worksheets free,50,20,0.58,no,yes,gen-name-tracing,BUILD
kindergarten letter worksheet,50,30,0.88,no,yes,gen-letter-tracing,BUILD
kindergarten name writing practice,50,2,0.15,no,yes,gen-name-tracing,BUILD
kindergarten printable large tracing letters,50,14,0.0,no,yes,gen-letter-tracing,BUILD
kindergarten tracing sheets,50,29,1.06,no,yes,static-or-hub,BUILD
kindergarten worksheets tracing,50,25,0.0,no,yes,static-or-hub,BUILD
learning to write name worksheets,50,15,0.38,no,yes,gen-name-tracing,BUILD
letter a for tracing,50,14,0.77,no,yes,gen-letter-tracing,BUILD
letter c tracing worksheet,50,7,0.0,no,yes,gen-letter-tracing,BUILD
letter d worksheets tracing,50,,0.0,no,no,gen-letter-tracing,LATER-highKD
letter formation sheet,50,14,0.47,no,yes,gen-letter-tracing,BUILD
letter i tracing sheet,50,10,0.89,no,yes,gen-letter-tracing,BUILD
letter j tracing worksheet,50,9,0.0,no,yes,gen-letter-tracing,BUILD
letter k printable free,50,0,0.0,no,yes,gen-letter-tracing,BUILD
letter k printable worksheets,50,6,0.0,no,yes,gen-letter-tracing,BUILD
letter k tracing worksheet,50,2,0.0,no,yes,gen-letter-tracing,BUILD
letter tracers for preschool,50,13,0.9,no,yes,gen-letter-tracing,BUILD
letter tracing activity,50,16,0.0,no,yes,gen-letter-tracing,BUILD
letter tracing free printable,50,14,0.8,no,yes,gen-letter-tracing,BUILD
letter tracing free worksheets,50,19,0.73,no,yes,gen-letter-tracing,BUILD
letter tracing online,50,15,1.37,no,no,gen-letter-tracing,BUILD
letter tracing practice sheets,50,26,1.03,no,yes,gen-letter-tracing,BUILD
letter tracing worksheets kindergarten,50,9,1.22,no,yes,gen-letter-tracing,BUILD
letter tracing worksheets pdf free download for kindergarten,50,7,0.84,no,yes,gen-letter-tracing,BUILD
letter v tracing worksheet,50,6,0.0,no,yes,gen-letter-tracing,BUILD
letters for preschoolers to trace,50,20,0.91,no,yes,gen-letter-tracing,BUILD
line tracing for preschoolers,50,12,0.82,no,yes,gen-prewriting-lines,BUILD
line tracing practice,50,10,0.0,no,yes,gen-prewriting-lines,BUILD
line tracing worksheets for preschoolers,50,8,0.78,no,yes,gen-prewriting-lines,BUILD
lower case letter tracing worksheets,50,8,0.73,no,yes,gen-letter-tracing,BUILD
lower case letters to trace,50,8,0.89,no,yes,gen-letter-tracing,BUILD
lowercase alphabet trace,50,16,0.29,no,yes,gen-letter-tracing,BUILD
lowercase letter a tracing worksheets,50,12,0.0,no,yes,gen-letter-tracing,BUILD
lowercase letters trace,50,16,0.0,no,yes,gen-letter-tracing,BUILD
lowercase letters tracing sheets,50,,0.0,no,no,gen-letter-tracing,LATER-highKD
lowercase tracing worksheets,50,9,1.23,no,yes,static-or-hub,BUILD
make name worksheets,50,,0.18,no,yes,static-or-hub,LATER-highKD
my name template,50,27,0.0,no,yes,static-or-hub,BUILD
my name worksheet,50,14,0.0,no,yes,static-or-hub,BUILD
name dotted tracing,50,15,0.23,no,no,gen-name-tracing,BUILD
name generator for preschool,50,14,0.1,no,yes,static-or-hub,BUILD
name generator handwriting practice,50,15,0.0,no,yes,gen-name-tracing,BUILD
name handwriting,50,19,0.0,no,yes,gen-name-tracing,BUILD
name papers,50,15,0.0,no,yes,static-or-hub,BUILD
name practice editable,50,31,0.09,no,yes,gen-name-tracing,BUILD
name practice sheet,50,13,0.39,no,yes,gen-name-tracing,BUILD
name practice worksheet,50,22,0.27,no,yes,gen-name-tracing,BUILD
name printing worksheets,50,24,0.3,no,yes,static-or-hub,BUILD
name templates for preschool,50,15,0.36,no,yes,static-or-hub,BUILD
name trace sheets,50,24,0.37,no,yes,gen-name-tracing,BUILD
name tracing activities,50,19,0.0,no,yes,gen-name-tracing,BUILD
name tracing and writing,50,22,0.0,no,yes,gen-name-tracing,BUILD
name tracing generator free printable,50,15,0.0,no,yes,gen-name-tracing,BUILD
name tracing page,50,15,0.24,no,yes,gen-name-tracing,BUILD
name tracing worksheet printable,50,13,0.34,no,yes,gen-name-tracing,BUILD
name tracing worksheets preschool,50,16,0.26,no,yes,gen-name-tracing,BUILD
name tracing worksheets with lines,50,22,0.0,no,yes,gen-name-tracing,BUILD
name worksheets for preschoolers,50,21,0.43,no,yes,static-or-hub,BUILD
name writing for preschoolers,50,11,0.12,no,yes,gen-name-tracing,BUILD
name writing paper,50,12,0.38,no,yes,gen-name-tracing,BUILD
name writing practice editable,50,27,0.14,no,yes,gen-name-tracing,BUILD
name writing practice for preschoolers,50,10,0.12,no,yes,gen-name-tracing,BUILD
name writing practice sheets free printable,50,23,0.0,no,yes,gen-name-tracing,BUILD
name writing templates,50,28,0.27,no,yes,gen-name-tracing,BUILD
name writing worksheets kindergarten,50,7,0.39,no,yes,gen-name-tracing,BUILD
number 10 tracing worksheet,50,12,0.0,no,yes,gen-number-tracing,BUILD
number 14 tracing worksheet,50,3,0.0,no,yes,gen-number-tracing,BUILD
number 6 tracing worksheet,50,15,0.0,no,yes,gen-number-tracing,BUILD
number 9 tracing worksheet,50,17,0.0,no,yes,gen-number-tracing,BUILD
number tracing worksheet 1-10,50,19,0.55,no,no,gen-number-tracing,BUILD
number tracing worksheets 6 10,50,25,0.0,no,yes,gen-number-tracing,BUILD
numbers 1-10 tracing worksheets,50,14,0.33,no,no,gen-number-tracing,BUILD
numbers tracing worksheets pdf,50,22,0.0,no,yes,gen-number-tracing,BUILD
nursery writing worksheets,50,29,0.77,no,yes,static-or-hub,BUILD
paragraph copying worksheets,50,9,0.0,no,yes,static-or-hub,BUILD
penmanship paper template,50,22,0.0,no,yes,static-or-hub,BUILD
personalized name tracing,50,21,0.32,no,yes,gen-name-tracing,BUILD
personalized name tracing worksheets,50,22,0.76,no,yes,gen-name-tracing,BUILD
practice name for preschoolers,50,7,0.16,yes,yes,gen-name-tracing,BUILD
practice name generator,50,14,0.0,no,no,gen-name-tracing,BUILD
practice printing sheets,50,25,0.56,no,yes,static-or-hub,BUILD
practice tracing letters pdf,50,17,0.0,no,yes,gen-letter-tracing,BUILD
practice writing paper printable,50,15,0.0,no,yes,static-or-hub,BUILD
practice writing your name,50,30,0.15,no,yes,gen-name-tracing,BUILD
practice writing your name worksheet,50,29,0.25,no,yes,gen-name-tracing,BUILD
practice writting name,50,,0.25,no,yes,gen-name-tracing,LATER-highKD
practise writing your name,50,11,0.15,no,yes,gen-name-tracing,BUILD
pre handwriting sheets,50,8,0.35,no,yes,gen-name-tracing,BUILD
pre k letter trace printables,50,26,0.88,no,no,gen-letter-tracing,BUILD
pre k number tracing worksheets,50,16,0.0,no,yes,gen-number-tracing,BUILD
pre k trace worksheets,50,26,0.9,no,yes,static-or-hub,BUILD
preschool abc tracing sheet,50,23,0.0,no,yes,gen-letter-tracing,BUILD
preschool name generator,50,9,0.1,no,no,static-or-hub,BUILD
preschool name tracing template,50,13,0.34,no,yes,gen-name-tracing,BUILD
preschool name writing printables,50,24,0.25,no,yes,gen-name-tracing,BUILD
preschool practice name writing sheets,50,22,0.25,no,no,gen-name-tracing,BUILD
preschool tracing worksheets free,50,31,0.88,no,yes,static-or-hub,BUILD
preschool worksheets name tracing,50,13,0.26,no,yes,gen-name-tracing,BUILD
print handwriting practice sheets for adults,50,19,0.0,no,yes,gen-name-tracing,BUILD
print name template,50,33,0.0,no,yes,static-or-hub,BUILD
print number tracing worksheets,50,,0.94,no,no,gen-number-tracing,LATER-highKD
print trace,50,24,0.0,no,yes,static-or-hub,BUILD
print trace letters,50,26,0.86,no,yes,gen-letter-tracing,BUILD
printable abc tracing letters,50,12,0.83,no,yes,gen-letter-tracing,BUILD
printable alphabet tracing worksheets,50,13,0.67,no,yes,gen-letter-tracing,BUILD
printable dotted letters,50,11,0.0,no,yes,gen-letter-tracing,BUILD
printable free handwriting worksheets,50,29,0.78,no,yes,gen-name-tracing,BUILD
printable letters to trace,50,16,0.95,no,yes,gen-letter-tracing,BUILD
printable name tracing paper,50,22,0.39,no,yes,gen-name-tracing,BUILD
printable pdf tracing worksheets,50,11,1.11,no,yes,static-or-hub,BUILD
printable trace sheets,50,38,0.99,no,no,static-or-hub,BUILD
printable trace your name worksheets,50,10,0.37,yes,no,gen-name-tracing,BUILD
printable tracing name worksheets,50,23,0.37,no,yes,gen-name-tracing,BUILD
printable tracing straight lines worksheets,50,7,0.0,no,yes,gen-prewriting-lines,BUILD
printable tracing words,50,26,0.57,no,yes,gen-word-tracing,BUILD
printable tracing worksheets for kindergarten,50,11,0.0,no,yes,static-or-hub,BUILD
printable worksheets for writing,50,33,1.13,no,yes,static-or-hub,BUILD
printing letter worksheets,50,12,0.9,no,yes,gen-letter-tracing,BUILD
printing name template,50,24,0.0,no,yes,static-or-hub,BUILD
printing worksheet,50,39,1.08,no,yes,static-or-hub,BUILD
r tracing worksheet,50,12,0.0,no,yes,static-or-hub,BUILD
ray tracing worksheet,50,11,0.0,yes,yes,static-or-hub,BUILD
summer tracing worksheets,50,8,0.0,no,yes,static-or-hub,BUILD
superstar worksheets letters,50,21,0.0,no,yes,gen-letter-tracing,BUILD
superstar worksheets name tracing,50,28,0.0,no,yes,gen-name-tracing,BUILD
superstar worksheets preschool,50,34,0.0,no,yes,static-or-hub,BUILD
tracable letters,50,20,0.75,no,yes,gen-letter-tracing,BUILD
trace a word,50,16,0.0,yes,no,gen-word-tracing,BUILD
trace alphabets,50,21,0.78,no,yes,static-or-hub,BUILD
trace handwriting,50,25,0.0,no,yes,gen-name-tracing,BUILD
trace lines preschool,50,9,0.94,no,yes,gen-prewriting-lines,BUILD
trace lines worksheets,50,8,0.7,no,yes,gen-prewriting-lines,BUILD
trace my name free printable,50,22,0.25,no,yes,gen-name-tracing,BUILD
trace shapes preschool,50,19,0.9,no,yes,gen-prewriting-lines,BUILD
trace the words printables,50,21,0.0,no,yes,gen-word-tracing,BUILD
trace words printable,50,29,0.57,no,yes,gen-word-tracing,BUILD
trace worksheet generator,50,35,0.37,no,yes,static-or-hub,BUILD
trace your name free printable,50,27,0.08,no,yes,gen-name-tracing,BUILD
trace your name printable free,50,15,0.08,no,yes,gen-name-tracing,BUILD
traceable a,50,16,0.0,no,yes,gen-name-tracing,BUILD
traceable alphabet worksheets for preschoolers,50,20,0.79,no,no,gen-letter-tracing,BUILD
traceable letter worksheets free,50,18,0.67,no,no,gen-letter-tracing,BUILD
traceable lowercase letters,50,14,0.57,no,yes,gen-letter-tracing,BUILD
tracer maker,50,13,0.0,no,no,static-or-hub,BUILD
tracing 123 worksheets,50,21,0.0,no,yes,static-or-hub,BUILD
tracing abc printable,50,22,1.0,no,yes,gen-letter-tracing,BUILD
tracing activities for 3 year olds,50,18,0.74,no,yes,static-or-hub,BUILD
tracing activities for kindergarten,50,16,0.66,yes,yes,static-or-hub,BUILD
tracing activity preschool,50,11,1.34,no,yes,static-or-hub,BUILD
tracing alphabet letters for preschoolers,50,24,0.9,no,yes,gen-letter-tracing,BUILD
tracing alphabet lowercase worksheets,50,5,0.0,no,yes,gen-letter-tracing,BUILD
tracing alphabet pdf,50,16,0.59,no,yes,gen-letter-tracing,BUILD
tracing and writing alphabet,50,24,0.4,no,yes,gen-letter-tracing,BUILD
tracing apple worksheet,50,8,0.0,no,yes,static-or-hub,BUILD
tracing arabic letters worksheets,50,19,0.0,no,yes,gen-letter-tracing,BUILD
tracing circle worksheets,50,4,0.0,no,yes,static-or-hub,BUILD
tracing clipart,50,17,0.0,no,yes,static-or-hub,BUILD
tracing for pre k,50,18,1.38,no,yes,static-or-hub,BUILD
tracing handwriting practice,50,37,0.0,no,yes,gen-name-tracing,BUILD
tracing heart worksheet,50,9,0.0,no,yes,static-or-hub,BUILD
tracing letter i worksheets free,50,5,0.67,no,yes,gen-letter-tracing,BUILD
tracing letters abc,50,15,0.77,no,yes,gen-letter-tracing,BUILD
tracing letters numbers,50,19,0.69,no,yes,gen-number-tracing,BUILD
tracing letters worksheets printable,50,8,0.65,no,yes,gen-letter-tracing,BUILD
tracing line worksheet,50,17,0.7,no,yes,gen-prewriting-lines,BUILD
tracing lines for toddlers,50,11,0.0,no,yes,gen-prewriting-lines,BUILD
tracing lowercase alphabet worksheets,50,9,0.0,no,yes,gen-letter-tracing,BUILD
tracing maker,50,12,0.0,no,yes,static-or-hub,BUILD
tracing name for preschoolers,50,27,0.29,no,yes,gen-name-tracing,BUILD
tracing name pages,50,,0.24,no,yes,gen-name-tracing,LATER-highKD
tracing number 6 worksheet,50,,0.0,no,no,gen-number-tracing,LATER-highKD
tracing numbers 1 100 worksheets pdf,50,19,0.0,no,yes,gen-number-tracing,BUILD
tracing numbers 1 5 worksheet,50,18,0.0,no,yes,gen-number-tracing,BUILD
tracing pages for toddlers,50,13,0.0,no,yes,static-or-hub,BUILD
tracing papers,50,23,0.72,no,yes,static-or-hub,BUILD
tracing pictures printables,50,12,0.0,no,yes,static-or-hub,BUILD
tracing pictures to print,50,7,0.0,no,yes,static-or-hub,BUILD
tracing practice for preschool,50,15,0.68,no,yes,static-or-hub,BUILD
tracing practice preschool,50,23,0.68,no,yes,static-or-hub,BUILD
tracing practice worksheet,50,42,0.78,no,yes,static-or-hub,LATER-highKD
tracing sentences worksheets pdf free download,50,18,0.68,no,yes,static-or-hub,BUILD
tracing sight words worksheets,50,11,0.86,no,yes,gen-word-tracing,BUILD
tracing straight lines worksheets preschool,50,7,0.78,yes,yes,gen-prewriting-lines,BUILD
tracing template,50,33,0.58,no,yes,static-or-hub,BUILD
tracing the word,50,17,0.0,no,yes,gen-word-tracing,BUILD
tracing triangle worksheet,50,6,0.0,no,yes,static-or-hub,BUILD
tracing word generator,50,11,0.28,no,no,gen-word-tracing,BUILD
tracing worksheet preschool,50,19,0.96,no,yes,static-or-hub,BUILD
tracing worksheets for preschool free,50,20,0.79,no,yes,static-or-hub,BUILD
tracing worksheets for toddlers,50,20,0.0,no,yes,static-or-hub,BUILD
tracing worksheets generator,50,35,0.37,no,yes,static-or-hub,BUILD
twisty noodle letters,50,12,0.0,no,yes,gen-letter-tracing,BUILD
uppercase tracing letters,50,1,0.98,no,yes,gen-letter-tracing,BUILD
w tracing worksheet,50,9,0.0,no,yes,static-or-hub,BUILD
word trace worksheet,50,27,0.63,no,yes,gen-word-tracing,BUILD
word tracing printables,50,27,0.0,no,yes,gen-word-tracing,BUILD
worksheet tracing numbers 1-20,50,20,0.0,no,no,gen-number-tracing,BUILD
worksheet writing,50,36,1.11,no,yes,static-or-hub,BUILD
worksheets com handwriting,50,33,0.0,no,no,gen-name-tracing,BUILD
write a worksheet,50,37,1.11,yes,yes,static-or-hub,BUILD
write your name practice,50,31,0.15,no,yes,gen-name-tracing,BUILD
writing handwriting practice,50,46,0.0,no,yes,gen-name-tracing,LATER-highKD
writing name practice worksheets,50,22,0.36,no,yes,gen-name-tracing,BUILD
writing practice preschool worksheet,50,23,0.86,no,no,static-or-hub,BUILD
writing practice printables,50,36,0.5,no,yes,static-or-hub,BUILD
writing practice sheets free,50,30,0.74,yes,yes,static-or-hub,BUILD
writing practice words,50,26,0.0,no,yes,gen-word-tracing,BUILD
writing printable worksheets,50,35,1.13,yes,yes,static-or-hub,BUILD
writing printables,50,37,1.36,no,yes,static-or-hub,BUILD
writing printing,50,23,0.0,no,yes,static-or-hub,BUILD
writing tracing worksheets,50,22,0.78,no,yes,static-or-hub,BUILD
writing work sheets,50,34,1.03,no,yes,static-or-hub,BUILD
writing worksheets blank,50,16,0.64,no,yes,static-or-hub,BUILD
writing worksheets free printable,50,36,1.08,no,yes,static-or-hub,BUILD
writing worksheets printable,50,39,0.91,no,yes,static-or-hub,BUILD
www createprintables,50,34,1.09,yes,yes,static-or-hub,BUILD
1-10 number worksheets for preschool,50,16,0.0,no,no,gen-number-tracing,BUILD
3 year old learning worksheets,50,44,0.0,no,yes,static-or-hub,LATER-highKD
3k worksheets,50,48,0.71,no,yes,static-or-hub,LATER-highKD
4th of july worksheets for preschool,50,6,0.0,no,yes,static-or-hub,BUILD
a worksheet preschool,50,24,0.86,no,yes,static-or-hub,BUILD
abc mouse .com,50,67,1.04,no,no,gen-letter-tracing,LATER-highKD
abc preschool worksheet,50,46,0.88,no,yes,gen-letter-tracing,LATER-highKD
abc worksheet preschool,50,47,0.88,no,yes,gen-letter-tracing,LATER-highKD
abc worksheets for nursery,50,33,0.88,no,yes,gen-letter-tracing,BUILD
academic worksheets,50,56,0.72,no,yes,static-or-hub,LATER-highKD
activities for kids printable,50,31,0.0,no,yes,static-or-hub,BUILD
activity for kindergarten printable,50,54,0.89,no,yes,static-or-hub,LATER-highKD
activity packets,50,8,0.85,no,yes,static-or-hub,BUILD
activity print,50,32,1.56,no,yes,static-or-hub,BUILD
activity sheets for 2 3 year olds,50,11,1.48,no,yes,static-or-hub,BUILD
activity sheets for 7 year olds,50,21,0.84,no,yes,static-or-hub,BUILD
activity sheets for preschoolers,50,47,0.92,no,yes,static-or-hub,LATER-highKD
activity worksheet for kindergarten,50,48,0.93,no,yes,static-or-hub,LATER-highKD
activty sheets,50,48,1.07,yes,no,static-or-hub,LATER-highKD
alphabet mini books printable free,50,2,0.0,no,yes,gen-letter-tracing,BUILD
alphabet sheets preschool,50,37,0.82,no,yes,gen-letter-tracing,BUILD
alphabet worksheet for pre k,50,29,1.06,no,yes,gen-letter-tracing,BUILD
alphabet worksheets for nursery,50,24,0.82,no,yes,gen-letter-tracing,BUILD
alphabet worksheets pre k,50,33,0.92,no,yes,gen-letter-tracing,BUILD
animal worksheets for preschool,50,10,1.14,no,yes,static-or-hub,BUILD
apple preschool activities worksheets,50,1,0.0,no,yes,static-or-hub,BUILD
apple preschool worksheets,50,5,0.0,no,yes,static-or-hub,BUILD
assignment for kindergarten,50,38,1.15,no,yes,static-or-hub,BUILD
beginning sounds preschool worksheets,50,11,0.67,no,yes,static-or-hub,BUILD
big and small preschool worksheets,50,4,0.0,no,yes,static-or-hub,BUILD
big and small worksheet preschool,50,4,0.0,no,yes,static-or-hub,BUILD
big and small worksheets for preschoolers,50,0,0.0,no,yes,static-or-hub,BUILD
big small preschool worksheets,50,4,0.0,no,yes,static-or-hub,BUILD
biggest and smallest worksheets for preschool,50,3,0.0,yes,yes,static-or-hub,BUILD
black worksheets preschool,50,1,0.0,no,yes,static-or-hub,BUILD
blank work sheet,50,52,0.0,no,yes,static-or-hub,LATER-highKD
body parts worksheets for preschool,50,11,0.0,no,yes,static-or-hub,BUILD
body parts worksheets for preschoolers,50,12,0.0,no,yes,static-or-hub,BUILD
building worksheets for preschool,50,14,0.83,no,yes,static-or-hub,BUILD
camping worksheets for preschool,50,2,0.0,no,yes,static-or-hub,BUILD
christian worksheets for preschoolers,50,33,0.72,no,yes,static-or-hub,BUILD
christmas preschool worksheet,50,24,0.0,no,yes,static-or-hub,BUILD
circle preschool worksheet,50,4,0.0,no,yes,static-or-hub,BUILD
classroom activity sheets,50,42,0.7,yes,yes,static-or-hub,LATER-highKD
clothes worksheet for preschool,50,12,0.0,no,yes,static-or-hub,BUILD
clothes worksheet preschool,50,13,0.0,no,yes,static-or-hub,BUILD
clothing worksheet preschool,50,15,0.0,no,yes,static-or-hub,BUILD
color black worksheets for preschoolers,50,6,0.0,no,yes,static-or-hub,BUILD
color blue worksheets for preschoolers,50,4,0.0,no,yes,static-or-hub,BUILD
color preschool worksheets,50,26,1.13,no,yes,static-or-hub,BUILD
coloring letter i worksheets for preschool,50,12,0.0,no,yes,gen-letter-tracing,BUILD
construction worksheets for preschoolers,50,10,0.0,no,yes,static-or-hub,BUILD
construction worksheets preschool,50,11,0.0,no,yes,static-or-hub,BUILD
cut and glue preschool worksheets,50,13,0.0,no,yes,static-or-hub,BUILD
cut and paste pre k worksheets,50,12,0.4,no,yes,static-or-hub,BUILD
cut and paste worksheet preschool,50,,0.8,no,no,static-or-hub,LATER-highKD
daycare activity,50,9,1.25,yes,yes,static-or-hub,BUILD
dr seuss preschool worksheets,50,24,0.29,no,yes,static-or-hub,BUILD
dr seuss worksheets for preschoolers,50,24,0.29,no,yes,static-or-hub,BUILD
earth day worksheet preschool,50,3,0.0,no,yes,static-or-hub,BUILD
easy worksheets for preschoolers,50,48,1.34,no,yes,static-or-hub,LATER-highKD
educational worksheet,50,62,0.79,no,yes,static-or-hub,LATER-highKD
emotions worksheet for preschool,50,,1.25,no,no,static-or-hub,LATER-highKD
english worksheet for kindergarten,50,28,0.81,no,yes,static-or-hub,BUILD
farm animals worksheets for preschool,50,4,0.0,no,yes,static-or-hub,BUILD
farm animals worksheets preschool,50,8,0.0,no,yes,static-or-hub,BUILD
farm preschool worksheets,50,7,0.64,no,yes,static-or-hub,BUILD
feelings preschool worksheet,50,11,0.0,no,yes,static-or-hub,BUILD
find worksheet,50,15,1.94,no,yes,static-or-hub,BUILD
fine motor skills worksheets for preschoolers,50,0,0.69,no,yes,static-or-hub,BUILD
fire safety worksheets for preschoolers,50,2,0.0,no,yes,static-or-hub,BUILD
fire safety worksheets preschool,50,6,0.0,no,yes,static-or-hub,BUILD
first day of kindergarten worksheets,50,13,0.0,no,yes,static-or-hub,BUILD
first day of preschool worksheets,50,22,0.0,no,yes,static-or-hub,BUILD
five senses worksheet for preschoolers,50,10,0.0,no,yes,static-or-hub,BUILD
fraction for preschool worksheets,50,,0.0,no,no,static-or-hub,LATER-highKD
free abc worksheets for preschool,50,42,0.85,no,yes,gen-letter-tracing,LATER-highKD
free alphabet worksheets for preschoolers,50,32,0.71,no,yes,gen-letter-tracing,BUILD
free easter worksheets preschool,50,19,0.34,no,yes,static-or-hub,BUILD
free homeschool printables for kindergarten,50,24,1.38,no,no,static-or-hub,BUILD
free homeschool worksheets for kindergarten,50,27,1.29,no,yes,static-or-hub,BUILD
free k-12 worksheets,50,57,1.17,no,no,static-or-hub,LATER-highKD
free kindergarten learning,50,32,2.8,no,no,static-or-hub,BUILD
free kindergarten worksheet,50,50,1.0,no,yes,static-or-hub,LATER-highKD
free kindergarten worksheets english,50,45,0.0,no,yes,static-or-hub,LATER-highKD
free learning for kindergarten,50,65,2.52,no,no,static-or-hub,LATER-highKD
free learning worksheets,50,53,1.18,no,yes,static-or-hub,LATER-highKD
free math worksheet for preschoolers,50,29,0.58,no,no,static-or-hub,BUILD
free middle school worksheets,50,40,0.0,no,yes,static-or-hub,BUILD
free number worksheets for preschoolers,50,18,0.78,no,yes,gen-number-tracing,BUILD
free online pre k homeschool,50,23,3.59,yes,no,static-or-hub,BUILD
free pre kindergarten worksheets,50,45,0.91,no,yes,static-or-hub,LATER-highKD
free preschool age 3 beginner worksheets for 3 year olds,50,45,0.0,no,yes,static-or-hub,LATER-highKD
free preschool counting worksheets,50,17,0.69,no,yes,gen-number-tracing,BUILD
free preschool curriculum for 4 year olds,50,16,1.39,yes,no,static-or-hub,BUILD
free preschool letter worksheets,50,40,0.76,no,yes,gen-letter-tracing,BUILD
free preschool math worksheets age 3 4,50,27,0.83,no,yes,static-or-hub,BUILD
free preschool worksheets christmas,50,25,0.0,yes,yes,static-or-hub,BUILD
free print worksheets for kindergarten,50,43,0.89,no,yes,static-or-hub,LATER-highKD
free printable activities for 7 year olds,50,30,1.16,no,yes,static-or-hub,BUILD
free printable activity sheets for adults,50,18,0.0,no,yes,static-or-hub,BUILD
free printable apple worksheets preschool,50,7,0.0,no,yes,static-or-hub,BUILD
free printable body parts worksheets for preschool,50,11,0.0,no,yes,static-or-hub,BUILD
free printable color matching worksheets for preschool,50,13,0.0,no,yes,static-or-hub,BUILD
free printable download,50,26,0.88,yes,yes,static-or-hub,BUILD
free printable educational worksheets,50,57,1.58,no,yes,static-or-hub,LATER-highKD
free printable farm worksheets for preschoolers,50,9,0.0,no,yes,static-or-hub,BUILD
free printable learning worksheets,50,51,1.18,no,yes,static-or-hub,LATER-highKD
free printable letter g worksheets for preschoolers,50,8,0.0,no,yes,gen-letter-tracing,BUILD
free printable letter r worksheets for preschool,50,5,0.0,no,yes,gen-letter-tracing,BUILD
free printable math sheets for preschoolers,50,35,0.54,no,yes,static-or-hub,BUILD
free printable number worksheets for preschoolers,50,15,1.15,no,yes,gen-number-tracing,BUILD
free printable pre-k worksheets,50,45,0.92,no,no,static-or-hub,LATER-highKD
free printable preschool abc worksheets,50,34,0.0,no,yes,gen-letter-tracing,BUILD
free printable preschool worksheets letters,50,30,0.0,no,yes,gen-letter-tracing,BUILD
free printable printable kindergarten worksheet,50,47,0.99,no,yes,static-or-hub,LATER-highKD
free printable summer activities for preschoolers,50,10,0.6,no,yes,static-or-hub,BUILD
free printable worksheets for teachers,50,52,0.77,no,yes,static-or-hub,LATER-highKD
free printable worksheets pre k,50,39,1.07,no,yes,static-or-hub,BUILD
free printables for toddlers,50,28,0.0,no,yes,static-or-hub,BUILD
free school printables,50,57,0.0,no,yes,static-or-hub,LATER-highKD
free work pages for kindergarten,50,47,0.87,no,yes,static-or-hub,LATER-highKD
free worksheets pre k,50,50,0.86,no,yes,static-or-hub,LATER-highKD
fun a day.com,50,25,0.0,no,no,static-or-hub,BUILD
fun kids worksheets,50,62,0.0,no,yes,static-or-hub,LATER-highKD
fun kindergarten worksheet,50,54,0.74,no,yes,static-or-hub,LATER-highKD
fun pages,50,29,0.0,no,yes,static-or-hub,BUILD
fun sheets for kids,50,59,0.0,no,yes,static-or-hub,LATER-highKD
fun worksheets for middle school pdf free,50,34,0.0,no,yes,static-or-hub,BUILD
funwithmama,50,33,0.0,no,yes,static-or-hub,BUILD
g worksheets for preschool,50,6,0.0,no,yes,static-or-hub,BUILD
game worksheets,50,21,0.96,no,yes,static-or-hub,BUILD
games worksheets,50,28,0.0,no,yes,static-or-hub,BUILD
getting ready for kindergarten worksheets,50,6,0.76,no,yes,static-or-hub,BUILD
handwriting worksheets for pre k,50,14,0.86,no,yes,gen-name-tracing,BUILD
handwriting worksheets for prek,50,13,0.86,no,no,gen-name-tracing,BUILD
homeschool kindergarten worksheets free,50,31,1.4,no,no,static-or-hub,BUILD
homeschool materials preschool,50,12,1.14,no,no,static-or-hub,BUILD
homework activities for kindergarten,50,0,0.81,yes,yes,static-or-hub,BUILD
homework activities for preschoolers,50,35,0.75,yes,yes,static-or-hub,BUILD
homework sheet for nursery,50,38,0.8,no,yes,static-or-hub,BUILD
homework sheets for preschool,50,48,0.78,no,yes,static-or-hub,LATER-highKD
i worksheet preschool,50,14,0.72,no,yes,static-or-hub,BUILD
insect worksheets for preschoolers,50,15,0.76,no,yes,static-or-hub,BUILD
is k5 kindergarten,50,23,0.0,yes,no,static-or-hub,BUILD
k preschool worksheets,50,7,0.0,no,yes,static-or-hub,BUILD
k-12 free worksheets,50,57,1.17,no,no,static-or-hub,LATER-highKD
k-2 learning,50,34,1.53,no,no,static-or-hub,BUILD
k-5 worksheets free,50,70,0.86,no,no,static-or-hub,LATER-highKD
k1 worksheets,50,54,2.27,no,yes,static-or-hub,LATER-highKD
k12 worksheet,50,63,1.33,no,yes,static-or-hub,LATER-highKD
k2 worksheets,50,66,0.95,no,yes,static-or-hub,LATER-highKD
k8 learning worksheets,50,66,1.15,no,yes,static-or-hub,LATER-highKD
kiddowork,50,25,0.0,no,no,static-or-hub,BUILD
kids activity pages printable,50,21,0.0,no,yes,static-or-hub,BUILD
kids activity printable,50,42,0.0,no,yes,static-or-hub,LATER-highKD
kids activity sheets printable free,50,38,0.0,no,yes,static-or-hub,BUILD
kids fun worksheets,50,50,0.0,no,yes,static-or-hub,LATER-highKD
kids learning worksheets,50,61,0.0,no,yes,static-or-hub,LATER-highKD
kids work sheets,50,70,0.0,no,yes,static-or-hub,LATER-highKD
kindergarten homework ideas,50,7,0.81,yes,yes,static-or-hub,BUILD
kindergarten homework worksheets,50,50,0.84,no,yes,static-or-hub,LATER-highKD
kindergarten materials,50,11,0.8,yes,yes,static-or-hub,BUILD
kindergarten pages,50,58,0.98,no,yes,static-or-hub,LATER-highKD
kindergarten practice,50,44,1.96,no,yes,static-or-hub,LATER-highKD
kindergarten practice pages,50,51,0.93,no,yes,static-or-hub,LATER-highKD
kindergarten printable,50,32,0.99,no,yes,static-or-hub,BUILD
kindergarten printable activity,50,51,0.89,no,yes,static-or-hub,LATER-highKD
kindergarten review sheets,50,10,0.83,no,yes,static-or-hub,BUILD
kindergarten review worksheets,50,28,0.83,no,yes,static-or-hub,BUILD
kindergarten test worksheets,50,13,1.19,no,yes,static-or-hub,BUILD
kindergarten workbook free,50,19,1.0,yes,yes,static-or-hub,BUILD
kindergarten workbooks printable,50,31,1.03,no,yes,static-or-hub,BUILD
kindergarten worksheet free printable,50,42,0.95,no,yes,static-or-hub,LATER-highKD
kindergarten worksheets free to print,50,43,1.01,no,yes,static-or-hub,LATER-highKD
kindergarten worksheets pdf free download english,50,38,0.99,no,yes,static-or-hub,BUILD
kindergarten worksheets reading and writing,50,21,1.06,no,yes,static-or-hub,BUILD
l k g worksheet,50,14,0.0,no,yes,static-or-hub,BUILD
l preschool worksheet,50,11,1.55,no,yes,static-or-hub,BUILD
language worksheets for kindergarten,50,26,0.67,no,yes,static-or-hub,BUILD
leaf worksheets for preschool,50,2,0.0,no,yes,static-or-hub,BUILD
leaf worksheets preschool,50,2,0.0,no,yes,static-or-hub,BUILD
learning activity sheets,50,58,0.94,no,yes,static-or-hub,LATER-highKD
learning for kindergarten free,50,70,2.52,no,yes,static-or-hub,LATER-highKD
leaves worksheet preschool,50,6,0.0,no,yes,static-or-hub,BUILD
lesson plans for preschool free,50,19,1.37,no,yes,static-or-hub,BUILD
letter a worksheet for 2 year olds,50,17,0.94,no,yes,gen-letter-tracing,BUILD
letter e worksheet for preschool,50,11,0.74,no,yes,gen-letter-tracing,BUILD
letter n worksheets preschool,50,14,1.02,no,yes,gen-letter-tracing,BUILD
letter p worksheet preschool,50,3,0.95,no,yes,gen-letter-tracing,BUILD
letter q worksheet for preschool,50,13,0.85,no,yes,gen-letter-tracing,BUILD
letter q worksheets preschool,50,9,0.79,no,yes,gen-letter-tracing,BUILD
letter s preschool worksheet,50,15,1.01,no,yes,gen-letter-tracing,BUILD
letter s worksheet for preschool,50,17,0.95,no,yes,gen-letter-tracing,BUILD
letter u worksheets preschool,50,12,1.22,no,yes,gen-letter-tracing,BUILD
letter v worksheet preschool,50,7,0.0,no,yes,gen-letter-tracing,BUILD
letter w worksheets preschool,50,15,0.0,no,yes,gen-letter-tracing,BUILD
letter worksheets preschool free,50,33,0.71,no,yes,gen-letter-tracing,BUILD
m worksheet preschool,50,13,0.96,no,yes,static-or-hub,BUILD
math free printables,50,61,0.87,no,yes,static-or-hub,LATER-highKD
math preschool worksheet,50,20,0.8,no,yes,static-or-hub,BUILD
math worksheet for preschoolers,50,28,0.8,no,yes,static-or-hub,BUILD
mathematics worksheet for preschool,50,20,0.8,no,yes,static-or-hub,BUILD
maths preschool worksheets,50,11,0.8,no,yes,static-or-hub,BUILD
mom printables,50,14,0.0,no,yes,static-or-hub,BUILD
money preschool worksheets,50,13,0.0,no,yes,static-or-hub,BUILD
money worksheets preschool,50,21,0.0,no,yes,static-or-hub,BUILD
november preschool worksheets,50,6,0.0,no,yes,static-or-hub,BUILD
november worksheets for preschool,50,0,0.0,no,yes,static-or-hub,BUILD
number 10 preschool worksheet,50,14,0.0,no,yes,gen-number-tracing,BUILD
number 10 worksheet preschool,50,16,0.82,no,yes,gen-number-tracing,BUILD
number 10 worksheets for preschoolers,50,19,0.65,yes,yes,gen-number-tracing,BUILD
number 11 preschool worksheet,50,10,0.0,no,yes,gen-number-tracing,BUILD
number 12 worksheet for preschool,50,8,0.0,no,yes,gen-number-tracing,BUILD
number 13 worksheets for preschool,50,9,0.0,no,yes,gen-number-tracing,BUILD
number 15 worksheets for preschoolers,50,8,0.0,no,yes,gen-number-tracing,BUILD
number 18 worksheet for preschool,50,14,0.0,no,yes,gen-number-tracing,BUILD
number 18 worksheets for preschool,50,8,0.0,no,yes,gen-number-tracing,BUILD
number 19 worksheet for preschool,50,3,0.0,no,yes,gen-number-tracing,BUILD
number 21 worksheet for preschool,50,10,0.0,no,yes,gen-number-tracing,BUILD
number 21 worksheets for preschool,50,8,0.0,no,yes,gen-number-tracing,BUILD
number 3 preschool worksheet,50,14,0.0,no,yes,gen-number-tracing,BUILD
number 4 preschool worksheets,50,13,0.0,no,yes,gen-number-tracing,BUILD
number 8 worksheets for preschoolers,50,16,0.0,no,yes,gen-number-tracing,BUILD
number 9 worksheets preschool,50,16,0.0,no,yes,gen-number-tracing,BUILD
number two worksheets for preschoolers,50,12,0.0,no,yes,gen-number-tracing,BUILD
number worksheets for preschool 1-10,50,25,0.0,no,no,gen-number-tracing,BUILD
numbers 1-10 worksheets for preschool,50,20,0.0,no,no,gen-number-tracing,BUILD
nursery worksheets for 3 year olds,50,47,1.01,no,yes,static-or-hub,LATER-highKD
opposite worksheets preschool,50,12,0.29,no,yes,static-or-hub,BUILD
opposites worksheet for preschool,50,14,0.42,no,yes,static-or-hub,BUILD
opposites worksheets for preschoolers,50,13,0.42,no,yes,static-or-hub,BUILD
oval preschool worksheets,50,,0.0,no,no,static-or-hub,LATER-highKD
p worksheet preschool,50,10,0.0,no,yes,static-or-hub,BUILD
pdf kindergarten worksheets,50,21,1.1,no,yes,static-or-hub,BUILD
pdf preschool letter a worksheets,50,18,0.81,no,yes,gen-letter-tracing,BUILD
pdf worksheet,50,68,0.98,yes,yes,static-or-hub,LATER-highKD
penguin worksheets for preschool,50,3,0.0,no,yes,static-or-hub,BUILD
pets worksheet for preschool,50,9,0.0,no,yes,static-or-hub,BUILD
phonics worksheets for preschoolers,50,19,1.1,no,yes,static-or-hub,BUILD
pinterest preschool projects,50,27,0.0,no,no,static-or-hub,BUILD
pre k 3 worksheets free printable,50,42,0.96,no,yes,static-or-hub,LATER-highKD
pre k activity,50,31,1.18,yes,no,static-or-hub,BUILD
pre k and kindergarten worksheets,50,35,1.33,no,yes,static-or-hub,BUILD
pre k handwriting worksheets,50,22,0.69,no,yes,gen-name-tracing,BUILD
pre k kindergarten worksheets,50,46,0.98,no,yes,static-or-hub,LATER-highKD
pre k letter a worksheets,50,17,1.03,no,yes,gen-letter-tracing,BUILD
pre k printables free,50,31,0.73,no,yes,static-or-hub,BUILD
pre k work sheet,50,36,1.02,no,yes,static-or-hub,BUILD
pre k workbooks free,50,24,0.86,no,yes,static-or-hub,BUILD
pre k worksheet free,50,43,1.04,no,yes,static-or-hub,LATER-highKD
pre kg,50,34,2.66,yes,yes,static-or-hub,BUILD
pre kindergarten practice sheets,50,35,1.01,no,no,static-or-hub,BUILD
pre kindergarten websites,50,22,2.15,no,no,static-or-hub,BUILD
pre writing worksheets free,50,8,0.41,no,yes,static-or-hub,BUILD
pre writing worksheets pdf,50,8,0.0,no,yes,static-or-hub,BUILD
prek 3 worksheets,50,46,0.96,no,yes,static-or-hub,LATER-highKD
prek alphabet worksheets,50,42,0.83,no,yes,gen-letter-tracing,LATER-highKD
prek learning worksheets,50,45,1.24,no,yes,static-or-hub,LATER-highKD
prek worksheets printable free,50,46,1.07,yes,yes,static-or-hub,LATER-highKD
preschool activities printable worksheets,50,38,0.88,no,yes,static-or-hub,BUILD
preschool activity printables,50,33,0.96,no,yes,static-or-hub,BUILD
preschool activity worksheets printable,50,46,0.96,no,yes,static-or-hub,LATER-highKD
preschool apple worksheets,50,6,0.0,no,yes,static-or-hub,BUILD
preschool classroom objects worksheet,50,12,0.0,no,yes,static-or-hub,BUILD
preschool color by letter,50,8,0.0,no,yes,gen-letter-tracing,BUILD
preschool community helpers worksheets for kindergarten,50,6,0.0,no,yes,static-or-hub,BUILD
preschool curriculum free printables,50,38,0.89,no,yes,static-or-hub,BUILD
preschool e worksheet,50,15,1.19,no,yes,static-or-hub,BUILD
preschool farm worksheets,50,11,0.64,no,yes,static-or-hub,BUILD
preschool five senses worksheets,50,9,0.0,no,yes,static-or-hub,BUILD
preschool free preschool worksheets age 3-4,50,,0.0,yes,no,gen-number-tracing,LATER-highKD
preschool free printable shapes worksheets,50,14,0.0,no,yes,gen-prewriting-lines,BUILD
preschool homework ideas,50,26,0.47,yes,yes,static-or-hub,BUILD
preschool insect worksheets,50,,0.62,no,no,static-or-hub,LATER-highKD
preschool leaf worksheets,50,0,0.0,no,yes,static-or-hub,BUILD
preschool letter review worksheets,50,22,0.37,no,yes,gen-letter-tracing,BUILD
preschool letter worksheets free printables,50,21,0.0,no,no,gen-letter-tracing,BUILD
preschool material,50,42,0.76,yes,no,static-or-hub,LATER-highKD
preschool math worksheets pdf,50,26,0.85,no,yes,static-or-hub,BUILD
preschool maths worksheets,50,11,0.71,no,yes,static-or-hub,BUILD
preschool mom.com,50,15,0.0,no,no,static-or-hub,BUILD
preschool music worksheets,50,1,1.4,no,yes,static-or-hub,BUILD
preschool number 2 worksheet,50,16,0.77,no,yes,gen-number-tracing,BUILD
preschool number 6 worksheet,50,19,0.0,no,yes,gen-number-tracing,BUILD
preschool number worksheets 1-10,50,18,0.0,no,no,gen-number-tracing,BUILD
preschool ocean worksheet,50,15,0.0,no,yes,static-or-hub,BUILD
preschool ocean worksheets,50,14,0.0,no,yes,static-or-hub,BUILD
preschool opposites worksheets,50,14,0.42,no,yes,static-or-hub,BUILD
preschool pattern worksheets for kindergarten,50,12,0.0,no,yes,static-or-hub,BUILD
preschool pre writing printables,50,0,0.62,no,yes,static-or-hub,BUILD
preschool pre writing worksheets,50,4,0.0,no,yes,static-or-hub,BUILD
preschool print outs,50,35,1.11,no,yes,static-or-hub,BUILD
preschool printable crafts,50,15,0.82,no,yes,static-or-hub,BUILD
preschool reading worksheet,50,17,1.18,no,yes,static-or-hub,BUILD
preschool rectangle worksheet,50,,0.0,no,no,static-or-hub,LATER-highKD
preschool rectangle worksheets,50,11,0.0,no,yes,static-or-hub,BUILD
preschool scissor practice worksheets,50,14,0.0,no,yes,static-or-hub,BUILD
preschool scissor worksheets,50,10,0.0,no,yes,static-or-hub,BUILD
preschool sight words worksheet,50,11,1.03,no,yes,static-or-hub,BUILD
preschool snowman worksheets,50,6,0.0,no,yes,static-or-hub,BUILD
preschool spring worksheet,50,11,0.73,no,yes,static-or-hub,BUILD
preschool square worksheet,50,9,0.0,no,yes,static-or-hub,BUILD
preschool square worksheets,50,8,0.0,no,yes,static-or-hub,BUILD
preschool summer worksheet,50,12,1.12,no,yes,static-or-hub,BUILD
preschool teacher resources,50,24,1.11,yes,no,static-or-hub,BUILD
preschool templates,50,32,1.06,no,yes,static-or-hub,BUILD
preschool transportation worksheet,50,0,0.31,no,yes,static-or-hub,BUILD
preschool transportation worksheets,50,3,0.31,no,yes,static-or-hub,BUILD
preschool water worksheets,50,11,0.0,no,yes,static-or-hub,BUILD
preschool weather worksheets,50,17,0.5,no,yes,static-or-hub,BUILD
preschool workbooks free,50,28,0.95,no,yes,static-or-hub,BUILD
preschool worksheet activities,50,45,1.19,no,yes,static-or-hub,LATER-highKD
preschool worksheet letters,50,33,0.81,no,yes,gen-letter-tracing,BUILD
preschool worksheets 3 year old,50,44,0.0,no,yes,static-or-hub,LATER-highKD
preschool worksheets alphabet,50,25,1.02,no,yes,gen-letter-tracing,BUILD
preschool worksheets big and small,50,4,0.0,no,yes,static-or-hub,BUILD
preschool worksheets for 3 year olds,50,40,0.96,no,yes,static-or-hub,BUILD
preschool worksheets for 4 year olds,50,43,1.39,no,yes,static-or-hub,LATER-highKD
preschool worksheets for thanksgiving,50,9,0.0,yes,no,static-or-hub,BUILD
preschool worksheets letter d,50,15,0.83,no,yes,gen-letter-tracing,BUILD
preschool worksheets letter k,50,8,0.97,no,yes,gen-letter-tracing,BUILD
preschool worksheets letter t,50,16,0.94,no,yes,gen-letter-tracing,BUILD
preschool worksheets reading,50,25,1.18,no,yes,static-or-hub,BUILD
preschool worksheets seasons,50,14,0.0,no,yes,static-or-hub,BUILD
preschool writing activities worksheets,50,26,0.63,no,yes,static-or-hub,BUILD
preschool x worksheet,50,13,0.0,no,yes,static-or-hub,BUILD
preschool zoo animal worksheets,50,8,0.0,no,yes,static-or-hub,BUILD
preschooler preschool fall worksheets,50,3,0.0,no,yes,static-or-hub,BUILD
prewriting worksheets free,50,7,0.41,no,yes,gen-prewriting-lines,BUILD
printable activities for 8 year olds,50,30,1.63,no,yes,static-or-hub,BUILD
printable activity,50,33,1.68,no,yes,static-or-hub,BUILD
printable activity for preschool,50,40,0.84,no,yes,static-or-hub,BUILD
printable activity pages for kids,50,22,0.0,no,yes,static-or-hub,BUILD
printable color red worksheets for preschool,50,18,0.0,no,yes,static-or-hub,BUILD
printable free pre k worksheets,50,37,0.92,no,yes,static-or-hub,BUILD
printable fun worksheets,50,34,2.5,no,yes,static-or-hub,BUILD
printable kids activity sheets,50,21,0.0,no,yes,static-or-hub,BUILD
printable math worksheets for preschoolers,50,24,0.68,no,yes,static-or-hub,BUILD
printable preschool alphabet,50,41,1.25,no,yes,gen-letter-tracing,LATER-highKD
printable preschool worksheet,50,43,0.88,no,yes,static-or-hub,LATER-highKD
printable worksheet for preschool,50,47,0.96,no,yes,static-or-hub,LATER-highKD
printable zoo worksheets for preschool,50,2,0.0,no,yes,static-or-hub,BUILD
printables for 2 year olds,50,9,0.95,no,yes,static-or-hub,BUILD
printables for kindergarten,50,49,0.93,no,yes,static-or-hub,LATER-highKD
printables for pre k,50,40,1.02,no,yes,static-or-hub,BUILD
printables kindergarten,50,39,1.1,no,yes,static-or-hub,BUILD
printables worksheets,50,51,1.05,no,yes,static-or-hub,LATER-highKD
pumpkin worksheet preschool,50,0,0.0,no,yes,static-or-hub,BUILD
pumpkin worksheets preschool,50,8,0.0,no,yes,static-or-hub,BUILD
r worksheets for preschool,50,,0.0,no,no,static-or-hub,LATER-highKD
rainbow worksheets for preschool,50,3,0.0,no,yes,static-or-hub,BUILD
reading comprehension worksheets preschool,50,17,0.83,no,yes,static-or-hub,BUILD
rhyme worksheets for preschool,50,11,0.32,no,yes,static-or-hub,BUILD
rhyming words preschool worksheets,50,15,0.44,no,yes,static-or-hub,BUILD
science worksheet for preschool,50,15,0.75,no,yes,static-or-hub,BUILD
science worksheets for preschool,50,17,0.75,no,yes,static-or-hub,BUILD
science worksheets preschool,50,18,0.86,no,yes,static-or-hub,BUILD
scissor practice worksheets for preschoolers,50,14,0.0,no,yes,static-or-hub,BUILD
season worksheet for preschool,50,11,0.0,no,yes,static-or-hub,BUILD
seasons worksheet preschool,50,16,0.0,no,yes,static-or-hub,BUILD
seasons worksheets for preschoolers,50,8,0.0,no,yes,static-or-hub,BUILD
sequencing for preschoolers worksheets,50,17,0.0,no,yes,static-or-hub,BUILD
shape worksheet for preschool,50,21,0.82,no,yes,gen-prewriting-lines,BUILD
snow worksheet preschool,50,6,0.0,no,yes,static-or-hub,BUILD
snow worksheets for preschool,50,5,0.0,no,yes,static-or-hub,BUILD
snowman worksheets for preschool,50,13,0.0,no,yes,static-or-hub,BUILD
snowman worksheets for preschoolers,50,17,0.0,no,yes,static-or-hub,BUILD
space worksheet preschool,50,,0.47,no,yes,static-or-hub,LATER-highKD
spanish worksheets for preschoolers,50,12,1.31,no,yes,static-or-hub,BUILD
st patricks day preschool worksheet,50,6,0.0,no,yes,static-or-hub,BUILD
super simple printables,50,54,0.0,no,yes,static-or-hub,LATER-highKD
superkids worksheets,50,40,0.0,no,yes,static-or-hub,BUILD
the letter a preschool worksheets,50,13,0.0,no,yes,gen-letter-tracing,BUILD
the letter s worksheets for preschool,50,12,0.0,no,yes,gen-letter-tracing,BUILD
tk worksheets pdf free download,50,44,0.0,no,yes,static-or-hub,LATER-highKD
toddler alphabet worksheets,50,31,0.0,no,yes,gen-letter-tracing,BUILD
toddler learning sheets,50,31,0.0,no,yes,static-or-hub,BUILD
totschooling net free printables,50,28,0.0,no,yes,static-or-hub,BUILD
tpt printables,50,39,0.02,no,no,static-or-hub,BUILD
trapezoid worksheet preschool,50,8,0.0,no,yes,static-or-hub,BUILD
trapezoid worksheets for preschool,50,10,0.0,no,yes,static-or-hub,BUILD
turkey worksheet preschool,50,9,0.0,no,yes,static-or-hub,BUILD
v preschool worksheets,50,4,0.0,no,yes,static-or-hub,BUILD
valentine's day worksheet for preschool,50,12,0.0,no,yes,static-or-hub,BUILD
vowels worksheet for preschool,50,11,1.18,no,yes,static-or-hub,BUILD
w worksheet for preschool,50,12,0.92,no,yes,static-or-hub,BUILD
work sheets for kids,50,63,0.0,no,yes,static-or-hub,LATER-highKD
work sheets for preschool,50,46,0.92,no,yes,static-or-hub,LATER-highKD
worksheet big and small preschool,50,10,0.0,no,yes,static-or-hub,BUILD
worksheet for 4 year old pdf free download,50,46,0.0,yes,no,static-or-hub,LATER-highKD
worksheet for kindergarten free,50,49,1.0,no,yes,static-or-hub,LATER-highKD
worksheet for pre nursery,50,46,0.92,no,yes,static-or-hub,LATER-highKD
worksheets fo,50,60,0.0,no,yes,static-or-hub,LATER-highKD
worksheets for 2 3 year olds,50,18,1.48,no,yes,static-or-hub,BUILD
worksheets for 9 year olds,50,34,1.13,no,yes,static-or-hub,BUILD
worksheets for kindergarten pdf free download,50,40,1.02,no,yes,static-or-hub,BUILD
worksheets for kindergarten to print,50,43,0.94,no,yes,static-or-hub,LATER-highKD
worksheets for prek and kindergarten,50,35,0.98,yes,no,static-or-hub,BUILD
worksheets for tk,50,44,0.6,no,yes,static-or-hub,LATER-highKD
worksheets on opposites for preschool,50,12,0.29,no,no,static-or-hub,BUILD
workshet,50,71,1.0,yes,yes,static-or-hub,LATER-highKD
x worksheet preschool,50,7,0.0,no,yes,static-or-hub,BUILD
x worksheets for preschool,50,5,0.0,no,yes,static-or-hub,BUILD
yellow worksheet for preschool,50,17,0.0,no,yes,static-or-hub,BUILD
zoo animals worksheet for preschool,50,14,0.0,no,yes,static-or-hub,BUILD
zoo animals worksheets for preschool,50,9,0.0,no,yes,static-or-hub,BUILD
3 letter words kindergarten worksheets,50,14,1.0,no,yes,gen-letter-tracing,BUILD
a letter pictures for preschoolers,50,14,0.0,no,yes,gen-letter-tracing,BUILD
abc activity,50,16,0.37,yes,yes,gen-letter-tracing,BUILD
abc cut and paste worksheet,50,11,0.67,no,yes,gen-letter-tracing,BUILD
abc worksheets for first graders,50,9,0.58,no,yes,gen-letter-tracing,BUILD
abcdef worksheet,50,14,0.0,no,yes,static-or-hub,BUILD
activity for alphabet letters for kindergarten,50,12,0.48,no,yes,gen-letter-tracing,BUILD
alaphabet worksheet,50,21,0.85,no,yes,static-or-hub,BUILD
alphabet activities kindergarten,50,4,0.74,yes,yes,gen-letter-tracing,BUILD
alphabet by letters,50,56,0.44,yes,yes,gen-letter-tracing,LATER-highKD
alphabet chart for kindergarten,50,16,0.0,no,yes,gen-letter-tracing,BUILD
alphabet color worksheets,50,8,0.88,no,yes,gen-letter-tracing,BUILD
alphabet cursive worksheet,50,,0.8,no,yes,gen-cursive-practice,LATER-highKD
alphabet for kindergarten worksheets,50,25,1.03,no,yes,gen-letter-tracing,BUILD
alphabet learning activity,50,10,0.88,yes,yes,gen-letter-tracing,BUILD
alphabet letter printable,50,29,0.81,no,yes,gen-letter-tracing,BUILD
alphabet letter printables free,50,34,0.0,no,yes,gen-letter-tracing,BUILD
alphabet letters activities for kindergarten,50,16,0.48,yes,yes,gen-letter-tracing,BUILD
alphabet letters for kids,50,25,0.0,no,yes,gen-letter-tracing,BUILD
alphabet letters for writing practice,50,23,0.75,no,yes,gen-letter-tracing,BUILD
alphabet letters in writing,50,36,0.0,yes,yes,gen-letter-tracing,BUILD
alphabet letters worksheets for kindergarten,50,35,0.88,no,yes,gen-letter-tracing,BUILD
alphabet letters worksheets printable,50,30,0.87,no,yes,gen-letter-tracing,BUILD
alphabet letters writing practice,50,26,0.86,no,yes,gen-letter-tracing,BUILD
alphabet match worksheet,50,19,0.73,no,yes,gen-letter-tracing,BUILD
alphabet order worksheets,50,9,0.0,no,yes,gen-letter-tracing,BUILD
alphabet pages printable,50,32,0.91,no,yes,gen-letter-tracing,BUILD
alphabet picture letters printable,50,29,0.57,no,no,gen-letter-tracing,BUILD
alphabet pictures printables,50,13,0.57,no,no,gen-letter-tracing,BUILD
alphabet printables letters,50,,0.99,no,yes,gen-letter-tracing,LATER-highKD
alphabet printing sheets,50,28,0.0,no,yes,gen-letter-tracing,BUILD
alphabet review worksheet,50,12,0.33,no,yes,gen-letter-tracing,BUILD
alphabet with letter,50,49,0.0,yes,no,gen-letter-tracing,LATER-highKD
alphabet worksheets for pre-k,50,38,0.92,no,no,gen-letter-tracing,BUILD
alphabet worksheets printable,50,33,0.86,no,yes,gen-letter-tracing,BUILD
alphabet writing english,50,41,0.0,yes,no,gen-letter-tracing,LATER-highKD
alphabet writing letters,50,33,0.0,no,yes,gen-letter-tracing,BUILD
alphabet writing worksheets for kindergarten,50,22,0.76,no,yes,gen-letter-tracing,BUILD
alphabets practice sheets print,50,30,1.21,no,no,static-or-hub,BUILD
alphabets sheets,50,28,0.85,no,yes,static-or-hub,BUILD
aphabet worksheet,50,42,0.85,no,yes,static-or-hub,LATER-highKD
arabic alphabet coloring worksheets,50,15,0.0,no,yes,gen-letter-tracing,BUILD
arabic alphabet letters worksheet,50,1,0.78,no,yes,gen-letter-tracing,BUILD
beginning sounds a-z worksheets,50,16,0.0,no,no,gen-letter-tracing,BUILD
bonus letter worksheets,50,14,0.0,no,yes,gen-letter-tracing,BUILD
bonus letters worksheets,50,14,0.13,no,yes,gen-letter-tracing,BUILD
calligraphy cursive alphabet worksheets,50,37,0.0,no,yes,gen-cursive-practice,BUILD
cursive alphabet worksheet printable,50,,0.64,no,yes,gen-cursive-practice,LATER-highKD
cute printable alphabet letters,50,28,0.0,no,yes,gen-letter-tracing,BUILD
cute printable letters,50,33,0.0,no,yes,gen-letter-tracing,BUILD
find letter a worksheets,50,21,0.81,no,yes,gen-letter-tracing,BUILD
finding letters worksheet,50,21,0.81,no,yes,gen-letter-tracing,BUILD
forming letters worksheet,50,13,0.32,no,yes,gen-letter-tracing,BUILD
free abc sheets,50,25,0.64,no,no,gen-letter-tracing,BUILD
free alphabet letters to print,50,29,0.88,no,yes,gen-letter-tracing,BUILD
free alphabet to print,50,31,0.9,no,yes,gen-letter-tracing,BUILD
free alphabet writing worksheets,50,33,0.58,no,yes,gen-letter-tracing,BUILD
free alphabetical order worksheets,50,8,0.09,no,yes,static-or-hub,BUILD
free letter i worksheets,50,13,0.54,no,yes,gen-letter-tracing,BUILD
free letter practice sheets,50,29,0.62,no,yes,gen-letter-tracing,BUILD
free letter practice worksheets,50,34,0.62,no,yes,gen-letter-tracing,BUILD
free letter s worksheets,50,15,0.0,no,yes,gen-letter-tracing,BUILD
free letter writing worksheets,50,26,0.58,no,yes,gen-letter-tracing,BUILD
free letters to print,50,20,0.0,yes,yes,gen-letter-tracing,BUILD
free printable abc writing worksheets,50,19,0.0,no,yes,gen-letter-tracing,BUILD
free printable beginning sound worksheets,50,10,0.3,no,yes,static-or-hub,BUILD
free printable colored alphabet letters,50,23,0.0,no,yes,gen-letter-tracing,BUILD
free printable colorful alphabet letters,50,23,0.0,no,yes,gen-letter-tracing,BUILD
free printable coloured alphabet letters,50,20,0.0,no,yes,gen-letter-tracing,BUILD
free printable letter s worksheets,50,14,0.0,no,yes,gen-letter-tracing,BUILD
free printable printable single alphabet letters,50,25,0.0,no,yes,gen-letter-tracing,BUILD
free printout of alphabet letters,50,31,0.0,no,yes,gen-letter-tracing,BUILD
free worksheets for writing letters,50,22,0.58,yes,no,gen-letter-tracing,BUILD
give me letters,50,44,0.0,no,yes,gen-letter-tracing,LATER-highKD
handwriting alphabet worksheets,50,1,0.73,no,yes,gen-letter-tracing,BUILD
how to write a alphabet,50,29,0.56,yes,no,gen-letter-tracing,BUILD
how to write a alphabet letter,50,34,0.0,yes,yes,gen-letter-tracing,BUILD
how to write alphabet letters,50,38,0.0,yes,yes,gen-letter-tracing,BUILD
how to write the alphabet letters,50,38,0.0,no,yes,gen-letter-tracing,BUILD
kindergarten worksheets letter,50,24,0.0,no,yes,gen-letter-tracing,BUILD
kindergarten writing letters practice,50,23,1.59,no,yes,gen-letter-tracing,BUILD
learn to write the alphabet,50,31,0.93,yes,yes,gen-letter-tracing,BUILD
learning alphabet worksheets,50,29,1.14,no,yes,gen-letter-tracing,BUILD
learning how to write alphabet,50,20,1.1,yes,yes,gen-letter-tracing,BUILD
learning write letters alphabet worksheets,50,19,0.86,no,no,gen-letter-tracing,BUILD
letter a exercises,50,17,0.0,no,yes,gen-letter-tracing,BUILD
letter a phonics worksheets,50,19,0.0,no,yes,gen-letter-tracing,BUILD
letter a pictures for preschool,50,16,0.0,no,yes,gen-letter-tracing,BUILD
letter a pre k,50,21,1.5,no,yes,gen-letter-tracing,BUILD
letter a printables,50,24,0.0,no,yes,gen-letter-tracing,BUILD
letter a worksheets for toddlers,50,15,0.0,no,yes,gen-letter-tracing,BUILD
letter a worksheets kindergarten,50,23,0.88,no,yes,gen-letter-tracing,BUILD
letter a worksheets pre k,50,,1.03,no,yes,gen-letter-tracing,LATER-highKD
letter a writing,50,17,0.0,no,yes,gen-letter-tracing,BUILD
letter a writing worksheets,50,16,0.66,no,yes,gen-letter-tracing,BUILD
letter exercise,50,37,0.0,no,yes,gen-letter-tracing,BUILD
letter i i worksheets,50,13,0.0,no,no,gen-letter-tracing,BUILD
letter identification letter recognition worksheets,50,24,0.0,no,yes,gen-letter-tracing,BUILD
letter matching printable,50,17,0.0,no,yes,gen-letter-tracing,BUILD
letter matching worksheet,50,15,0.5,no,yes,gen-letter-tracing,BUILD
letter pictures for preschool,50,23,0.0,no,yes,gen-letter-tracing,BUILD
letter practice for preschool,50,18,0.9,no,yes,gen-letter-tracing,BUILD
letter practice worksheet,50,17,0.89,no,yes,gen-letter-tracing,BUILD
letter recognition free printable worksheets,50,17,0.64,no,yes,gen-letter-tracing,BUILD
letter recognition games printable,50,7,0.66,no,yes,gen-letter-tracing,BUILD
letter s kindergarten worksheets,50,13,0.88,no,yes,gen-letter-tracing,BUILD
letter sounds worksheets for kindergarten,50,10,0.75,no,yes,gen-letter-tracing,BUILD
letter writing alphabet,50,34,0.0,no,yes,gen-letter-tracing,BUILD
letter writing printable,50,13,0.0,no,yes,gen-letter-tracing,BUILD
lettering worksheets printable,50,9,0.82,no,yes,static-or-hub,BUILD
letters for pre k,50,14,1.1,no,yes,gen-letter-tracing,BUILD
letters kindergarten worksheets,50,37,1.03,no,yes,gen-letter-tracing,BUILD
letters worksheets for kindergarten,50,27,0.88,no,yes,gen-letter-tracing,BUILD
letters writing practice,50,21,0.56,no,yes,gen-letter-tracing,BUILD
lowercase a worksheets,50,13,0.46,no,yes,static-or-hub,BUILD
match the letter with picture worksheet,50,14,1.02,no,yes,gen-letter-tracing,BUILD
matching letter worksheet,50,16,0.45,no,yes,gen-letter-tracing,BUILD
missing letter alphabet worksheet,50,10,0.36,no,yes,gen-letter-tracing,BUILD
missing letters of the alphabet worksheet,50,9,0.0,no,yes,gen-letter-tracing,BUILD
phonics sound sheet,50,19,0.77,no,yes,static-or-hub,BUILD
practice abc,50,50,1.87,no,yes,gen-letter-tracing,LATER-highKD
practice letter a worksheets,50,20,0.79,no,yes,gen-letter-tracing,BUILD
practice writing letters worksheets,50,24,0.72,no,yes,gen-letter-tracing,BUILD
practicing the alphabet,50,18,1.01,yes,yes,gen-letter-tracing,BUILD
prek letter a worksheets,50,17,1.03,no,yes,gen-letter-tracing,BUILD
preschool letter,50,25,1.36,yes,yes,gen-letter-tracing,BUILD
preschool printable letter a activities,50,27,0.83,no,yes,gen-letter-tracing,BUILD
print letters a to z free,50,28,0.71,yes,yes,gen-letter-tracing,BUILD
printable a worksheets,50,21,1.05,no,yes,static-or-hub,BUILD
printable abc games,50,7,0.0,no,yes,gen-letter-tracing,BUILD
printable abcs,50,28,1.1,no,yes,gen-letter-tracing,BUILD
printable alphabet letters and numbers,50,17,0.0,yes,yes,gen-letter-tracing,BUILD
printable alphabet letters images,50,32,0.57,no,yes,gen-letter-tracing,BUILD
printable alphabet page,50,,0.86,no,yes,gen-letter-tracing,LATER-highKD
printable alphabets worksheets,50,25,0.86,no,yes,static-or-hub,BUILD
printable free alphabet letters,50,30,0.79,no,yes,gen-letter-tracing,BUILD
printable letter practice worksheets,50,25,0.0,no,yes,gen-letter-tracing,BUILD
printable letter recognition activities,50,24,1.16,no,yes,gen-letter-tracing,BUILD
printable practice letter sheets,50,30,0.0,no,no,gen-letter-tracing,BUILD
printing alphabet practice worksheets,50,35,1.21,no,yes,gen-letter-tracing,BUILD
printing the alphabet practice pages,50,22,1.21,no,yes,gen-letter-tracing,BUILD
printout of alphabet letters,50,24,2.26,yes,no,gen-letter-tracing,BUILD
sign language alphabet worksheet,50,15,0.0,no,yes,gen-letter-tracing,BUILD
trace arabic alphabet worksheets,50,17,0.0,no,yes,gen-letter-tracing,BUILD
worksheet letter a,50,19,0.81,no,yes,gen-letter-tracing,BUILD
writing a b c,50,42,0.94,yes,yes,static-or-hub,LATER-highKD
writing alphabet practice,50,25,0.66,no,yes,gen-letter-tracing,BUILD
writing letter worksheets,50,19,0.66,no,yes,gen-letter-tracing,BUILD
4 cursive,50,5,0.0,no,yes,gen-cursive-practice,BUILD
5th grade handwriting practice,50,11,0.0,no,yes,gen-name-tracing,BUILD
all about me in cursive,50,13,0.0,no,yes,gen-cursive-practice,BUILD
alphabet in cursive printable,50,26,0.58,no,yes,gen-cursive-practice,BUILD
b cursive worksheet,50,18,0.0,no,yes,gen-cursive-practice,BUILD
beautiful handwriting a to z worksheets,50,17,0.0,yes,yes,gen-name-tracing,BUILD
beginner cursive handwriting worksheets,50,33,0.48,no,yes,gen-cursive-practice,BUILD
beginners cursive writing worksheets,50,19,0.48,no,yes,gen-cursive-practice,BUILD
beginning cursive writing worksheets,50,26,0.48,no,yes,gen-cursive-practice,BUILD
ccursive,50,,0.01,yes,yes,static-or-hub,LATER-highKD
create a cursive worksheet,50,15,1.28,no,yes,gen-cursive-practice,BUILD
cruising writing,50,51,0.0,no,yes,static-or-hub,LATER-highKD
curse handwriting,50,55,0.52,yes,yes,gen-name-tracing,LATER-highKD
curse writing,50,40,0.0,no,yes,static-or-hub,BUILD
cursice writing,50,58,0.0,no,yes,static-or-hub,LATER-highKD
cursive activity sheets,50,19,0.36,no,yes,gen-cursive-practice,BUILD
cursive alphabet for beginners,50,47,0.0,no,yes,gen-cursive-practice,LATER-highKD
cursive alphabet printable pdf,50,20,0.0,no,yes,gen-cursive-practice,BUILD
cursive b worksheet,50,14,0.0,no,yes,gen-cursive-practice,BUILD
cursive com,50,46,0.0,no,yes,gen-cursive-practice,LATER-highKD
cursive copywork,50,6,0.79,no,yes,gen-cursive-practice,BUILD
cursive easy,50,22,0.0,no,yes,gen-cursive-practice,BUILD
cursive for adults,50,17,0.35,yes,yes,gen-cursive-practice,BUILD
cursive for kids,50,23,0.0,no,yes,gen-cursive-practice,BUILD
cursive free printables,50,27,0.62,no,yes,gen-cursive-practice,BUILD
cursive handwriting name generator free,50,9,0.0,no,yes,gen-cursive-practice,BUILD
cursive handwriting pdf,50,3,0.7,yes,yes,gen-cursive-practice,BUILD
cursive handwriting practice booklet,50,10,0.35,no,yes,gen-cursive-practice,BUILD
cursive handwriting practice free,50,25,0.32,yes,yes,gen-cursive-practice,BUILD
cursive handwriting practice printable,50,25,0.36,no,yes,gen-cursive-practice,BUILD
cursive handwriting practice sheets for beginners,50,22,0.48,no,yes,gen-cursive-practice,BUILD
cursive in letters,50,50,0.0,no,yes,gen-cursive-practice,LATER-highKD
cursive lesson,50,11,0.52,no,yes,gen-cursive-practice,BUILD
cursive letter g worksheet,50,17,0.0,no,yes,gen-cursive-practice,BUILD
cursive letter printable,50,27,0.83,no,yes,gen-cursive-practice,BUILD
cursive lettering printable,50,15,0.83,no,no,gen-cursive-practice,BUILD
cursive letters for practice,50,13,0.51,no,yes,gen-cursive-practice,BUILD
cursive letters guide,50,21,0.0,no,yes,gen-cursive-practice,BUILD
cursive letters sheet,50,32,0.0,no,yes,gen-cursive-practice,BUILD
cursive letters tracing,50,20,0.65,no,yes,gen-cursive-practice,BUILD
cursive n worksheet,50,17,0.0,no,yes,gen-cursive-practice,BUILD
cursive numbers worksheets,50,10,0.0,no,yes,gen-cursive-practice,BUILD
cursive packets,50,16,0.16,no,yes,gen-cursive-practice,BUILD
cursive passage,50,16,0.0,no,yes,gen-cursive-practice,BUILD
cursive passages,50,21,0.0,no,yes,gen-cursive-practice,BUILD
cursive penmanship practice sheets,50,,0.36,no,yes,gen-cursive-practice,LATER-highKD
cursive practice letters,50,12,0.99,no,yes,gen-cursive-practice,BUILD
cursive pratice,50,24,0.38,no,yes,gen-cursive-practice,BUILD
cursive printable pages,50,24,0.71,no,yes,gen-cursive-practice,BUILD
cursive printables free,50,25,0.62,no,yes,gen-cursive-practice,BUILD
cursive samples,50,26,0.0,no,yes,gen-cursive-practice,BUILD
cursive sentence worksheets,50,24,0.0,no,yes,gen-cursive-practice,BUILD
cursive sentences for handwriting practice,50,,0.0,no,yes,gen-cursive-practice,LATER-highKD
cursive template generator,50,19,0.0,no,yes,gen-cursive-practice,BUILD
cursive title,50,55,0.0,no,yes,gen-cursive-practice,LATER-highKD
cursive trace font,50,17,0.0,no,yes,gen-cursive-practice,BUILD
cursive wiriting,50,53,0.0,no,yes,gen-cursive-practice,LATER-highKD
cursive worksheet creator,50,19,0.0,no,yes,gen-cursive-practice,BUILD
cursive writing a-z worksheets,50,15,0.65,no,no,gen-cursive-practice,BUILD
cursive writing clipart,50,22,0.0,no,yes,gen-cursive-practice,BUILD
cursive writing game,50,10,0.0,no,yes,gen-cursive-practice,BUILD
cursive writing practice book pdf,50,10,0.7,no,yes,gen-cursive-practice,BUILD
cursive writing practice sentences,50,16,0.0,no,yes,gen-cursive-practice,BUILD
cursive writing practice sheet,50,16,0.36,no,yes,gen-cursive-practice,BUILD
cursive writing print,50,20,0.57,no,yes,gen-cursive-practice,BUILD
cursive writing teaching,50,24,0.46,yes,yes,gen-cursive-practice,BUILD
cursive writing worksheets sentences,50,12,0.28,no,yes,gen-cursive-practice,BUILD
cursive wrting,50,59,0.05,yes,yes,gen-cursive-practice,LATER-highKD
cursive x worksheet,50,17,0.0,no,yes,gen-cursive-practice,BUILD
curvise writing,50,49,0.0,yes,yes,static-or-hub,LATER-highKD
customizable cursive practice sheets,50,15,0.0,no,no,gen-cursive-practice,BUILD
drawing in cursive,50,23,0.0,no,yes,gen-cursive-practice,BUILD
easy cursive words,50,35,0.0,no,yes,gen-cursive-practice,BUILD
easy words in cursive,50,33,0.0,no,yes,gen-cursive-practice,BUILD
editable cursive handwriting practice,50,19,0.0,no,yes,gen-cursive-practice,BUILD
english cursive worksheet,50,21,0.0,no,yes,gen-cursive-practice,BUILD
example in cursive,50,49,0.0,no,yes,gen-cursive-practice,LATER-highKD
examples of cursive,50,35,0.0,no,yes,gen-cursive-practice,BUILD
fountain pen practice sheets,50,12,0.0,yes,yes,static-or-hub,BUILD
free cursive handwriting generator,50,29,0.0,no,no,gen-cursive-practice,BUILD
free cursive practice,50,30,0.16,yes,yes,gen-cursive-practice,BUILD
free cursive printable worksheets,50,25,0.57,no,yes,gen-cursive-practice,BUILD
free cursive writing practice,50,26,0.32,no,yes,gen-cursive-practice,BUILD
fun in cursive writing,50,25,0.0,yes,yes,gen-cursive-practice,BUILD
generate cursive worksheets,50,31,1.28,no,no,gen-cursive-practice,BUILD
generator cursive,50,45,0.0,no,no,gen-cursive-practice,LATER-highKD
handwriting cursive pdf,50,3,0.7,no,yes,gen-cursive-practice,BUILD
handwriting practice worksheets cursive,50,,0.36,no,no,gen-cursive-practice,LATER-highKD
handwritting practice,50,27,0.47,yes,no,static-or-hub,BUILD
how to write cursive in,50,44,0.0,yes,yes,SKIP-explainer,SKIP-AIO-explainer
how to write this in cursive,50,52,0.0,no,yes,SKIP-explainer,SKIP-AIO-explainer
how to write word in cursive,50,55,0.0,no,yes,SKIP-explainer,SKIP-AIO-explainer
how to write your in cursive,50,26,0.0,yes,no,SKIP-explainer,SKIP-AIO-explainer
indian cursive,50,40,0.0,no,yes,gen-cursive-practice,BUILD
jetpens writing guide,50,34,0.0,no,yes,static-or-hub,BUILD
k5 cursive writing,50,17,0.0,no,yes,gen-cursive-practice,BUILD
learn cursive workbook,50,5,0.43,no,yes,SKIP-explainer,SKIP-AIO-explainer
learn cursive writing worksheets,50,23,0.56,no,yes,SKIP-explainer,SKIP-AIO-explainer
learn how to cursive write,50,26,0.52,yes,yes,SKIP-explainer,SKIP-AIO-explainer
learn to cursive write,50,20,0.52,yes,yes,SKIP-explainer,SKIP-AIO-explainer
learn to write script handwriting,50,34,1.59,yes,no,gen-name-tracing,BUILD
learning cursive workbook,50,3,0.37,no,yes,gen-cursive-practice,BUILD
letter written in cursive,50,63,0.27,no,yes,gen-cursive-practice,LATER-highKD
made in cursive,50,52,0.0,no,yes,gen-cursive-practice,LATER-highKD
my name cursive,50,46,0.09,no,no,gen-cursive-practice,LATER-highKD
mycursive,50,37,0.01,no,yes,static-or-hub,BUILD
name in cursive writing,50,26,0.09,no,yes,gen-cursive-name,BUILD
online cursive writer,50,48,0.85,no,no,gen-cursive-practice,LATER-highKD
online cursive writing,50,51,0.45,no,no,gen-cursive-practice,LATER-highKD
page in cursive,50,56,0.0,no,yes,gen-cursive-practice,LATER-highKD
paper for cursive writing,50,14,0.23,no,yes,gen-cursive-practice,BUILD
pdf cursive handwriting,50,4,0.7,no,no,gen-cursive-practice,BUILD
play in cursive,50,39,0.0,no,yes,gen-cursive-practice,BUILD
practice cursive writing pdf,50,12,0.0,no,yes,gen-cursive-practice,BUILD
practice cursive writing worksheets,50,29,0.62,no,yes,gen-cursive-practice,BUILD
printable cursive writing practice sheets pdf,50,9,0.0,no,yes,gen-cursive-practice,BUILD
responsibility in cursive,50,,0.0,no,yes,gen-cursive-practice,LATER-highKD
script handwriting generator,50,54,0.0,yes,no,gen-name-tracing,LATER-highKD
step by step cursive writing,50,17,0.0,yes,yes,gen-cursive-practice,BUILD
student in cursive,50,42,0.0,yes,yes,gen-cursive-practice,LATER-highKD
study in cursive,50,46,0.0,no,yes,gen-cursive-practice,LATER-highKD
teach cursive handwriting,50,26,0.46,yes,yes,SKIP-explainer,SKIP-AIO-explainer
the cursive handwriting,50,34,0.0,yes,yes,gen-cursive-practice,BUILD
trace cursive,50,26,0.0,no,yes,gen-cursive-practice,BUILD
tracing cursive,50,25,0.28,no,yes,gen-cursive-practice,BUILD
tracing cursive font,50,22,0.0,no,yes,gen-cursive-practice,BUILD
typing cursive,50,55,0.09,no,no,gen-cursive-practice,LATER-highKD
why is my handwriting a mix of cursive and print,50,20,0.0,yes,no,SKIP-explainer,SKIP-AIO-explainer
write letters in cursive,50,63,0.27,no,yes,gen-cursive-practice,LATER-highKD
write words in cursive,50,35,0.09,no,yes,gen-cursive-practice,BUILD
writing cursive online,50,30,0.62,no,yes,gen-cursive-practice,BUILD
your name in cursive,50,22,0.0,no,yes,gen-cursive-practice,BUILD
zaner bloser cursive font download free,50,8,0.0,yes,no,gen-cursive-practice,BUILD
zaner bloser cursive font free download,50,10,0.0,yes,no,gen-cursive-practice,BUILD
zaner bloser handwriting font free download,50,10,0.0,no,no,gen-name-tracing,BUILD
zaner-bloser handwriting pdf,50,11,2.45,no,no,gen-name-tracing,BUILD
zaner-bloser handwriting pdf free download,50,6,0.0,no,no,gen-name-tracing,BUILD
30 dots,50,7,0.0,no,yes,static-or-hub,BUILD
abc dot to dot printables,50,7,0.0,yes,yes,gen-dot-to-dot,BUILD
adult dot to dot printables,50,10,0.0,no,yes,gen-dot-to-dot,BUILD
alphabet connect the dots printable,50,12,0.0,no,yes,gen-dot-to-dot,BUILD
alphabet dot to dot printables,50,6,0.0,no,yes,gen-dot-to-dot,BUILD
animals dot to dot,50,12,0.0,no,yes,gen-dot-to-dot,BUILD
animals with dots,50,19,0.0,yes,yes,static-or-hub,BUILD
coloring pages dots,50,3,0.29,no,yes,static-or-hub,BUILD
conect dots,50,35,0.58,no,yes,static-or-hub,BUILD
conect the dot,50,39,0.67,yes,yes,static-or-hub,BUILD
connect dots kindergarten,50,6,0.86,no,yes,static-or-hub,BUILD
connect the dot picture,50,23,0.0,no,yes,static-or-hub,BUILD
connect the dots 1-20,50,10,0.0,no,no,gen-dot-to-dot,BUILD
connect the dots medium,50,9,0.0,no,yes,gen-dot-to-dot,BUILD
connect the dots picture,50,24,0.0,no,yes,gen-dot-to-dot,BUILD
connect the dots worksheets kindergarten,50,3,0.0,no,yes,gen-dot-to-dot,BUILD
connect the number,50,6,0.0,yes,yes,static-or-hub,BUILD
connect the numbers puzzle,50,7,0.0,no,yes,static-or-hub,BUILD
connect the numbers test,50,14,0.0,yes,no,static-or-hub,BUILD
connecting dot,50,47,0.58,yes,yes,static-or-hub,LATER-highKD
connecting dots worksheets for kindergarten,50,8,1.72,no,yes,static-or-hub,BUILD
connecting the dots worksheet,50,15,0.0,no,yes,static-or-hub,BUILD
difficult dot to dot printable,50,9,0.0,no,yes,gen-dot-to-dot,BUILD
do a dot coloring pages,50,2,0.0,no,yes,static-or-hub,BUILD
do a dot free printables,50,9,0.3,no,yes,static-or-hub,BUILD
dog connect the dots,50,11,0.0,no,yes,gen-dot-to-dot,BUILD
dog dot to dot,50,6,0.0,no,yes,gen-dot-to-dot,BUILD
dot connecting worksheets,50,16,1.01,no,yes,static-or-hub,BUILD
dot dot number printables,50,2,0.0,yes,yes,static-or-hub,BUILD
dot dot worksheets,50,5,1.14,no,yes,static-or-hub,BUILD
dot marker number printables free,50,6,0.0,no,yes,static-or-hub,BUILD
dot page,50,3,0.0,no,yes,static-or-hub,BUILD
dot paint printables free,50,0,0.0,no,yes,static-or-hub,BUILD
dot painting worksheet,50,3,0.0,no,yes,static-or-hub,BUILD
dot painting worksheets,50,4,0.0,no,yes,static-or-hub,BUILD
dot to dot 1 20 worksheets,50,6,0.0,no,yes,gen-dot-to-dot,BUILD
dot to dot abc printables,50,10,0.0,no,yes,gen-dot-to-dot,BUILD
dot to dot christmas printables,50,4,0.0,no,yes,gen-dot-to-dot,BUILD
dot to dot coloring pages for adults,50,14,0.0,no,yes,gen-dot-to-dot,BUILD
dot to dot for adults printable,50,10,0.0,no,yes,gen-dot-to-dot,BUILD
dot to dot marker printables,50,0,0.53,no,yes,gen-dot-to-dot,BUILD
dot to dot printables 1 100 pdf,50,11,0.0,no,yes,gen-dot-to-dot,BUILD
dot to dot printables for kids,50,10,0.0,no,yes,gen-dot-to-dot,BUILD
dot to dot sheet,50,1,0.88,no,yes,gen-dot-to-dot,BUILD
dot to dot worksheets 1-100,50,12,1.16,no,no,gen-dot-to-dot,BUILD
dot to dots 1 20,50,1,0.0,no,yes,gen-dot-to-dot,BUILD
dot-to-dot printables,50,21,1.08,no,no,gen-dot-to-dot,BUILD
dots animal,50,18,0.0,yes,yes,static-or-hub,BUILD
dots printable,50,5,5.94,no,yes,static-or-hub,BUILD
dotting coloring pages,50,7,0.43,no,yes,static-or-hub,BUILD
extreme color by number,50,19,0.68,no,yes,static-or-hub,BUILD
extreme dot to dot free printables pdf,50,5,0.0,no,yes,gen-dot-to-dot,BUILD
fall connect the dots free printable,50,5,0.0,no,yes,gen-dot-to-dot,BUILD
free dot dot printables,50,11,1.15,no,yes,static-or-hub,BUILD
free dot to dot coloring pages,50,12,0.0,no,yes,gen-dot-to-dot,BUILD
free dot to dot printable,50,10,1.53,yes,yes,gen-dot-to-dot,BUILD
free dot to dot printables for adults,50,8,0.0,no,yes,gen-dot-to-dot,BUILD
free online connect the dots for adults,50,20,0.63,no,no,gen-dot-to-dot,BUILD
free printable dot game,50,12,0.0,no,yes,static-or-hub,BUILD
free printable dot paint worksheets,50,6,0.0,no,yes,static-or-hub,BUILD
free printable dot to dot for adults pdf,50,10,0.0,yes,no,gen-dot-to-dot,BUILD
free printable extreme dot to dot pdf animals,50,3,0.0,no,yes,gen-dot-to-dot,BUILD
halloween connect the dots free printable,50,0,0.0,no,yes,gen-dot-to-dot,BUILD
halloween dot to dot printables free,50,3,0.0,no,yes,gen-dot-to-dot,BUILD
hard dot to dot printable,50,,0.0,no,no,gen-dot-to-dot,LATER-highKD
joining dots pictures,50,14,0.0,no,yes,static-or-hub,BUILD
joining the dots,50,35,0.0,yes,no,static-or-hub,BUILD
just a dot not a lot free printable,50,12,0.0,no,yes,static-or-hub,BUILD
letter s dot to dot,50,11,0.0,no,yes,gen-dot-to-dot,BUILD
massive dot to dot,50,4,0.0,no,yes,gen-dot-to-dot,BUILD
mindware mystery mosaics,50,,0.11,no,yes,static-or-hub,LATER-highKD
mystery mosaic coloring pages,50,20,0.28,no,yes,static-or-hub,BUILD
printable connect the dot,50,13,1.04,no,yes,static-or-hub,BUILD
printable dot to dot snowman hard,50,1,0.0,no,yes,gen-dot-to-dot,BUILD
printable number dots,50,11,0.0,no,yes,static-or-hub,BUILD
printable numbers with dots,50,9,0.0,no,yes,static-or-hub,BUILD
shapes with dots,50,13,0.0,yes,yes,gen-prewriting-lines,BUILD
